id,date,season,postseason,home_team,visitor_team,home_score,visitor_score
127502,2020-12-22,2020,False,Brooklyn Nets,Golden State Warriors,125,99
127503,2020-12-22,2020,False,Los Angeles Lakers,LA Clippers,109,116
127504,2020-12-23,2020,False,Cleveland Cavaliers,Charlotte Hornets,121,114
127505,2020-12-23,2020,False,Indiana Pacers,New York Knicks,121,107
127506,2020-12-23,2020,False,Orlando Magic,Miami Heat,113,107
127507,2020-12-23,2020,False,Philadelphia 76ers,Washington Wizards,113,107
127508,2020-12-23,2020,False,Boston Celtics,Milwaukee Bucks,122,121
127509,2020-12-23,2020,False,Toronto Raptors,New Orleans Pelicans,99,113
127510,2020-12-23,2020,False,Chicago Bulls,Atlanta Hawks,104,124
127512,2020-12-23,2020,False,Minnesota Timberwolves,Detroit Pistons,111,101
127513,2020-12-23,2020,False,Memphis Grizzlies,San Antonio Spurs,119,131
127514,2020-12-23,2020,False,Denver Nuggets,Sacramento Kings,122,124
127515,2020-12-23,2020,False,Portland Trail Blazers,Utah Jazz,100,120
127516,2020-12-23,2020,False,Phoenix Suns,Dallas Mavericks,106,102
127517,2020-12-25,2020,False,Boston Celtics,Brooklyn Nets,95,123
127518,2020-12-25,2020,False,Denver Nuggets,LA Clippers,108,121
127519,2020-12-25,2020,False,Miami Heat,New Orleans Pelicans,111,98
127520,2020-12-25,2020,False,Los Angeles Lakers,Dallas Mavericks,138,115
127521,2020-12-25,2020,False,Milwaukee Bucks,Golden State Warriors,138,99
127522,2020-12-26,2020,False,New York Knicks,Philadelphia 76ers,89,109
127523,2020-12-26,2020,False,Utah Jazz,Minnesota Timberwolves,111,116
127524,2020-12-26,2020,False,Detroit Pistons,Cleveland Cavaliers,119,128
127525,2020-12-26,2020,False,Charlotte Hornets,Oklahoma City Thunder,107,109
127526,2020-12-26,2020,False,Washington Wizards,Orlando Magic,120,130
127527,2020-12-26,2020,False,Chicago Bulls,Indiana Pacers,106,125
127528,2020-12-26,2020,False,Memphis Grizzlies,Atlanta Hawks,112,122
127529,2020-12-26,2020,False,San Antonio Spurs,Toronto Raptors,119,114
127530,2020-12-26,2020,False,Portland Trail Blazers,Houston Rockets,128,126
127531,2020-12-26,2020,False,Sacramento Kings,Phoenix Suns,106,103
127532,2020-12-27,2020,False,Sacramento Kings,Phoenix Suns,100,116
127533,2020-12-27,2020,False,Indiana Pacers,Boston Celtics,108,107
127534,2020-12-27,2020,False,Chicago Bulls,Golden State Warriors,128,129
127535,2020-12-27,2020,False,Cleveland Cavaliers,Philadelphia 76ers,118,94
127536,2020-12-27,2020,False,Charlotte Hornets,Brooklyn Nets,106,104
127537,2020-12-27,2020,False,New Orleans Pelicans,San Antonio Spurs,98,95
127538,2020-12-27,2020,False,New York Knicks,Milwaukee Bucks,130,110
127539,2020-12-27,2020,False,Washington Wizards,Orlando Magic,113,120
127540,2020-12-27,2020,False,LA Clippers,Dallas Mavericks,73,124
127541,2020-12-27,2020,False,Los Angeles Lakers,Minnesota Timberwolves,127,91
127542,2020-12-28,2020,False,Atlanta Hawks,Detroit Pistons,128,120
127543,2020-12-28,2020,False,Oklahoma City Thunder,Utah Jazz,109,110
127544,2020-12-28,2020,False,Brooklyn Nets,Memphis Grizzlies,111,116
127545,2020-12-28,2020,False,Los Angeles Lakers,Portland Trail Blazers,107,115
127546,2020-12-28,2020,False,Denver Nuggets,Houston Rockets,124,111
127547,2020-12-29,2020,False,Philadelphia 76ers,Toronto Raptors,100,93
127548,2020-12-29,2020,False,Washington Wizards,Chicago Bulls,107,115
127549,2020-12-29,2020,False,Oklahoma City Thunder,Orlando Magic,107,118
127550,2020-12-29,2020,False,LA Clippers,Minnesota Timberwolves,124,101
127551,2020-12-29,2020,False,Phoenix Suns,New Orleans Pelicans,111,86
127552,2020-12-29,2020,False,Detroit Pistons,Golden State Warriors,106,116
127553,2020-12-29,2020,False,Cleveland Cavaliers,New York Knicks,86,95
127554,2020-12-29,2020,False,Miami Heat,Milwaukee Bucks,97,144
127555,2020-12-29,2020,False,Indiana Pacers,Boston Celtics,111,116
127556,2020-12-29,2020,False,Sacramento Kings,Denver Nuggets,125,115
127557,2020-12-30,2020,False,Boston Celtics,Memphis Grizzlies,126,107
127558,2020-12-30,2020,False,Miami Heat,Milwaukee Bucks,119,108
127559,2020-12-30,2020,False,Brooklyn Nets,Atlanta Hawks,145,141
127560,2020-12-30,2020,False,San Antonio Spurs,Los Angeles Lakers,107,121
127561,2020-12-30,2020,False,Dallas Mavericks,Charlotte Hornets,99,118
127562,2020-12-30,2020,False,LA Clippers,Portland Trail Blazers,128,105
127563,2020-12-31,2020,False,Orlando Magic,Philadelphia 76ers,92,116
127564,2020-12-31,2020,False,Oklahoma City Thunder,New Orleans Pelicans,80,113
127565,2020-12-31,2020,False,Washington Wizards,Chicago Bulls,130,133
127566,2020-12-31,2020,False,Utah Jazz,Phoenix Suns,95,106
127567,2020-12-31,2020,False,Indiana Pacers,Cleveland Cavaliers,119,99
127568,2020-12-31,2020,False,Toronto Raptors,New York Knicks,100,83
127569,2020-12-31,2020,False,Houston Rockets,Sacramento Kings,122,119
127570,2021-01-01,2020,False,Detroit Pistons,Boston Celtics,96,93
127571,2021-01-01,2020,False,San Antonio Spurs,Los Angeles Lakers,103,109
127572,2021-01-01,2020,False,Minnesota Timberwolves,Washington Wizards,109,130
127573,2021-01-01,2020,False,Golden State Warriors,Portland Trail Blazers,98,123
127574,2021-01-01,2020,False,Brooklyn Nets,Atlanta Hawks,96,114
127575,2021-01-01,2020,False,Denver Nuggets,Phoenix Suns,103,106
127576,2021-01-01,2020,False,Dallas Mavericks,Miami Heat,93,83
127577,2021-01-01,2020,False,Charlotte Hornets,Memphis Grizzlies,93,108
127578,2021-01-01,2020,False,Milwaukee Bucks,Chicago Bulls,126,96
127579,2021-01-01,2020,False,Utah Jazz,LA Clippers,106,100
127580,2021-01-02,2020,False,New Orleans Pelicans,Toronto Raptors,120,116
127581,2021-01-02,2020,False,Atlanta Hawks,Cleveland Cavaliers,91,96
127582,2021-01-02,2020,False,Indiana Pacers,New York Knicks,102,106
127583,2021-01-02,2020,False,Philadelphia 76ers,Charlotte Hornets,127,112
127584,2021-01-02,2020,False,Houston Rockets,Sacramento Kings,102,94
127585,2021-01-02,2020,False,Orlando Magic,Oklahoma City Thunder,99,108
127586,2021-01-03,2020,False,Chicago Bulls,Dallas Mavericks,118,108
127587,2021-01-03,2020,False,Golden State Warriors,Portland Trail Blazers,137,122
127588,2021-01-03,2020,False,Minnesota Timberwolves,Denver Nuggets,109,124
127589,2021-01-03,2020,False,Memphis Grizzlies,Los Angeles Lakers,94,108
127590,2021-01-03,2020,False,Detroit Pistons,Boston Celtics,120,122
127591,2021-01-03,2020,False,Brooklyn Nets,Washington Wizards,122,123
127592,2021-01-03,2020,False,San Antonio Spurs,Utah Jazz,109,130
127593,2021-01-03,2020,False,Phoenix Suns,LA Clippers,107,112
127594,2021-01-04,2020,False,New Orleans Pelicans,Indiana Pacers,116,118
127595,2021-01-04,2020,False,Houston Rockets,Dallas Mavericks,100,113
127596,2021-01-04,2020,False,Atlanta Hawks,New York Knicks,108,113
127597,2021-01-04,2020,False,Philadelphia 76ers,Charlotte Hornets,118,101
127598,2021-01-04,2020,False,Toronto Raptors,Boston Celtics,114,126
127599,2021-01-04,2020,False,Milwaukee Bucks,Detroit Pistons,125,115
127600,2021-01-04,2020,False,Miami Heat,Oklahoma City Thunder,118,90
127601,2021-01-04,2020,False,Orlando Magic,Cleveland Cavaliers,103,83
127602,2021-01-04,2020,False,Golden State Warriors,Sacramento Kings,137,106
127603,2021-01-05,2020,False,Brooklyn Nets,Utah Jazz,130,96
127604,2021-01-05,2020,False,Denver Nuggets,Minnesota Timberwolves,123,116
127605,2021-01-05,2020,False,LA Clippers,San Antonio Spurs,113,116
127606,2021-01-05,2020,False,Memphis Grizzlies,Los Angeles Lakers,92,94
127607,2021-01-05,2020,False,Portland Trail Blazers,Chicago Bulls,108,111
127608,2021-01-06,2020,False,Miami Heat,Boston Celtics,105,107
127609,2021-01-06,2020,False,Philadelphia 76ers,Washington Wizards,141,136
127610,2021-01-06,2020,False,Orlando Magic,Cleveland Cavaliers,105,94
127611,2021-01-06,2020,False,Atlanta Hawks,Charlotte Hornets,94,102
127612,2021-01-06,2020,False,Indiana Pacers,Houston Rockets,114,107
127613,2021-01-06,2020,False,Golden State Warriors,LA Clippers,101,108
127614,2021-01-06,2020,False,Phoenix Suns,Toronto Raptors,123,115
127615,2021-01-06,2020,False,New Orleans Pelicans,Oklahoma City Thunder,110,111
127616,2021-01-06,2020,False,New York Knicks,Utah Jazz,112,100
127617,2021-01-06,2020,False,Milwaukee Bucks,Detroit Pistons,130,115
127618,2021-01-06,2020,False,Sacramento Kings,Chicago Bulls,128,124
127619,2021-01-07,2020,False,Brooklyn Nets,Philadelphia 76ers,122,109
127620,2021-01-07,2020,False,Portland Trail Blazers,Minnesota Timberwolves,135,117
127621,2021-01-07,2020,False,Los Angeles Lakers,San Antonio Spurs,109,118
127622,2021-01-07,2020,False,Denver Nuggets,Dallas Mavericks,117,124
127623,2021-01-07,2020,False,Memphis Grizzlies,Cleveland Cavaliers,90,94
127624,2021-01-08,2020,False,Memphis Grizzlies,Brooklyn Nets,115,110
127625,2021-01-08,2020,False,New Orleans Pelicans,Charlotte Hornets,110,118
127626,2021-01-08,2020,False,Houston Rockets,Orlando Magic,132,90
127627,2021-01-08,2020,False,Boston Celtics,Washington Wizards,116,107
127628,2021-01-08,2020,False,New York Knicks,Oklahoma City Thunder,89,101
127629,2021-01-08,2020,False,Golden State Warriors,LA Clippers,115,105
127630,2021-01-08,2020,False,Detroit Pistons,Phoenix Suns,110,105
127631,2021-01-08,2020,False,Sacramento Kings,Toronto Raptors,123,144
127632,2021-01-08,2020,False,Los Angeles Lakers,Chicago Bulls,117,115
127633,2021-01-08,2020,False,Milwaukee Bucks,Utah Jazz,118,131
127634,2021-01-09,2020,False,Milwaukee Bucks,Cleveland Cavaliers,100,90
127635,2021-01-09,2020,False,Sacramento Kings,Portland Trail Blazers,99,125
127636,2021-01-09,2020,False,Minnesota Timberwolves,San Antonio Spurs,122,125
127637,2021-01-09,2020,False,Indiana Pacers,Phoenix Suns,117,125
127638,2021-01-09,2020,False,Washington Wizards,Miami Heat,124,128
127639,2021-01-09,2020,False,Philadelphia 76ers,Denver Nuggets,103,115
127640,2021-01-09,2020,False,Dallas Mavericks,Orlando Magic,112,98
127641,2021-01-09,2020,False,Charlotte Hornets,Atlanta Hawks,113,105
127642,2021-01-10,2020,False,Golden State Warriors,Toronto Raptors,106,105
127644,2021-01-10,2020,False,Houston Rockets,Los Angeles Lakers,102,120
127645,2021-01-10,2020,False,LA Clippers,Chicago Bulls,130,127
127646,2021-01-10,2020,False,New York Knicks,Denver Nuggets,89,114
127647,2021-01-10,2020,False,Brooklyn Nets,Oklahoma City Thunder,116,129
127648,2021-01-10,2020,False,Minnesota Timberwolves,San Antonio Spurs,96,88
127649,2021-01-10,2020,False,Detroit Pistons,Utah Jazz,86,96
127650,2021-01-11,2020,False,Cleveland Cavaliers,Memphis Grizzlies,91,101
127651,2021-01-11,2020,False,Sacramento Kings,Indiana Pacers,127,122
127652,2021-01-11,2020,False,Portland Trail Blazers,Toronto Raptors,112,111
127653,2021-01-11,2020,False,Orlando Magic,Milwaukee Bucks,99,121
127654,2021-01-11,2020,False,Washington Wizards,Phoenix Suns,128,107
127655,2021-01-11,2020,False,Atlanta Hawks,Philadelphia 76ers,112,94
127657,2021-01-11,2020,False,Charlotte Hornets,New York Knicks,109,88
157580,2021-01-12,2020,False,Oklahoma City Thunder,San Antonio Spurs,102,112
157581,2021-01-12,2020,False,Golden State Warriors,Indiana Pacers,95,104
157582,2021-01-12,2020,False,Cleveland Cavaliers,Utah Jazz,87,117
157583,2021-01-12,2020,False,Chicago Bulls,Boston Celtics,121,99
157584,2021-01-12,2020,False,Brooklyn Nets,Denver Nuggets,122,116
157585,2021-01-12,2020,False,Philadelphia 76ers,Miami Heat,137,134
157586,2021-01-12,2020,False,Houston Rockets,Los Angeles Lakers,100,117
127668,2021-01-13,2020,False,Detroit Pistons,Milwaukee Bucks,101,110
127669,2021-01-13,2020,False,Charlotte Hornets,Dallas Mavericks,93,104
156556,2021-01-13,2020,False,New York Knicks,Brooklyn Nets,109,116
156557,2021-01-13,2020,False,Minnesota Timberwolves,Memphis Grizzlies,107,118
156558,2021-01-13,2020,False,Oklahoma City Thunder,Los Angeles Lakers,99,128
156680,2021-01-13,2020,False,LA Clippers,New Orleans Pelicans,111,106
156691,2021-01-13,2020,False,Sacramento Kings,Portland Trail Blazers,126,132
157588,2021-01-13,2020,False,Boston Celtics,Orlando Magic,112,96
157589,2021-01-13,2020,False,Washington Wizards,Utah Jazz,131,122
157594,2021-01-13,2020,False,Phoenix Suns,Atlanta Hawks,117,110
157597,2021-01-14,2020,False,Portland Trail Blazers,Indiana Pacers,87,111
157598,2021-01-14,2020,False,Toronto Raptors,Charlotte Hornets,111,108
157599,2021-01-14,2020,False,Philadelphia 76ers,Miami Heat,125,108
157600,2021-01-14,2020,False,Denver Nuggets,Golden State Warriors,114,104
157601,2021-01-14,2020,False,San Antonio Spurs,Houston Rockets,105,109
127680,2021-01-15,2020,False,Minnesota Timberwolves,Memphis Grizzlies,135,139
127681,2021-01-15,2020,False,Boston Celtics,Orlando Magic,124,97
127682,2021-01-15,2020,False,Los Angeles Lakers,New Orleans Pelicans,112,95
127683,2021-01-15,2020,False,Phoenix Suns,Golden State Warriors,120,98
127684,2021-01-15,2020,False,Oklahoma City Thunder,Chicago Bulls,127,125
127685,2021-01-15,2020,False,Cleveland Cavaliers,New York Knicks,106,103
127686,2021-01-15,2020,False,Utah Jazz,Atlanta Hawks,116,92
127687,2021-01-15,2020,False,Milwaukee Bucks,Dallas Mavericks,112,109
127688,2021-01-15,2020,False,Detroit Pistons,Washington Wizards,120,91
127689,2021-01-15,2020,False,Sacramento Kings,LA Clippers,100,138
127690,2021-01-16,2020,False,San Antonio Spurs,Houston Rockets,103,91
127691,2021-01-16,2020,False,Toronto Raptors,Charlotte Hornets,116,113
127692,2021-01-16,2020,False,Brooklyn Nets,Orlando Magic,122,115
127693,2021-01-16,2020,False,Miami Heat,Detroit Pistons,100,120
127694,2021-01-16,2020,False,Phoenix Suns,Indiana Pacers,111,122
127695,2021-01-16,2020,False,Portland Trail Blazers,Atlanta Hawks,112,106
127696,2021-01-16,2020,False,Memphis Grizzlies,Philadelphia 76ers,106,104
127697,2021-01-17,2020,False,Sacramento Kings,New Orleans Pelicans,123,128
127698,2021-01-17,2020,False,LA Clippers,Indiana Pacers,129,96
127699,2021-01-17,2020,False,Oklahoma City Thunder,Philadelphia 76ers,93,117
127700,2021-01-17,2020,False,Boston Celtics,New York Knicks,75,105
127701,2021-01-17,2020,False,Washington Wizards,Cleveland Cavaliers,119,110
127702,2021-01-17,2020,False,Dallas Mavericks,Chicago Bulls,101,117
127703,2021-01-17,2020,False,Denver Nuggets,Utah Jazz,105,109
127704,2021-01-18,2020,False,New York Knicks,Orlando Magic,91,84
127705,2021-01-18,2020,False,Washington Wizards,Cleveland Cavaliers,120,105
127706,2021-01-18,2020,False,Atlanta Hawks,Minnesota Timberwolves,108,97
127707,2021-01-18,2020,False,Memphis Grizzlies,Phoenix Suns,108,104
127708,2021-01-18,2020,False,Miami Heat,Detroit Pistons,113,107
127709,2021-01-18,2020,False,Portland Trail Blazers,San Antonio Spurs,104,125
127710,2021-01-18,2020,False,Brooklyn Nets,Milwaukee Bucks,125,123
127711,2021-01-18,2020,False,Los Angeles Lakers,Golden State Warriors,113,115
127712,2021-01-18,2020,False,Chicago Bulls,Houston Rockets,125,120
127713,2021-01-18,2020,False,Toronto Raptors,Dallas Mavericks,116,93
127714,2021-01-19,2020,False,Denver Nuggets,Oklahoma City Thunder,119,101
127715,2021-01-19,2020,False,Utah Jazz,New Orleans Pelicans,118,102
127716,2021-01-20,2020,False,Philadelphia 76ers,Boston Celtics,117,109
127717,2021-01-20,2020,False,Cleveland Cavaliers,Brooklyn Nets,147,135
127718,2021-01-20,2020,False,Indiana Pacers,Dallas Mavericks,112,124
127719,2021-01-20,2020,False,Houston Rockets,Phoenix Suns,103,109
127720,2021-01-20,2020,False,Minnesota Timberwolves,Orlando Magic,96,97
127721,2021-01-20,2020,False,Toronto Raptors,Miami Heat,102,111
127722,2021-01-20,2020,False,Atlanta Hawks,Detroit Pistons,123,115
127723,2021-01-20,2020,False,Charlotte Hornets,Washington Wizards,119,97
127724,2021-01-20,2020,False,Golden State Warriors,San Antonio Spurs,121,99
127725,2021-01-20,2020,False,LA Clippers,Sacramento Kings,115,96
127726,2021-01-20,2020,False,Portland Trail Blazers,Memphis Grizzlies,128,130
127727,2021-01-21,2020,False,Utah Jazz,New Orleans Pelicans,129,118
127728,2021-01-21,2020,False,Milwaukee Bucks,Los Angeles Lakers,106,113
127729,2021-01-21,2020,False,Golden State Warriors,New York Knicks,104,119
127730,2021-01-22,2020,False,Detroit Pistons,Houston Rockets,102,103
127731,2021-01-22,2020,False,Indiana Pacers,Orlando Magic,120,118
127732,2021-01-22,2020,False,Charlotte Hornets,Chicago Bulls,110,123
127733,2021-01-22,2020,False,Milwaukee Bucks,Washington Wizards,135,134
127734,2021-01-22,2020,False,Toronto Raptors,Miami Heat,101,81
127735,2021-01-22,2020,False,Cleveland Cavaliers,Brooklyn Nets,125,113
127736,2021-01-22,2020,False,Philadelphia 76ers,Boston Celtics,122,110
127737,2021-01-22,2020,False,Minnesota Timberwolves,Atlanta Hawks,98,116
127738,2021-01-22,2020,False,Phoenix Suns,Denver Nuggets,126,130
127739,2021-01-22,2020,False,San Antonio Spurs,Dallas Mavericks,117,122
127740,2021-01-22,2020,False,LA Clippers,Oklahoma City Thunder,120,106
127741,2021-01-22,2020,False,Portland Trail Blazers,Memphis Grizzlies,113,120
127742,2021-01-22,2020,False,Sacramento Kings,New York Knicks,103,94
127743,2021-01-23,2020,False,Brooklyn Nets,Miami Heat,128,124
127744,2021-01-23,2020,False,Minnesota Timberwolves,New Orleans Pelicans,120,110
127745,2021-01-23,2020,False,Phoenix Suns,Denver Nuggets,112,120
127746,2021-01-23,2020,False,Detroit Pistons,Philadelphia 76ers,110,114
127747,2021-01-23,2020,False,Utah Jazz,Golden State Warriors,127,108
127748,2021-01-23,2020,False,Chicago Bulls,Los Angeles Lakers,90,101
127749,2021-01-23,2020,False,Dallas Mavericks,Houston Rockets,108,133
127750,2021-01-24,2020,False,San Antonio Spurs,Washington Wizards,121,101
127751,2021-01-24,2020,False,Memphis Grizzlies,Sacramento Kings,116,110
127752,2021-01-24,2020,False,Boston Celtics,Cleveland Cavaliers,141,103
127753,2021-01-24,2020,False,Milwaukee Bucks,Atlanta Hawks,129,115
127754,2021-01-24,2020,False,Portland Trail Blazers,New York Knicks,116,113
127755,2021-01-24,2020,False,LA Clippers,Oklahoma City Thunder,108,100
127756,2021-01-24,2020,False,Indiana Pacers,Toronto Raptors,102,107
127757,2021-01-24,2020,False,Orlando Magic,Charlotte Hornets,104,107
127758,2021-01-25,2020,False,Chicago Bulls,Boston Celtics,103,119
127759,2021-01-25,2020,False,Cleveland Cavaliers,Los Angeles Lakers,108,115
127760,2021-01-25,2020,False,New Orleans Pelicans,San Antonio Spurs,108,110
127761,2021-01-25,2020,False,Memphis Grizzlies,Sacramento Kings,107,106
127762,2021-01-25,2020,False,Brooklyn Nets,Miami Heat,98,85
127763,2021-01-25,2020,False,Orlando Magic,Charlotte Hornets,117,108
127764,2021-01-25,2020,False,Golden State Warriors,Minnesota Timberwolves,130,108
127765,2021-01-25,2020,False,Indiana Pacers,Toronto Raptors,129,114
127766,2021-01-25,2020,False,Detroit Pistons,Philadelphia 76ers,119,104
127767,2021-01-25,2020,False,Dallas Mavericks,Denver Nuggets,113,117
127768,2021-01-25,2020,False,Portland Trail Blazers,Oklahoma City Thunder,122,125
127769,2021-01-26,2020,False,Utah Jazz,New York Knicks,108,94
127770,2021-01-26,2020,False,Atlanta Hawks,LA Clippers,108,99
127771,2021-01-26,2020,False,Houston Rockets,Washington Wizards,107,88
127772,2021-01-27,2020,False,Orlando Magic,Sacramento Kings,107,121
127773,2021-01-27,2020,False,Cleveland Cavaliers,Detroit Pistons,122,107
127774,2021-01-27,2020,False,Miami Heat,Denver Nuggets,82,109
127775,2021-01-27,2020,False,Philadelphia 76ers,Los Angeles Lakers,107,106
127776,2021-01-27,2020,False,Charlotte Hornets,Indiana Pacers,106,116
127777,2021-01-27,2020,False,Atlanta Hawks,Brooklyn Nets,128,132
127778,2021-01-27,2020,False,Memphis Grizzlies,Chicago Bulls,101,90
127779,2021-01-27,2020,False,Toronto Raptors,Milwaukee Bucks,108,115
127780,2021-01-27,2020,False,San Antonio Spurs,Boston Celtics,110,106
127781,2021-01-27,2020,False,New Orleans Pelicans,Washington Wizards,124,106
127782,2021-01-27,2020,False,Phoenix Suns,Oklahoma City Thunder,97,102
127783,2021-01-27,2020,False,Golden State Warriors,Minnesota Timberwolves,123,111
127784,2021-01-27,2020,False,Utah Jazz,Dallas Mavericks,116,104
127785,2021-01-28,2020,False,Phoenix Suns,Golden State Warriors,114,93
127786,2021-01-28,2020,False,Miami Heat,LA Clippers,105,109
127787,2021-01-28,2020,False,Houston Rockets,Portland Trail Blazers,104,101
127788,2021-01-28,2020,False,Detroit Pistons,Los Angeles Lakers,107,92
127789,2021-01-29,2020,False,New York Knicks,Cleveland Cavaliers,102,81
127790,2021-01-29,2020,False,Oklahoma City Thunder,Brooklyn Nets,125,147
127791,2021-01-29,2020,False,Toronto Raptors,Sacramento Kings,124,126
127792,2021-01-29,2020,False,Charlotte Hornets,Indiana Pacers,108,105
127793,2021-01-29,2020,False,Washington Wizards,Atlanta Hawks,100,116
127794,2021-01-29,2020,False,Minnesota Timberwolves,Philadelphia 76ers,94,118
127795,2021-01-29,2020,False,Orlando Magic,LA Clippers,90,116
127796,2021-01-29,2020,False,New Orleans Pelicans,Milwaukee Bucks,131,126
127797,2021-01-29,2020,False,Utah Jazz,Dallas Mavericks,120,101
127798,2021-01-29,2020,False,San Antonio Spurs,Denver Nuggets,119,109
127799,2021-01-30,2020,False,Miami Heat,Sacramento Kings,105,104
127800,2021-01-30,2020,False,Charlotte Hornets,Milwaukee Bucks,126,114
127801,2021-01-30,2020,False,Chicago Bulls,Portland Trail Blazers,122,123
127802,2021-01-30,2020,False,Dallas Mavericks,Phoenix Suns,105,111
127803,2021-01-30,2020,False,Boston Celtics,Los Angeles Lakers,95,96
127804,2021-01-30,2020,False,Golden State Warriors,Detroit Pistons,118,91
127805,2021-01-30,2020,False,San Antonio Spurs,Memphis Grizzlies,112,129
127806,2021-01-30,2020,False,New Orleans Pelicans,Houston Rockets,112,126
127807,2021-01-31,2020,False,Indiana Pacers,Philadelphia 76ers,110,119
127808,2021-01-31,2020,False,Minnesota Timberwolves,Cleveland Cavaliers,109,104
127809,2021-01-31,2020,False,Toronto Raptors,Orlando Magic,115,102
127810,2021-01-31,2020,False,New York Knicks,LA Clippers,115,129
127811,2021-01-31,2020,False,Washington Wizards,Brooklyn Nets,149,146
127812,2021-01-31,2020,False,Denver Nuggets,Utah Jazz,128,117
127813,2021-02-01,2020,False,Dallas Mavericks,Phoenix Suns,108,109
127814,2021-02-01,2020,False,New Orleans Pelicans,Sacramento Kings,109,118
127815,2021-02-01,2020,False,Miami Heat,Charlotte Hornets,121,129
127816,2021-02-01,2020,False,Atlanta Hawks,Los Angeles Lakers,99,107
127817,2021-02-01,2020,False,Milwaukee Bucks,Portland Trail Blazers,134,106
127818,2021-02-01,2020,False,Chicago Bulls,New York Knicks,110,102
127819,2021-02-01,2020,False,Oklahoma City Thunder,Houston Rockets,106,136
127820,2021-02-01,2020,False,Cleveland Cavaliers,Minnesota Timberwolves,100,98
127821,2021-02-01,2020,False,Denver Nuggets,Detroit Pistons,134,119
127822,2021-02-01,2020,False,San Antonio Spurs,Memphis Grizzlies,102,133
127823,2021-02-02,2020,False,Orlando Magic,Toronto Raptors,108,123
127824,2021-02-02,2020,False,Indiana Pacers,Memphis Grizzlies,134,116
127825,2021-02-02,2020,False,Golden State Warriors,Boston Celtics,107,111
127826,2021-02-02,2020,False,Utah Jazz,Detroit Pistons,117,105
127827,2021-02-02,2020,False,Brooklyn Nets,LA Clippers,124,120
191883,2021-02-02,2020,False,Washington Wizards,Portland Trail Blazers,121,132
127828,2021-02-03,2020,False,Miami Heat,Washington Wizards,100,103
127829,2021-02-03,2020,False,Atlanta Hawks,Dallas Mavericks,116,122
127830,2021-02-03,2020,False,Milwaukee Bucks,Indiana Pacers,130,110
127831,2021-02-03,2020,False,Cleveland Cavaliers,LA Clippers,99,121
127832,2021-02-03,2020,False,Oklahoma City Thunder,Houston Rockets,104,87
127833,2021-02-03,2020,False,Chicago Bulls,New York Knicks,103,107
127834,2021-02-03,2020,False,Charlotte Hornets,Philadelphia 76ers,111,118
127835,2021-02-03,2020,False,San Antonio Spurs,Minnesota Timberwolves,111,108
127836,2021-02-03,2020,False,Sacramento Kings,Boston Celtics,116,111
127837,2021-02-03,2020,False,New Orleans Pelicans,Phoenix Suns,123,101
127838,2021-02-04,2020,False,Memphis Grizzlies,Houston Rockets,103,115
127839,2021-02-04,2020,False,Dallas Mavericks,Golden State Warriors,116,147
127840,2021-02-04,2020,False,Atlanta Hawks,Utah Jazz,91,112
127841,2021-02-04,2020,False,Philadelphia 76ers,Portland Trail Blazers,105,121
127842,2021-02-04,2020,False,Los Angeles Lakers,Denver Nuggets,114,93
127843,2021-02-05,2020,False,Cleveland Cavaliers,Milwaukee Bucks,105,123
127844,2021-02-05,2020,False,Indiana Pacers,New Orleans Pelicans,113,114
127845,2021-02-05,2020,False,Miami Heat,Washington Wizards,122,95
127846,2021-02-05,2020,False,Charlotte Hornets,Utah Jazz,121,138
127847,2021-02-05,2020,False,Brooklyn Nets,Toronto Raptors,117,123
127848,2021-02-05,2020,False,Oklahoma City Thunder,Minnesota Timberwolves,103,106
127849,2021-02-05,2020,False,Orlando Magic,Chicago Bulls,123,119
127850,2021-02-05,2020,False,Phoenix Suns,Detroit Pistons,109,92
127851,2021-02-05,2020,False,LA Clippers,Boston Celtics,115,119
127852,2021-02-06,2020,False,New York Knicks,Portland Trail Blazers,110,99
127853,2021-02-06,2020,False,Oklahoma City Thunder,Minnesota Timberwolves,120,118
127854,2021-02-06,2020,False,Houston Rockets,San Antonio Spurs,106,111
127855,2021-02-06,2020,False,Atlanta Hawks,Toronto Raptors,132,121
127856,2021-02-06,2020,False,New Orleans Pelicans,Memphis Grizzlies,118,109
127857,2021-02-06,2020,False,Sacramento Kings,Denver Nuggets,119,114
127858,2021-02-06,2020,False,Cleveland Cavaliers,Milwaukee Bucks,99,124
127859,2021-02-06,2020,False,Orlando Magic,Chicago Bulls,92,118
127860,2021-02-06,2020,False,Philadelphia 76ers,Brooklyn Nets,124,108
127861,2021-02-06,2020,False,Dallas Mavericks,Golden State Warriors,134,132
127862,2021-02-06,2020,False,Los Angeles Lakers,Detroit Pistons,135,129
127863,2021-02-07,2020,False,Charlotte Hornets,Portland Trail Blazers,109,101
127864,2021-02-07,2020,False,Indiana Pacers,Utah Jazz,95,103
127865,2021-02-07,2020,False,Phoenix Suns,Boston Celtics,100,91
127866,2021-02-07,2020,False,New York Knicks,Miami Heat,103,109
127867,2021-02-07,2020,False,LA Clippers,Sacramento Kings,110,113
127868,2021-02-08,2020,False,San Antonio Spurs,Golden State Warriors,105,100
127869,2021-02-08,2020,False,Dallas Mavericks,Minnesota Timberwolves,127,122
127870,2021-02-08,2020,False,Phoenix Suns,Cleveland Cavaliers,119,113
127871,2021-02-08,2020,False,Memphis Grizzlies,Toronto Raptors,113,128
127872,2021-02-08,2020,False,Chicago Bulls,Washington Wizards,101,105
127873,2021-02-08,2020,False,Los Angeles Lakers,Oklahoma City Thunder,119,112
127874,2021-02-08,2020,False,Charlotte Hornets,Houston Rockets,119,94
127875,2021-02-08,2020,False,Denver Nuggets,Milwaukee Bucks,112,125
127876,2021-02-09,2020,False,Portland Trail Blazers,Orlando Magic,106,97
127877,2021-02-09,2020,False,New Orleans Pelicans,Houston Rockets,130,101
127878,2021-02-09,2020,False,Miami Heat,New York Knicks,98,96
127879,2021-02-09,2020,False,Detroit Pistons,Brooklyn Nets,122,111
127880,2021-02-09,2020,False,Sacramento Kings,Philadelphia 76ers,111,119
127881,2021-02-09,2020,False,San Antonio Spurs,Golden State Warriors,91,114
127882,2021-02-09,2020,False,Utah Jazz,Boston Celtics,122,108
127883,2021-02-10,2020,False,Phoenix Suns,Milwaukee Bucks,125,124
127884,2021-02-10,2020,False,Denver Nuggets,Cleveland Cavaliers,133,95
127885,2021-02-10,2020,False,Chicago Bulls,New Orleans Pelicans,129,116
127886,2021-02-10,2020,False,Minnesota Timberwolves,LA Clippers,112,119
127887,2021-02-10,2020,False,Brooklyn Nets,Indiana Pacers,104,94
127888,2021-02-10,2020,False,Los Angeles Lakers,Oklahoma City Thunder,114,113
127889,2021-02-10,2020,False,Memphis Grizzlies,Charlotte Hornets,130,114
127890,2021-02-10,2020,False,Washington Wizards,Toronto Raptors,115,137
127891,2021-02-10,2020,False,Dallas Mavericks,Atlanta Hawks,118,117
127892,2021-02-11,2020,False,Portland Trail Blazers,Philadelphia 76ers,118,114
127893,2021-02-11,2020,False,Golden State Warriors,Orlando Magic,111,105
127894,2021-02-11,2020,False,Houston Rockets,Miami Heat,94,101
127895,2021-02-11,2020,False,Detroit Pistons,Indiana Pacers,95,111
127896,2021-02-12,2020,False,Charlotte Hornets,Minnesota Timberwolves,120,114
127897,2021-02-12,2020,False,Los Angeles Lakers,Memphis Grizzlies,115,105
127898,2021-02-12,2020,False,Utah Jazz,Milwaukee Bucks,129,115
127899,2021-02-12,2020,False,Boston Celtics,Toronto Raptors,120,106
127900,2021-02-12,2020,False,Portland Trail Blazers,Cleveland Cavaliers,129,110
127901,2021-02-12,2020,False,Atlanta Hawks,San Antonio Spurs,114,125
127902,2021-02-12,2020,False,Washington Wizards,New York Knicks,91,109
127903,2021-02-12,2020,False,Chicago Bulls,LA Clippers,106,125
127904,2021-02-12,2020,False,Dallas Mavericks,New Orleans Pelicans,143,130
127905,2021-02-12,2020,False,Denver Nuggets,Oklahoma City Thunder,97,95
127906,2021-02-12,2020,False,Sacramento Kings,Orlando Magic,112,123
127907,2021-02-13,2020,False,Utah Jazz,Miami Heat,112,94
127908,2021-02-13,2020,False,New York Knicks,Houston Rockets,121,99
127909,2021-02-13,2020,False,Phoenix Suns,Philadelphia 76ers,120,111
127910,2021-02-13,2020,False,Atlanta Hawks,Indiana Pacers,113,125
127911,2021-02-13,2020,False,Golden State Warriors,Brooklyn Nets,117,134
127912,2021-02-14,2020,False,Phoenix Suns,Orlando Magic,109,90
127913,2021-02-14,2020,False,Oklahoma City Thunder,Milwaukee Bucks,114,109
127914,2021-02-14,2020,False,LA Clippers,Cleveland Cavaliers,128,111
127915,2021-02-14,2020,False,Boston Celtics,Detroit Pistons,102,108
127916,2021-02-14,2020,False,Denver Nuggets,Los Angeles Lakers,122,105
127917,2021-02-14,2020,False,Toronto Raptors,Minnesota Timberwolves,112,116
127918,2021-02-14,2020,False,Charlotte Hornets,San Antonio Spurs,110,122
127919,2021-02-14,2020,False,Sacramento Kings,Memphis Grizzlies,110,124
127920,2021-02-14,2020,False,Dallas Mavericks,Portland Trail Blazers,118,121
219051,2021-02-14,2020,False,Washington Wizards,Boston Celtics,104,91
219052,2021-02-14,2020,False,Detroit Pistons,New Orleans Pelicans,123,112
127921,2021-02-15,2020,False,Washington Wizards,Houston Rockets,131,119
127922,2021-02-15,2020,False,New York Knicks,Atlanta Hawks,123,112
127923,2021-02-15,2020,False,Golden State Warriors,Cleveland Cavaliers,129,98
127924,2021-02-15,2020,False,Indiana Pacers,Chicago Bulls,112,120
127925,2021-02-15,2020,False,Utah Jazz,Philadelphia 76ers,134,123
127926,2021-02-15,2020,False,Sacramento Kings,Brooklyn Nets,125,136
127927,2021-02-15,2020,False,LA Clippers,Miami Heat,125,118
127928,2021-02-16,2020,False,Phoenix Suns,Brooklyn Nets,124,128
127929,2021-02-16,2020,False,Memphis Grizzlies,New Orleans Pelicans,113,144
127930,2021-02-16,2020,False,Minnesota Timberwolves,Los Angeles Lakers,104,112
127931,2021-02-16,2020,False,Detroit Pistons,San Antonio Spurs,99,109
127932,2021-02-16,2020,False,Milwaukee Bucks,Toronto Raptors,113,124
127933,2021-02-16,2020,False,Oklahoma City Thunder,Portland Trail Blazers,104,115
127934,2021-02-16,2020,False,Boston Celtics,Denver Nuggets,112,99
127935,2021-02-17,2020,False,Minnesota Timberwolves,Indiana Pacers,128,134
127936,2021-02-17,2020,False,New Orleans Pelicans,Portland Trail Blazers,124,126
127937,2021-02-17,2020,False,Cleveland Cavaliers,San Antonio Spurs,110,116
127938,2021-02-17,2020,False,Washington Wizards,Denver Nuggets,130,128
127939,2021-02-17,2020,False,Boston Celtics,Atlanta Hawks,114,122
127940,2021-02-17,2020,False,Orlando Magic,New York Knicks,107,89
127941,2021-02-17,2020,False,Philadelphia 76ers,Houston Rockets,118,113
127942,2021-02-17,2020,False,Charlotte Hornets,Chicago Bulls,99,120
127943,2021-02-17,2020,False,Dallas Mavericks,Detroit Pistons,127,117
127944,2021-02-17,2020,False,Golden State Warriors,Miami Heat,120,112
127945,2021-02-17,2020,False,LA Clippers,Utah Jazz,96,114
225570,2021-02-17,2020,False,Chicago Bulls,Detroit Pistons,105,102
225572,2021-02-17,2020,False,Memphis Grizzlies,Oklahoma City Thunder,122,113
127946,2021-02-18,2020,False,Sacramento Kings,Miami Heat,110,118
127947,2021-02-18,2020,False,Los Angeles Lakers,Brooklyn Nets,98,109
127948,2021-02-18,2020,False,Milwaukee Bucks,Toronto Raptors,96,110
127949,2021-02-19,2020,False,Orlando Magic,Golden State Warriors,124,120
127950,2021-02-19,2020,False,Philadelphia 76ers,Chicago Bulls,112,105
127951,2021-02-19,2020,False,Charlotte Hornets,Denver Nuggets,112,117
127952,2021-02-19,2020,False,New Orleans Pelicans,Phoenix Suns,114,132
127953,2021-02-19,2020,False,Memphis Grizzlies,Detroit Pistons,109,95
127954,2021-02-19,2020,False,Milwaukee Bucks,Oklahoma City Thunder,98,85
127955,2021-02-19,2020,False,Boston Celtics,Atlanta Hawks,121,109
127956,2021-02-19,2020,False,Minnesota Timberwolves,Toronto Raptors,81,86
127957,2021-02-19,2020,False,Houston Rockets,Dallas Mavericks,102,93
127958,2021-02-19,2020,False,LA Clippers,Utah Jazz,116,112
230712,2021-02-19,2020,False,Cleveland Cavaliers,Denver Nuggets,103,120
127959,2021-02-20,2020,False,Chicago Bulls,Sacramento Kings,122,114
127960,2021-02-20,2020,False,Portland Trail Blazers,Washington Wizards,111,118
127961,2021-02-20,2020,False,New York Knicks,San Antonio Spurs,102,98
127962,2021-02-20,2020,False,Houston Rockets,Indiana Pacers,124,132
127963,2021-02-20,2020,False,Charlotte Hornets,Golden State Warriors,102,100
127964,2021-02-20,2020,False,Memphis Grizzlies,Phoenix Suns,97,128
127965,2021-02-20,2020,False,Los Angeles Lakers,Miami Heat,94,96
127966,2021-02-21,2020,False,Orlando Magic,Detroit Pistons,105,96
127967,2021-02-21,2020,False,Toronto Raptors,Philadelphia 76ers,110,103
127968,2021-02-21,2020,False,Atlanta Hawks,Denver Nuggets,123,115
127969,2021-02-21,2020,False,New York Knicks,Minnesota Timberwolves,103,99
127970,2021-02-21,2020,False,Cleveland Cavaliers,Oklahoma City Thunder,101,117
127971,2021-02-21,2020,False,New Orleans Pelicans,Boston Celtics,120,115
127972,2021-02-21,2020,False,LA Clippers,Brooklyn Nets,108,112
127973,2021-02-21,2020,False,Milwaukee Bucks,Sacramento Kings,128,115
127974,2021-02-22,2020,False,Oklahoma City Thunder,Miami Heat,94,108
127975,2021-02-22,2020,False,Los Angeles Lakers,Washington Wizards,124,127
127976,2021-02-22,2020,False,Dallas Mavericks,Memphis Grizzlies,102,92
127977,2021-02-22,2020,False,Houston Rockets,Chicago Bulls,100,120
127978,2021-02-22,2020,False,Phoenix Suns,Portland Trail Blazers,132,100
127979,2021-02-22,2020,False,Utah Jazz,Charlotte Hornets,132,110
127980,2021-02-22,2020,False,Indiana Pacers,San Antonio Spurs,94,109
127981,2021-02-23,2020,False,Denver Nuggets,Portland Trail Blazers,111,106
127982,2021-02-23,2020,False,Dallas Mavericks,Boston Celtics,110,107
127983,2021-02-23,2020,False,New York Knicks,Golden State Warriors,106,114
127984,2021-02-23,2020,False,Orlando Magic,Detroit Pistons,93,105
127985,2021-02-23,2020,False,LA Clippers,Washington Wizards,135,116
127986,2021-02-23,2020,False,Brooklyn Nets,Sacramento Kings,127,118
127987,2021-02-23,2020,False,Cleveland Cavaliers,Atlanta Hawks,112,111
127988,2021-02-23,2020,False,Toronto Raptors,Philadelphia 76ers,102,109
127989,2021-02-23,2020,False,Milwaukee Bucks,Minnesota Timberwolves,139,112
127990,2021-02-24,2020,False,Utah Jazz,Los Angeles Lakers,114,89
127991,2021-02-24,2020,False,Chicago Bulls,Minnesota Timberwolves,133,126
127992,2021-02-24,2020,False,Oklahoma City Thunder,San Antonio Spurs,102,99
127993,2021-02-24,2020,False,Atlanta Hawks,Boston Celtics,127,112
127994,2021-02-24,2020,False,Miami Heat,Toronto Raptors,116,108
127995,2021-02-24,2020,False,Cleveland Cavaliers,Houston Rockets,112,96
127996,2021-02-24,2020,False,New Orleans Pelicans,Detroit Pistons,128,118
127997,2021-02-24,2020,False,Phoenix Suns,Charlotte Hornets,121,124
127998,2021-02-24,2020,False,Indiana Pacers,Golden State Warriors,107,111
127999,2021-02-25,2020,False,New York Knicks,Sacramento Kings,140,121
128000,2021-02-25,2020,False,Brooklyn Nets,Orlando Magic,129,92
128001,2021-02-25,2020,False,Philadelphia 76ers,Dallas Mavericks,111,97
128002,2021-02-25,2020,False,Memphis Grizzlies,LA Clippers,122,94
128003,2021-02-25,2020,False,Denver Nuggets,Washington Wizards,110,112
128004,2021-02-25,2020,False,Milwaukee Bucks,New Orleans Pelicans,129,125
128005,2021-02-26,2020,False,Los Angeles Lakers,Portland Trail Blazers,102,93
128006,2021-02-26,2020,False,Memphis Grizzlies,LA Clippers,99,119
128007,2021-02-26,2020,False,Golden State Warriors,Charlotte Hornets,130,121
128008,2021-02-26,2020,False,Toronto Raptors,Houston Rockets,122,111
128009,2021-02-26,2020,False,Chicago Bulls,Phoenix Suns,97,106
128010,2021-02-26,2020,False,Detroit Pistons,Sacramento Kings,107,110
128011,2021-02-26,2020,False,Oklahoma City Thunder,Atlanta Hawks,118,109
128012,2021-02-26,2020,False,Boston Celtics,Indiana Pacers,118,112
128013,2021-02-26,2020,False,Miami Heat,Utah Jazz,124,116
128014,2021-02-27,2020,False,San Antonio Spurs,New Orleans Pelicans,117,114
128015,2021-02-27,2020,False,Washington Wizards,Minnesota Timberwolves,128,112
128016,2021-02-27,2020,False,New York Knicks,Indiana Pacers,110,107
128017,2021-02-27,2020,False,Philadelphia 76ers,Cleveland Cavaliers,109,112
128018,2021-02-27,2020,False,Orlando Magic,Utah Jazz,109,124
128019,2021-02-27,2020,False,Brooklyn Nets,Dallas Mavericks,98,115
128020,2021-02-27,2020,False,Oklahoma City Thunder,Denver Nuggets,96,126
128021,2021-02-28,2020,False,Sacramento Kings,Charlotte Hornets,126,127
128022,2021-02-28,2020,False,Minnesota Timberwolves,Phoenix Suns,99,118
128023,2021-02-28,2020,False,Los Angeles Lakers,Golden State Warriors,117,91
128024,2021-02-28,2020,False,Detroit Pistons,New York Knicks,90,109
128025,2021-02-28,2020,False,Miami Heat,Atlanta Hawks,109,99
128026,2021-02-28,2020,False,Toronto Raptors,Chicago Bulls,113,122
128027,2021-02-28,2020,False,Boston Celtics,Washington Wizards,111,110
128028,2021-02-28,2020,False,Houston Rockets,Memphis Grizzlies,84,133
128029,2021-02-28,2020,False,Milwaukee Bucks,LA Clippers,105,100
128030,2021-03-01,2020,False,New Orleans Pelicans,Utah Jazz,129,124
128031,2021-03-01,2020,False,Portland Trail Blazers,Charlotte Hornets,123,111
128032,2021-03-01,2020,False,Philadelphia 76ers,Indiana Pacers,130,114
128033,2021-03-01,2020,False,Chicago Bulls,Denver Nuggets,112,118
128034,2021-03-01,2020,False,Houston Rockets,Cleveland Cavaliers,90,101
128035,2021-03-01,2020,False,San Antonio Spurs,Brooklyn Nets,113,124
128036,2021-03-01,2020,False,Orlando Magic,Dallas Mavericks,124,130
128037,2021-03-02,2020,False,Los Angeles Lakers,Phoenix Suns,104,114
128038,2021-03-02,2020,False,Toronto Raptors,Detroit Pistons,105,129
128039,2021-03-02,2020,False,San Antonio Spurs,New York Knicks,119,93
128040,2021-03-02,2020,False,Milwaukee Bucks,Denver Nuggets,97,128
128041,2021-03-02,2020,False,Boston Celtics,LA Clippers,117,112
128042,2021-03-02,2020,False,Washington Wizards,Memphis Grizzlies,111,125
128043,2021-03-02,2020,False,Miami Heat,Atlanta Hawks,80,94
128044,2021-03-03,2020,False,Sacramento Kings,Los Angeles Lakers,123,120
128045,2021-03-03,2020,False,Dallas Mavericks,Oklahoma City Thunder,87,78
128046,2021-03-03,2020,False,Philadelphia 76ers,Utah Jazz,131,123
128047,2021-03-03,2020,False,Portland Trail Blazers,Golden State Warriors,108,106
128048,2021-03-03,2020,False,Houston Rockets,Brooklyn Nets,114,132
128049,2021-03-03,2020,False,Orlando Magic,Atlanta Hawks,112,115
128050,2021-03-03,2020,False,New Orleans Pelicans,Chicago Bulls,124,128
128051,2021-03-03,2020,False,Minnesota Timberwolves,Charlotte Hornets,102,135
128052,2021-03-03,2020,False,Cleveland Cavaliers,Indiana Pacers,111,114
128053,2021-03-04,2020,False,Memphis Grizzlies,Milwaukee Bucks,111,112
128054,2021-03-04,2020,False,Indiana Pacers,Denver Nuggets,103,113
128055,2021-03-04,2020,False,New Orleans Pelicans,Miami Heat,93,103
128056,2021-03-04,2020,False,Washington Wizards,LA Clippers,119,117
128057,2021-03-04,2020,False,Portland Trail Blazers,Sacramento Kings,123,119
128058,2021-03-04,2020,False,San Antonio Spurs,Oklahoma City Thunder,102,107
128059,2021-03-04,2020,False,Boston Celtics,Toronto Raptors,132,125
259957,2021-03-04,2020,False,New York Knicks,Detroit Pistons,114,104
264259,2021-03-10,2020,False,Memphis Grizzlies,Washington Wizards,127,112
264260,2021-03-10,2020,False,Dallas Mavericks,San Antonio Spurs,115,104
264261,2021-03-11,2020,False,Brooklyn Nets,Boston Celtics,121,109
264262,2021-03-11,2020,False,Charlotte Hornets,Detroit Pistons,105,102
264263,2021-03-11,2020,False,Toronto Raptors,Atlanta Hawks,120,121
264264,2021-03-11,2020,False,Miami Heat,Orlando Magic,111,103
264265,2021-03-11,2020,False,Chicago Bulls,Philadelphia 76ers,105,127
264266,2021-03-11,2020,False,Milwaukee Bucks,New York Knicks,134,101
264267,2021-03-11,2020,False,New Orleans Pelicans,Minnesota Timberwolves,105,135
264268,2021-03-11,2020,False,Sacramento Kings,Houston Rockets,125,105
264269,2021-03-11,2020,False,LA Clippers,Golden State Warriors,130,104
264270,2021-03-11,2020,False,Oklahoma City Thunder,Dallas Mavericks,116,108
264271,2021-03-11,2020,False,Portland Trail Blazers,Phoenix Suns,121,127
264272,2021-03-12,2020,False,Chicago Bulls,Miami Heat,90,101
264273,2021-03-12,2020,False,San Antonio Spurs,Orlando Magic,104,77
264274,2021-03-12,2020,False,New Orleans Pelicans,Cleveland Cavaliers,116,82
264275,2021-03-12,2020,False,Washington Wizards,Philadelphia 76ers,101,127
264276,2021-03-12,2020,False,Memphis Grizzlies,Denver Nuggets,102,103
264277,2021-03-12,2020,False,Los Angeles Lakers,Indiana Pacers,105,100
264278,2021-03-12,2020,False,Utah Jazz,Houston Rockets,114,99
264279,2021-03-13,2020,False,Charlotte Hornets,Toronto Raptors,114,104
264281,2021-03-13,2020,False,Brooklyn Nets,Detroit Pistons,100,95
264282,2021-03-13,2020,False,Minnesota Timberwolves,Portland Trail Blazers,121,125
264283,2021-03-13,2020,False,Oklahoma City Thunder,New York Knicks,97,119
264284,2021-03-13,2020,False,Atlanta Hawks,Sacramento Kings,121,106
264285,2021-03-13,2020,False,Washington Wizards,Milwaukee Bucks,119,125
264286,2021-03-13,2020,False,Denver Nuggets,Dallas Mavericks,103,116
264287,2021-03-14,2020,False,Minnesota Timberwolves,Portland Trail Blazers,114,112
264288,2021-03-14,2020,False,Chicago Bulls,Toronto Raptors,118,95
264289,2021-03-14,2020,False,Golden State Warriors,Utah Jazz,131,119
264290,2021-03-14,2020,False,Orlando Magic,Miami Heat,97,102
264291,2021-03-14,2020,False,Oklahoma City Thunder,Memphis Grizzlies,128,122
264292,2021-03-14,2020,False,Houston Rockets,Boston Celtics,107,134
264293,2021-03-14,2020,False,Philadelphia 76ers,San Antonio Spurs,134,99
264294,2021-03-14,2020,False,Atlanta Hawks,Cleveland Cavaliers,100,82
264295,2021-03-14,2020,False,New Orleans Pelicans,LA Clippers,135,115
264296,2021-03-15,2020,False,Brooklyn Nets,New York Knicks,117,112
264297,2021-03-15,2020,False,Washington Wizards,Milwaukee Bucks,122,133
264298,2021-03-15,2020,False,Dallas Mavericks,LA Clippers,99,109
264299,2021-03-15,2020,False,Charlotte Hornets,Sacramento Kings,122,116
264301,2021-03-15,2020,False,Denver Nuggets,Indiana Pacers,121,106
264302,2021-03-15,2020,False,Golden State Warriors,Los Angeles Lakers,97,128
264303,2021-03-15,2020,False,Phoenix Suns,Memphis Grizzlies,122,99
264304,2021-03-16,2020,False,Houston Rockets,Atlanta Hawks,107,119
264305,2021-03-16,2020,False,Philadelphia 76ers,New York Knicks,99,96
264306,2021-03-16,2020,False,Boston Celtics,Utah Jazz,109,117
264307,2021-03-16,2020,False,Chicago Bulls,Oklahoma City Thunder,123,102
264308,2021-03-16,2020,False,Miami Heat,Cleveland Cavaliers,113,98
264309,2021-03-16,2020,False,Portland Trail Blazers,New Orleans Pelicans,125,124
264310,2021-03-16,2020,False,Los Angeles Lakers,Minnesota Timberwolves,137,121
264311,2021-03-17,2020,False,Memphis Grizzlies,Miami Heat,89,85
264312,2021-03-17,2020,False,Houston Rockets,Golden State Warriors,94,108
264313,2021-03-17,2020,False,Detroit Pistons,Toronto Raptors,116,112
264314,2021-03-17,2020,False,Philadelphia 76ers,Milwaukee Bucks,105,109
264315,2021-03-17,2020,False,Indiana Pacers,Brooklyn Nets,115,124
264316,2021-03-17,2020,False,Washington Wizards,Sacramento Kings,119,121
264317,2021-03-17,2020,False,Cleveland Cavaliers,Boston Celtics,117,110
264318,2021-03-17,2020,False,Chicago Bulls,San Antonio Spurs,99,106
264319,2021-03-17,2020,False,Denver Nuggets,Charlotte Hornets,129,104
264320,2021-03-17,2020,False,Dallas Mavericks,LA Clippers,105,89
264321,2021-03-18,2020,False,Atlanta Hawks,Oklahoma City Thunder,116,93
264323,2021-03-18,2020,False,New York Knicks,Orlando Magic,94,93
264324,2021-03-18,2020,False,Portland Trail Blazers,New Orleans Pelicans,101,93
264325,2021-03-18,2020,False,Phoenix Suns,Minnesota Timberwolves,119,123
264326,2021-03-18,2020,False,Los Angeles Lakers,Charlotte Hornets,116,105
264327,2021-03-19,2020,False,Houston Rockets,Detroit Pistons,100,113
264329,2021-03-19,2020,False,Boston Celtics,Sacramento Kings,96,107
264330,2021-03-19,2020,False,Memphis Grizzlies,Golden State Warriors,103,116
264331,2021-03-19,2020,False,Orlando Magic,Brooklyn Nets,121,113
264332,2021-03-19,2020,False,Denver Nuggets,Chicago Bulls,131,127
264333,2021-03-19,2020,False,Toronto Raptors,Utah Jazz,112,115
264334,2021-03-19,2020,False,Miami Heat,Indiana Pacers,110,137
264335,2021-03-19,2020,False,Portland Trail Blazers,Dallas Mavericks,125,119
264336,2021-03-19,2020,False,Phoenix Suns,Minnesota Timberwolves,113,101
264337,2021-03-20,2020,False,Philadelphia 76ers,Sacramento Kings,129,105
264338,2021-03-20,2020,False,Los Angeles Lakers,Atlanta Hawks,94,99
264339,2021-03-20,2020,False,LA Clippers,Charlotte Hornets,125,98
264340,2021-03-20,2020,False,Milwaukee Bucks,San Antonio Spurs,120,113
264341,2021-03-20,2020,False,Memphis Grizzlies,Golden State Warriors,111,103
264342,2021-03-21,2020,False,Houston Rockets,Oklahoma City Thunder,112,114
264343,2021-03-21,2020,False,Brooklyn Nets,Washington Wizards,113,106
264344,2021-03-21,2020,False,Miami Heat,Indiana Pacers,106,109
264346,2021-03-21,2020,False,New York Knicks,Philadelphia 76ers,100,101
264347,2021-03-21,2020,False,Cleveland Cavaliers,Toronto Raptors,116,105
264348,2021-03-21,2020,False,Detroit Pistons,Chicago Bulls,86,100
264349,2021-03-21,2020,False,Denver Nuggets,New Orleans Pelicans,108,113
264350,2021-03-21,2020,False,Portland Trail Blazers,Dallas Mavericks,92,132
264351,2021-03-21,2020,False,Phoenix Suns,Los Angeles Lakers,111,94
264352,2021-03-22,2020,False,LA Clippers,Atlanta Hawks,119,110
264353,2021-03-22,2020,False,Minnesota Timberwolves,Oklahoma City Thunder,103,112
264354,2021-03-22,2020,False,Houston Rockets,Toronto Raptors,117,99
264355,2021-03-22,2020,False,Memphis Grizzlies,Boston Celtics,132,126
264356,2021-03-22,2020,False,San Antonio Spurs,Charlotte Hornets,97,100
264357,2021-03-22,2020,False,Chicago Bulls,Utah Jazz,95,120
264358,2021-03-22,2020,False,Cleveland Cavaliers,Sacramento Kings,105,119
264359,2021-03-22,2020,False,Milwaukee Bucks,Indiana Pacers,140,113
264360,2021-03-23,2020,False,New York Knicks,Washington Wizards,131,113
264361,2021-03-23,2020,False,Orlando Magic,Denver Nuggets,99,110
264362,2021-03-23,2020,False,Golden State Warriors,Philadelphia 76ers,98,108
264363,2021-03-23,2020,False,New Orleans Pelicans,Los Angeles Lakers,128,111
264364,2021-03-23,2020,False,Portland Trail Blazers,Brooklyn Nets,112,116
264365,2021-03-23,2020,False,Miami Heat,Phoenix Suns,100,110
264366,2021-03-24,2020,False,Houston Rockets,Charlotte Hornets,97,122
264367,2021-03-24,2020,False,Orlando Magic,Phoenix Suns,112,111
264368,2021-03-24,2020,False,Toronto Raptors,Denver Nuggets,135,111
264369,2021-03-24,2020,False,Indiana Pacers,Detroit Pistons,116,111
264370,2021-03-24,2020,False,Minnesota Timberwolves,Dallas Mavericks,108,128
264371,2021-03-24,2020,False,Milwaukee Bucks,Boston Celtics,121,119
264372,2021-03-24,2020,False,Chicago Bulls,Cleveland Cavaliers,94,103
264373,2021-03-24,2020,False,Oklahoma City Thunder,Memphis Grizzlies,107,116
264374,2021-03-24,2020,False,Utah Jazz,Brooklyn Nets,118,88
264375,2021-03-24,2020,False,San Antonio Spurs,LA Clippers,101,134
264376,2021-03-24,2020,False,Sacramento Kings,Atlanta Hawks,110,108
264377,2021-03-25,2020,False,Los Angeles Lakers,Philadelphia 76ers,101,109
264378,2021-03-25,2020,False,San Antonio Spurs,LA Clippers,85,98
264379,2021-03-25,2020,False,Miami Heat,Portland Trail Blazers,122,125
264380,2021-03-25,2020,False,New York Knicks,Washington Wizards,106,102
264381,2021-03-25,2020,False,Sacramento Kings,Golden State Warriors,141,119
264382,2021-03-26,2020,False,Minnesota Timberwolves,Houston Rockets,107,101
264383,2021-03-26,2020,False,Charlotte Hornets,Miami Heat,110,105
264384,2021-03-26,2020,False,Milwaukee Bucks,Boston Celtics,114,122
264385,2021-03-26,2020,False,Orlando Magic,Portland Trail Blazers,105,112
264386,2021-03-26,2020,False,New Orleans Pelicans,Denver Nuggets,108,113
264387,2021-03-26,2020,False,Detroit Pistons,Brooklyn Nets,111,113
264388,2021-03-26,2020,False,Toronto Raptors,Phoenix Suns,100,104
264389,2021-03-26,2020,False,Dallas Mavericks,Indiana Pacers,94,109
264390,2021-03-26,2020,False,Golden State Warriors,Atlanta Hawks,108,124
264391,2021-03-26,2020,False,Utah Jazz,Memphis Grizzlies,117,114
264392,2021-03-26,2020,False,Los Angeles Lakers,Cleveland Cavaliers,100,86
264393,2021-03-27,2020,False,Washington Wizards,Detroit Pistons,106,92
264394,2021-03-27,2020,False,LA Clippers,Philadelphia 76ers,122,112
264395,2021-03-27,2020,False,Minnesota Timberwolves,Houston Rockets,107,129
264396,2021-03-27,2020,False,San Antonio Spurs,Chicago Bulls,120,104
264397,2021-03-27,2020,False,Sacramento Kings,Cleveland Cavaliers,100,98
264398,2021-03-27,2020,False,Milwaukee Bucks,New York Knicks,96,102
264399,2021-03-27,2020,False,Utah Jazz,Memphis Grizzlies,126,110
264400,2021-03-27,2020,False,Oklahoma City Thunder,Boston Celtics,94,111
264401,2021-03-27,2020,False,New Orleans Pelicans,Dallas Mavericks,112,103
264402,2021-03-28,2020,False,Toronto Raptors,Portland Trail Blazers,117,122
264403,2021-03-28,2020,False,Los Angeles Lakers,Orlando Magic,96,93
264404,2021-03-28,2020,False,Denver Nuggets,Atlanta Hawks,126,102
264405,2021-03-28,2020,False,Charlotte Hornets,Phoenix Suns,97,101
264406,2021-03-29,2020,False,Boston Celtics,New Orleans Pelicans,109,115
264407,2021-03-29,2020,False,Washington Wizards,Indiana Pacers,132,124
264408,2021-03-29,2020,False,Golden State Warriors,Chicago Bulls,116,102
264409,2021-03-29,2020,False,Utah Jazz,Cleveland Cavaliers,114,75
264410,2021-03-29,2020,False,San Antonio Spurs,Sacramento Kings,115,132
264411,2021-03-29,2020,False,New York Knicks,Miami Heat,88,98
264412,2021-03-29,2020,False,Houston Rockets,Memphis Grizzlies,110,120
264413,2021-03-29,2020,False,Brooklyn Nets,Minnesota Timberwolves,112,107
264414,2021-03-29,2020,False,Oklahoma City Thunder,Dallas Mavericks,106,127
264415,2021-03-29,2020,False,Detroit Pistons,Toronto Raptors,118,104
264416,2021-03-29,2020,False,LA Clippers,Milwaukee Bucks,129,105
264418,2021-03-30,2020,False,Washington Wizards,Charlotte Hornets,104,114
264419,2021-03-30,2020,False,Denver Nuggets,Philadelphia 76ers,104,95
264420,2021-03-30,2020,False,LA Clippers,Orlando Magic,96,103
264421,2021-03-31,2020,False,Brooklyn Nets,Houston Rockets,120,108
264422,2021-03-31,2020,False,Los Angeles Lakers,Milwaukee Bucks,97,112
264423,2021-03-31,2020,False,Memphis Grizzlies,Utah Jazz,107,111
264424,2021-03-31,2020,False,San Antonio Spurs,Sacramento Kings,120,106
264425,2021-03-31,2020,False,Detroit Pistons,Portland Trail Blazers,101,124
264426,2021-03-31,2020,False,Indiana Pacers,Miami Heat,87,92
264427,2021-03-31,2020,False,Oklahoma City Thunder,Toronto Raptors,113,103
264428,2021-03-31,2020,False,Phoenix Suns,Chicago Bulls,121,116
264429,2021-03-31,2020,False,Boston Celtics,Dallas Mavericks,108,113
264430,2021-03-31,2020,False,Minnesota Timberwolves,New York Knicks,102,101
264431,2021-04-01,2020,False,Cleveland Cavaliers,Philadelphia 76ers,94,114
264433,2021-04-01,2020,False,Miami Heat,Golden State Warriors,116,109
264434,2021-04-01,2020,False,LA Clippers,Denver Nuggets,94,101
264435,2021-04-01,2020,False,Brooklyn Nets,Charlotte Hornets,111,89
264436,2021-04-01,2020,False,New Orleans Pelicans,Orlando Magic,110,115
264437,2021-04-01,2020,False,San Antonio Spurs,Atlanta Hawks,129,134
264438,2021-04-02,2020,False,Boston Celtics,Houston Rockets,118,102
264439,2021-04-02,2020,False,Memphis Grizzlies,Minnesota Timberwolves,120,108
264440,2021-04-02,2020,False,Indiana Pacers,Charlotte Hornets,97,114
264441,2021-04-02,2020,False,New York Knicks,Dallas Mavericks,86,99
264442,2021-04-02,2020,False,Phoenix Suns,Oklahoma City Thunder,140,103
264443,2021-04-02,2020,False,New Orleans Pelicans,Atlanta Hawks,103,126
264444,2021-04-02,2020,False,Utah Jazz,Chicago Bulls,113,106
264445,2021-04-02,2020,False,Toronto Raptors,Golden State Warriors,130,77
264446,2021-04-02,2020,False,Sacramento Kings,Los Angeles Lakers,94,115
264447,2021-04-02,2020,False,Portland Trail Blazers,Milwaukee Bucks,109,127
264448,2021-04-03,2020,False,Washington Wizards,Dallas Mavericks,87,109
264449,2021-04-03,2020,False,Detroit Pistons,New York Knicks,81,125
264450,2021-04-03,2020,False,Sacramento Kings,Milwaukee Bucks,128,129
264451,2021-04-03,2020,False,Portland Trail Blazers,Oklahoma City Thunder,133,85
264452,2021-04-03,2020,False,Philadelphia 76ers,Minnesota Timberwolves,122,113
264453,2021-04-03,2020,False,Miami Heat,Cleveland Cavaliers,115,101
264454,2021-04-03,2020,False,Utah Jazz,Orlando Magic,137,91
264455,2021-04-03,2020,False,San Antonio Spurs,Indiana Pacers,133,139
264456,2021-04-04,2020,False,Boston Celtics,Charlotte Hornets,116,86
264457,2021-04-04,2020,False,Atlanta Hawks,Golden State Warriors,117,111
264458,2021-04-04,2020,False,Philadelphia 76ers,Memphis Grizzlies,100,116
264459,2021-04-04,2020,False,LA Clippers,Los Angeles Lakers,104,86
264460,2021-04-04,2020,False,Chicago Bulls,Brooklyn Nets,115,107
264461,2021-04-04,2020,False,Houston Rockets,New Orleans Pelicans,115,122
264462,2021-04-04,2020,False,Denver Nuggets,Orlando Magic,119,109
264463,2021-04-05,2020,False,Houston Rockets,Phoenix Suns,130,133
264464,2021-04-05,2020,False,Oklahoma City Thunder,Detroit Pistons,108,132
264465,2021-04-05,2020,False,Minnesota Timberwolves,Sacramento Kings,116,106
264466,2021-04-05,2020,False,Brooklyn Nets,New York Knicks,114,112
264467,2021-04-05,2020,False,Toronto Raptors,Washington Wizards,103,101
264468,2021-04-05,2020,False,Dallas Mavericks,Utah Jazz,111,103
264469,2021-04-05,2020,False,San Antonio Spurs,Cleveland Cavaliers,101,125
264470,2021-04-06,2020,False,LA Clippers,Portland Trail Blazers,133,116
264471,2021-04-06,2020,False,Golden State Warriors,Milwaukee Bucks,122,121
264472,2021-04-06,2020,False,Indiana Pacers,Chicago Bulls,97,113
264473,2021-04-06,2020,False,Toronto Raptors,Los Angeles Lakers,101,110
264474,2021-04-06,2020,False,Atlanta Hawks,New Orleans Pelicans,123,107
264475,2021-04-06,2020,False,Boston Celtics,Philadelphia 76ers,96,106
264476,2021-04-06,2020,False,Miami Heat,Memphis Grizzlies,112,124
264478,2021-04-07,2020,False,Oklahoma City Thunder,Charlotte Hornets,102,113
264480,2021-04-07,2020,False,Orlando Magic,Washington Wizards,116,131
264481,2021-04-07,2020,False,Atlanta Hawks,Memphis Grizzlies,113,131
264482,2021-04-07,2020,False,Boston Celtics,New York Knicks,101,99
264483,2021-04-07,2020,False,Indiana Pacers,Minnesota Timberwolves,141,137
264484,2021-04-07,2020,False,Phoenix Suns,Utah Jazz,117,113
264485,2021-04-07,2020,False,Denver Nuggets,San Antonio Spurs,106,96
264486,2021-04-07,2020,False,Brooklyn Nets,New Orleans Pelicans,139,111
264487,2021-04-08,2020,False,Sacramento Kings,Detroit Pistons,101,113
264488,2021-04-08,2020,False,LA Clippers,Phoenix Suns,113,103
264489,2021-04-08,2020,False,Utah Jazz,Portland Trail Blazers,122,103
264490,2021-04-08,2020,False,Oklahoma City Thunder,Cleveland Cavaliers,102,129
264491,2021-04-08,2020,False,Dallas Mavericks,Milwaukee Bucks,116,101
264492,2021-04-08,2020,False,Miami Heat,Los Angeles Lakers,110,104
264493,2021-04-09,2020,False,Orlando Magic,Indiana Pacers,106,111
264494,2021-04-09,2020,False,New Orleans Pelicans,Philadelphia 76ers,101,94
264495,2021-04-09,2020,False,Denver Nuggets,San Antonio Spurs,121,119
264496,2021-04-09,2020,False,Boston Celtics,Minnesota Timberwolves,145,136
264497,2021-04-09,2020,False,Cleveland Cavaliers,Toronto Raptors,115,135
264498,2021-04-09,2020,False,Atlanta Hawks,Chicago Bulls,120,108
264499,2021-04-09,2020,False,Golden State Warriors,Washington Wizards,107,110
264500,2021-04-09,2020,False,New York Knicks,Memphis Grizzlies,133,129
264501,2021-04-09,2020,False,Milwaukee Bucks,Charlotte Hornets,119,127
264502,2021-04-09,2020,False,LA Clippers,Houston Rockets,126,109
264503,2021-04-10,2020,False,Phoenix Suns,Washington Wizards,134,106
264504,2021-04-10,2020,False,Brooklyn Nets,Los Angeles Lakers,101,126
264506,2021-04-10,2020,False,Utah Jazz,Sacramento Kings,128,112
264507,2021-04-10,2020,False,Golden State Warriors,Houston Rockets,125,109
264508,2021-04-10,2020,False,Portland Trail Blazers,Detroit Pistons,118,103
264509,2021-04-11,2020,False,LA Clippers,Detroit Pistons,131,124
264510,2021-04-11,2020,False,Cleveland Cavaliers,New Orleans Pelicans,109,116
264511,2021-04-11,2020,False,Orlando Magic,Milwaukee Bucks,87,124
264512,2021-04-11,2020,False,Dallas Mavericks,San Antonio Spurs,117,119
264513,2021-04-11,2020,False,Denver Nuggets,Boston Celtics,87,105
264514,2021-04-11,2020,False,Charlotte Hornets,Atlanta Hawks,101,105
264515,2021-04-11,2020,False,New York Knicks,Toronto Raptors,102,96
264516,2021-04-11,2020,False,Minnesota Timberwolves,Chicago Bulls,121,117
264517,2021-04-11,2020,False,Memphis Grizzlies,Indiana Pacers,125,132
264518,2021-04-11,2020,False,Portland Trail Blazers,Miami Heat,98,107
264519,2021-04-12,2020,False,New York Knicks,Los Angeles Lakers,111,96
264520,2021-04-12,2020,False,Utah Jazz,Washington Wizards,121,125
264521,2021-04-12,2020,False,New Orleans Pelicans,Sacramento Kings,117,110
264522,2021-04-12,2020,False,Dallas Mavericks,Philadelphia 76ers,95,113
264524,2021-04-12,2020,False,Minnesota Timberwolves,Brooklyn Nets,97,127
264525,2021-04-12,2020,False,Golden State Warriors,Denver Nuggets,116,107
264526,2021-04-12,2020,False,Phoenix Suns,Houston Rockets,126,120
264527,2021-04-12,2020,False,Orlando Magic,San Antonio Spurs,97,120
264528,2021-04-13,2020,False,Charlotte Hornets,Los Angeles Lakers,93,101
264529,2021-04-13,2020,False,Indiana Pacers,LA Clippers,115,126
264530,2021-04-13,2020,False,Toronto Raptors,Atlanta Hawks,103,108
264531,2021-04-13,2020,False,Utah Jazz,Oklahoma City Thunder,106,96
264532,2021-04-13,2020,False,Portland Trail Blazers,Boston Celtics,115,116
264533,2021-04-13,2020,False,Phoenix Suns,Miami Heat,106,86
264534,2021-04-14,2020,False,Minnesota Timberwolves,Milwaukee Bucks,105,130
264535,2021-04-14,2020,False,Chicago Bulls,Orlando Magic,106,115
264536,2021-04-14,2020,False,Toronto Raptors,San Antonio Spurs,117,112
264537,2021-04-14,2020,False,Philadelphia 76ers,Brooklyn Nets,123,117
264538,2021-04-14,2020,False,Detroit Pistons,LA Clippers,98,100
264539,2021-04-14,2020,False,Charlotte Hornets,Cleveland Cavaliers,90,103
264540,2021-04-14,2020,False,New Orleans Pelicans,New York Knicks,106,116
264541,2021-04-14,2020,False,Oklahoma City Thunder,Golden State Warriors,109,147
264542,2021-04-14,2020,False,Memphis Grizzlies,Dallas Mavericks,113,114
264544,2021-04-14,2020,False,Denver Nuggets,Miami Heat,123,106
264545,2021-04-14,2020,False,Sacramento Kings,Washington Wizards,111,123
264546,2021-04-15,2020,False,Cleveland Cavaliers,Golden State Warriors,101,119
264547,2021-04-15,2020,False,Los Angeles Lakers,Boston Celtics,113,121
264548,2021-04-15,2020,False,Phoenix Suns,Sacramento Kings,122,114
264549,2021-04-15,2020,False,Atlanta Hawks,Milwaukee Bucks,109,120
264550,2021-04-16,2020,False,Utah Jazz,Indiana Pacers,119,111
264551,2021-04-16,2020,False,Washington Wizards,New Orleans Pelicans,117,115
264552,2021-04-16,2020,False,Brooklyn Nets,Charlotte Hornets,130,115
264553,2021-04-16,2020,False,Philadelphia 76ers,LA Clippers,106,103
264554,2021-04-16,2020,False,Minnesota Timberwolves,Miami Heat,119,111
264555,2021-04-16,2020,False,Chicago Bulls,Memphis Grizzlies,115,126
264556,2021-04-16,2020,False,Houston Rockets,Denver Nuggets,99,128
264557,2021-04-16,2020,False,Detroit Pistons,Oklahoma City Thunder,110,104
264558,2021-04-16,2020,False,Toronto Raptors,Orlando Magic,113,102
264559,2021-04-16,2020,False,San Antonio Spurs,Portland Trail Blazers,106,107
264560,2021-04-16,2020,False,Dallas Mavericks,New York Knicks,109,117
264561,2021-04-17,2020,False,Los Angeles Lakers,Utah Jazz,127,115
264562,2021-04-17,2020,False,Boston Celtics,Golden State Warriors,119,114
264563,2021-04-17,2020,False,Phoenix Suns,San Antonio Spurs,85,111
264564,2021-04-17,2020,False,Washington Wizards,Detroit Pistons,121,100
264565,2021-04-17,2020,False,Chicago Bulls,Cleveland Cavaliers,106,96
264566,2021-04-17,2020,False,Milwaukee Bucks,Memphis Grizzlies,115,128
264567,2021-04-18,2020,False,Dallas Mavericks,Sacramento Kings,107,121
264568,2021-04-18,2020,False,Toronto Raptors,Oklahoma City Thunder,112,106
264569,2021-04-18,2020,False,Miami Heat,Brooklyn Nets,109,107
264570,2021-04-18,2020,False,New York Knicks,New Orleans Pelicans,122,112
264571,2021-04-18,2020,False,Atlanta Hawks,Indiana Pacers,129,117
264573,2021-04-18,2020,False,Orlando Magic,Houston Rockets,110,114
264574,2021-04-18,2020,False,LA Clippers,Minnesota Timberwolves,124,105
264575,2021-04-19,2020,False,Detroit Pistons,Cleveland Cavaliers,109,105
264576,2021-04-19,2020,False,Denver Nuggets,Memphis Grizzlies,139,137
264578,2021-04-19,2020,False,Philadelphia 76ers,Golden State Warriors,96,107
264579,2021-04-19,2020,False,Boston Celtics,Chicago Bulls,96,102
264580,2021-04-19,2020,False,Miami Heat,Houston Rockets,113,91
264581,2021-04-19,2020,False,Los Angeles Lakers,Utah Jazz,97,111
264582,2021-04-19,2020,False,Washington Wizards,Oklahoma City Thunder,119,107
264583,2021-04-19,2020,False,Milwaukee Bucks,Phoenix Suns,127,128
264584,2021-04-20,2020,False,New Orleans Pelicans,Brooklyn Nets,129,134
264585,2021-04-20,2020,False,Atlanta Hawks,Orlando Magic,112,96
264586,2021-04-20,2020,False,Sacramento Kings,Minnesota Timberwolves,120,134
264587,2021-04-20,2020,False,Portland Trail Blazers,LA Clippers,112,113
264588,2021-04-20,2020,False,New York Knicks,Charlotte Hornets,109,97
264589,2021-04-21,2020,False,Washington Wizards,Golden State Warriors,118,114
264590,2021-04-21,2020,False,Philadelphia 76ers,Phoenix Suns,113,116
264591,2021-04-21,2020,False,Cleveland Cavaliers,Chicago Bulls,121,105
264592,2021-04-21,2020,False,Indiana Pacers,Oklahoma City Thunder,122,116
264593,2021-04-21,2020,False,Toronto Raptors,Brooklyn Nets,114,103
264594,2021-04-21,2020,False,Houston Rockets,Utah Jazz,89,112
264596,2021-04-21,2020,False,New York Knicks,Atlanta Hawks,137,127
264597,2021-04-21,2020,False,San Antonio Spurs,Miami Heat,87,107
264598,2021-04-21,2020,False,LA Clippers,Memphis Grizzlies,117,105
264599,2021-04-21,2020,False,Sacramento Kings,Minnesota Timberwolves,128,125
264600,2021-04-21,2020,False,Portland Trail Blazers,Denver Nuggets,105,106
264601,2021-04-22,2020,False,San Antonio Spurs,Detroit Pistons,106,91
264602,2021-04-22,2020,False,Orlando Magic,New Orleans Pelicans,100,135
264603,2021-04-22,2020,False,Boston Celtics,Phoenix Suns,99,86
264604,2021-04-22,2020,False,Chicago Bulls,Charlotte Hornets,108,91
264605,2021-04-22,2020,False,Milwaukee Bucks,Philadelphia 76ers,124,117
264606,2021-04-22,2020,False,Dallas Mavericks,Los Angeles Lakers,115,110
264608,2021-04-23,2020,False,Oklahoma City Thunder,Washington Wizards,109,129
264609,2021-04-23,2020,False,Charlotte Hornets,Cleveland Cavaliers,108,102
264610,2021-04-23,2020,False,Brooklyn Nets,Boston Celtics,109,104
264611,2021-04-23,2020,False,Houston Rockets,LA Clippers,104,109
264612,2021-04-23,2020,False,Golden State Warriors,Denver Nuggets,118,97
264613,2021-04-23,2020,False,Atlanta Hawks,Miami Heat,118,103
264614,2021-04-24,2020,False,Dallas Mavericks,Los Angeles Lakers,108,93
264616,2021-04-24,2020,False,Indiana Pacers,Detroit Pistons,115,109
264617,2021-04-24,2020,False,Utah Jazz,Minnesota Timberwolves,96,101
264618,2021-04-24,2020,False,Denver Nuggets,Houston Rockets,129,116
264619,2021-04-24,2020,False,Milwaukee Bucks,Philadelphia 76ers,132,94
264620,2021-04-24,2020,False,Miami Heat,Chicago Bulls,106,101
264621,2021-04-24,2020,False,New York Knicks,Toronto Raptors,120,103
264622,2021-04-25,2020,False,Orlando Magic,Indiana Pacers,112,131
264623,2021-04-25,2020,False,Charlotte Hornets,Boston Celtics,125,104
264626,2021-04-25,2020,False,Golden State Warriors,Sacramento Kings,117,113
264627,2021-04-25,2020,False,Brooklyn Nets,Phoenix Suns,128,119
264628,2021-04-25,2020,False,Atlanta Hawks,Milwaukee Bucks,111,104
264629,2021-04-26,2020,False,Miami Heat,Chicago Bulls,102,110
264630,2021-04-26,2020,False,New York Knicks,Phoenix Suns,110,118
264631,2021-04-26,2020,False,Orlando Magic,Los Angeles Lakers,103,114
264632,2021-04-26,2020,False,Washington Wizards,San Antonio Spurs,143,146
264633,2021-04-26,2020,False,Philadelphia 76ers,Oklahoma City Thunder,121,90
264634,2021-04-26,2020,False,Toronto Raptors,Cleveland Cavaliers,112,96
264635,2021-04-26,2020,False,Detroit Pistons,Atlanta Hawks,100,86
264636,2021-04-26,2020,False,Minnesota Timberwolves,Utah Jazz,105,104
264637,2021-04-26,2020,False,New Orleans Pelicans,LA Clippers,120,103
264638,2021-04-26,2020,False,Denver Nuggets,Memphis Grizzlies,120,96
264639,2021-04-26,2020,False,Sacramento Kings,Dallas Mavericks,113,106
264640,2021-04-27,2020,False,Boston Celtics,Oklahoma City Thunder,115,119
264641,2021-04-27,2020,False,Indiana Pacers,Portland Trail Blazers,112,133
264642,2021-04-27,2020,False,Charlotte Hornets,Milwaukee Bucks,104,114
264643,2021-04-27,2020,False,Toronto Raptors,Brooklyn Nets,103,116
264644,2021-04-27,2020,False,Golden State Warriors,Dallas Mavericks,103,133
264645,2021-04-27,2020,False,Houston Rockets,Minnesota Timberwolves,107,114
264646,2021-04-28,2020,False,Washington Wizards,Los Angeles Lakers,116,107
264647,2021-04-28,2020,False,Miami Heat,San Antonio Spurs,116,111
264648,2021-04-28,2020,False,Boston Celtics,Charlotte Hornets,120,111
264649,2021-04-28,2020,False,Cleveland Cavaliers,Orlando Magic,104,109
264650,2021-04-28,2020,False,Philadelphia 76ers,Atlanta Hawks,127,83
264651,2021-04-28,2020,False,New York Knicks,Chicago Bulls,113,94
264652,2021-04-28,2020,False,Memphis Grizzlies,Portland Trail Blazers,109,130
264653,2021-04-28,2020,False,Denver Nuggets,New Orleans Pelicans,114,112
264654,2021-04-28,2020,False,Sacramento Kings,Utah Jazz,105,154
264655,2021-04-28,2020,False,Phoenix Suns,LA Clippers,109,101
264656,2021-04-29,2020,False,Detroit Pistons,Dallas Mavericks,105,115
264657,2021-04-29,2020,False,Houston Rockets,Milwaukee Bucks,143,136
264658,2021-04-29,2020,False,Oklahoma City Thunder,New Orleans Pelicans,95,109
264659,2021-04-29,2020,False,Indiana Pacers,Brooklyn Nets,113,130
264660,2021-04-29,2020,False,Minnesota Timberwolves,Golden State Warriors,126,114
264661,2021-04-29,2020,False,Denver Nuggets,Toronto Raptors,121,111
264662,2021-04-30,2020,False,Los Angeles Lakers,Sacramento Kings,106,110
264663,2021-04-30,2020,False,Chicago Bulls,Milwaukee Bucks,98,108
264664,2021-04-30,2020,False,Phoenix Suns,Utah Jazz,121,100
264665,2021-04-30,2020,False,Cleveland Cavaliers,Washington Wizards,93,122
264666,2021-04-30,2020,False,Philadelphia 76ers,Atlanta Hawks,126,104
264667,2021-04-30,2020,False,Memphis Grizzlies,Orlando Magic,92,75
264668,2021-04-30,2020,False,Boston Celtics,San Antonio Spurs,143,140
264669,2021-04-30,2020,False,Brooklyn Nets,Portland Trail Blazers,109,128
264670,2021-05-01,2020,False,Dallas Mavericks,Washington Wizards,125,124
264671,2021-05-01,2020,False,Oklahoma City Thunder,Indiana Pacers,95,152
264672,2021-05-01,2020,False,Charlotte Hornets,Detroit Pistons,107,94
264673,2021-05-01,2020,False,Houston Rockets,Golden State Warriors,87,113
264674,2021-05-01,2020,False,Utah Jazz,Toronto Raptors,106,102
264675,2021-05-01,2020,False,Atlanta Hawks,Chicago Bulls,108,97
264676,2021-05-01,2020,False,Minnesota Timberwolves,New Orleans Pelicans,136,140
264677,2021-05-01,2020,False,Orlando Magic,Memphis Grizzlies,112,111
264678,2021-05-01,2020,False,Cleveland Cavaliers,Miami Heat,107,124
264679,2021-05-01,2020,False,LA Clippers,Denver Nuggets,104,110
264680,2021-05-02,2020,False,Milwaukee Bucks,Brooklyn Nets,117,114
264681,2021-05-02,2020,False,Charlotte Hornets,Miami Heat,111,121
264682,2021-05-02,2020,False,Dallas Mavericks,Sacramento Kings,99,111
264683,2021-05-02,2020,False,Boston Celtics,Portland Trail Blazers,119,129
264684,2021-05-02,2020,False,Los Angeles Lakers,Toronto Raptors,114,121
264685,2021-05-02,2020,False,Houston Rockets,New York Knicks,97,122
264686,2021-05-02,2020,False,Oklahoma City Thunder,Phoenix Suns,120,123
264687,2021-05-02,2020,False,San Antonio Spurs,Philadelphia 76ers,111,113
264688,2021-05-03,2020,False,Detroit Pistons,Orlando Magic,112,119
264689,2021-05-03,2020,False,Washington Wizards,Indiana Pacers,154,141
264690,2021-05-03,2020,False,Memphis Grizzlies,New York Knicks,104,118
264691,2021-05-03,2020,False,Atlanta Hawks,Portland Trail Blazers,123,114
264692,2021-05-03,2020,False,Utah Jazz,San Antonio Spurs,110,99
264693,2021-05-03,2020,False,Chicago Bulls,Philadelphia 76ers,94,106
264694,2021-05-03,2020,False,New Orleans Pelicans,Golden State Warriors,108,123
264695,2021-05-03,2020,False,Los Angeles Lakers,Denver Nuggets,93,89
264696,2021-05-04,2020,False,Miami Heat,Dallas Mavericks,113,127
264697,2021-05-04,2020,False,Milwaukee Bucks,Brooklyn Nets,124,118
264698,2021-05-04,2020,False,Cleveland Cavaliers,Phoenix Suns,118,134
264699,2021-05-04,2020,False,Detroit Pistons,Charlotte Hornets,99,102
264700,2021-05-04,2020,False,Oklahoma City Thunder,Sacramento Kings,99,103
264701,2021-05-04,2020,False,LA Clippers,Toronto Raptors,105,100
264702,2021-05-04,2020,False,New Orleans Pelicans,Golden State Warriors,108,103
264703,2021-05-05,2020,False,Utah Jazz,San Antonio Spurs,126,94
264704,2021-05-05,2020,False,Denver Nuggets,New York Knicks,113,97
264705,2021-05-05,2020,False,Cleveland Cavaliers,Portland Trail Blazers,105,141
264706,2021-05-05,2020,False,Houston Rockets,Philadelphia 76ers,115,135
264708,2021-05-05,2020,False,Orlando Magic,Boston Celtics,96,132
264710,2021-05-05,2020,False,Atlanta Hawks,Phoenix Suns,135,103
264711,2021-05-05,2020,False,Indiana Pacers,Sacramento Kings,93,104
264712,2021-05-06,2020,False,Toronto Raptors,Washington Wizards,129,131
264713,2021-05-06,2020,False,Dallas Mavericks,Brooklyn Nets,113,109
264715,2021-05-06,2020,False,LA Clippers,Los Angeles Lakers,118,94
264716,2021-05-06,2020,False,Detroit Pistons,Memphis Grizzlies,111,97
264717,2021-05-06,2020,False,Indiana Pacers,Atlanta Hawks,133,126
264718,2021-05-06,2020,False,Golden State Warriors,Oklahoma City Thunder,118,97
264719,2021-05-07,2020,False,Utah Jazz,Denver Nuggets,127,120
264721,2021-05-07,2020,False,Charlotte Hornets,Orlando Magic,122,112
264722,2021-05-07,2020,False,Miami Heat,Minnesota Timberwolves,121,112
264723,2021-05-07,2020,False,Philadelphia 76ers,New Orleans Pelicans,109,107
264724,2021-05-07,2020,False,Dallas Mavericks,Cleveland Cavaliers,110,90
264725,2021-05-07,2020,False,Phoenix Suns,New York Knicks,128,105
264726,2021-05-07,2020,False,Milwaukee Bucks,Houston Rockets,141,133
264727,2021-05-07,2020,False,Sacramento Kings,San Antonio Spurs,104,113
264728,2021-05-07,2020,False,Portland Trail Blazers,Los Angeles Lakers,106,101
264729,2021-05-08,2020,False,Indiana Pacers,Washington Wizards,132,133
264730,2021-05-08,2020,False,Toronto Raptors,Memphis Grizzlies,99,109
264731,2021-05-08,2020,False,Portland Trail Blazers,San Antonio Spurs,124,102
264732,2021-05-08,2020,False,Denver Nuggets,Brooklyn Nets,119,125
264733,2021-05-08,2020,False,Utah Jazz,Houston Rockets,124,116
264734,2021-05-08,2020,False,Philadelphia 76ers,Detroit Pistons,118,104
264735,2021-05-08,2020,False,Golden State Warriors,Oklahoma City Thunder,136,97
264736,2021-05-09,2020,False,Orlando Magic,Minnesota Timberwolves,96,128
264737,2021-05-09,2020,False,LA Clippers,New York Knicks,100,106
264738,2021-05-09,2020,False,Los Angeles Lakers,Phoenix Suns,123,110
264739,2021-05-09,2020,False,Boston Celtics,Miami Heat,124,130
264740,2021-05-09,2020,False,Sacramento Kings,Oklahoma City Thunder,126,98
264741,2021-05-09,2020,False,Charlotte Hornets,New Orleans Pelicans,110,112
264742,2021-05-09,2020,False,Detroit Pistons,Chicago Bulls,96,108
264743,2021-05-09,2020,False,Cleveland Cavaliers,Dallas Mavericks,97,124
264744,2021-05-10,2020,False,Golden State Warriors,Utah Jazz,119,116
264745,2021-05-10,2020,False,Memphis Grizzlies,New Orleans Pelicans,115,110
264746,2021-05-10,2020,False,San Antonio Spurs,Milwaukee Bucks,146,125
264747,2021-05-10,2020,False,Atlanta Hawks,Washington Wizards,125,124
264748,2021-05-10,2020,False,Cleveland Cavaliers,Indiana Pacers,102,111
264749,2021-05-10,2020,False,Portland Trail Blazers,Houston Rockets,140,129
264751,2021-05-11,2020,False,Boston Celtics,Miami Heat,121,129
264752,2021-05-11,2020,False,Toronto Raptors,LA Clippers,96,115
264753,2021-05-11,2020,False,Detroit Pistons,Minnesota Timberwolves,100,119
264754,2021-05-11,2020,False,Milwaukee Bucks,Orlando Magic,114,102
264755,2021-05-11,2020,False,Sacramento Kings,Oklahoma City Thunder,122,106
264756,2021-05-11,2020,False,Memphis Grizzlies,Dallas Mavericks,133,104
264757,2021-05-11,2020,False,Chicago Bulls,Brooklyn Nets,107,115
264758,2021-05-11,2020,False,Indiana Pacers,Philadelphia 76ers,103,94
264759,2021-05-11,2020,False,Golden State Warriors,Phoenix Suns,122,116
264760,2021-05-11,2020,False,Los Angeles Lakers,New York Knicks,101,99
264761,2021-05-12,2020,False,Los Angeles Lakers,Houston Rockets,124,122
264762,2021-05-12,2020,False,Atlanta Hawks,Washington Wizards,120,116
264763,2021-05-12,2020,False,Cleveland Cavaliers,Boston Celtics,102,94
264764,2021-05-12,2020,False,Dallas Mavericks,New Orleans Pelicans,125,107
264765,2021-05-12,2020,False,Utah Jazz,Portland Trail Blazers,98,105
264766,2021-05-12,2020,False,Brooklyn Nets,San Antonio Spurs,128,116
264768,2021-05-13,2020,False,Chicago Bulls,Toronto Raptors,114,102
264770,2021-05-13,2020,False,Atlanta Hawks,Orlando Magic,116,93
264771,2021-05-13,2020,False,Charlotte Hornets,LA Clippers,90,113
264772,2021-05-13,2020,False,Miami Heat,Philadelphia 76ers,106,94
264773,2021-05-13,2020,False,Indiana Pacers,Milwaukee Bucks,133,142
264774,2021-05-13,2020,False,Minnesota Timberwolves,Denver Nuggets,103,114
264775,2021-05-13,2020,False,Phoenix Suns,Portland Trail Blazers,118,117
264776,2021-05-14,2020,False,Golden State Warriors,New Orleans Pelicans,125,122
264777,2021-05-14,2020,False,Detroit Pistons,Denver Nuggets,91,104
264779,2021-05-14,2020,False,Oklahoma City Thunder,Utah Jazz,93,109
264781,2021-05-14,2020,False,Houston Rockets,LA Clippers,122,115
264782,2021-05-14,2020,False,Philadelphia 76ers,Orlando Magic,122,97
264783,2021-05-14,2020,False,Dallas Mavericks,Toronto Raptors,114,110
264784,2021-05-15,2020,False,Minnesota Timberwolves,Boston Celtics,108,124
264785,2021-05-15,2020,False,Brooklyn Nets,Chicago Bulls,105,91
264786,2021-05-15,2020,False,Indiana Pacers,Los Angeles Lakers,115,122
264787,2021-05-15,2020,False,Milwaukee Bucks,Miami Heat,122,108
264788,2021-05-15,2020,False,San Antonio Spurs,Phoenix Suns,103,140
264789,2021-05-15,2020,False,New York Knicks,Charlotte Hornets,118,109
264790,2021-05-16,2020,False,New York Knicks,Boston Celtics,96,92
264791,2021-05-16,2020,False,Chicago Bulls,Milwaukee Bucks,118,112
264792,2021-05-16,2020,False,Golden State Warriors,Memphis Grizzlies,113,101
264793,2021-05-16,2020,False,Minnesota Timberwolves,Dallas Mavericks,136,121
264794,2021-05-16,2020,False,Atlanta Hawks,Houston Rockets,124,95
264795,2021-05-16,2020,False,Brooklyn Nets,Cleveland Cavaliers,123,109
264796,2021-05-16,2020,False,Detroit Pistons,Miami Heat,107,120
264797,2021-05-16,2020,False,New Orleans Pelicans,Los Angeles Lakers,98,110
264798,2021-05-16,2020,False,Oklahoma City Thunder,LA Clippers,117,112
264799,2021-05-16,2020,False,Philadelphia 76ers,Orlando Magic,128,117
264800,2021-05-16,2020,False,Portland Trail Blazers,Denver Nuggets,132,116
264801,2021-05-16,2020,False,Washington Wizards,Charlotte Hornets,115,110
264802,2021-05-16,2020,False,Toronto Raptors,Indiana Pacers,113,125
264803,2021-05-16,2020,False,San Antonio Spurs,Phoenix Suns,121,123
264804,2021-05-16,2020,False,Sacramento Kings,Utah Jazz,99,121
422472,2021-05-18,2020,True,Indiana Pacers,Charlotte Hornets,144,117
422473,2021-05-18,2020,False,Boston Celtics,Washington Wizards,118,100
422762,2021-05-19,2020,True,Los Angeles Lakers,Golden State Warriors,103,100
422763,2021-05-19,2020,True,Memphis Grizzlies,San Antonio Spurs,100,96
423334,2021-05-20,2020,True,Washington Wizards,Indiana Pacers,142,115
423764,2021-05-21,2020,True,Golden State Warriors,Memphis Grizzlies,112,117
424052,2021-05-22,2020,True,Milwaukee Bucks,Miami Heat,109,107
424053,2021-05-22,2020,True,LA Clippers,Dallas Mavericks,103,113
424054,2021-05-22,2020,True,Brooklyn Nets,Boston Celtics,104,93
424055,2021-05-22,2020,True,Denver Nuggets,Portland Trail Blazers,109,123
424775,2021-05-23,2020,True,Philadelphia 76ers,Washington Wizards,125,118
424776,2021-05-23,2020,True,Utah Jazz,Memphis Grizzlies,109,112
424777,2021-05-23,2020,True,Phoenix Suns,Los Angeles Lakers,99,90
424778,2021-05-23,2020,True,New York Knicks,Atlanta Hawks,105,107
425927,2021-05-24,2020,True,Denver Nuggets,Portland Trail Blazers,128,109
425928,2021-05-24,2020,True,Milwaukee Bucks,Miami Heat,132,98
426789,2021-05-25,2020,True,Brooklyn Nets,Boston Celtics,130,108
426790,2021-05-25,2020,True,Phoenix Suns,Los Angeles Lakers,102,109
426791,2021-05-25,2020,True,LA Clippers,Dallas Mavericks,121,127
427510,2021-05-26,2020,True,New York Knicks,Atlanta Hawks,101,92
427511,2021-05-26,2020,True,Utah Jazz,Memphis Grizzlies,141,129
427512,2021-05-26,2020,True,Philadelphia 76ers,Washington Wizards,120,95
428347,2021-05-27,2020,True,Portland Trail Blazers,Denver Nuggets,115,120
428348,2021-05-27,2020,True,Los Angeles Lakers,Phoenix Suns,109,95
428349,2021-05-27,2020,True,Miami Heat,Milwaukee Bucks,84,113
429183,2021-05-28,2020,True,Atlanta Hawks,New York Knicks,105,94
429184,2021-05-28,2020,True,Boston Celtics,Brooklyn Nets,125,119
429185,2021-05-28,2020,True,Dallas Mavericks,LA Clippers,108,118
430017,2021-05-29,2020,True,Portland Trail Blazers,Denver Nuggets,115,95
430018,2021-05-29,2020,True,Miami Heat,Milwaukee Bucks,103,120
430019,2021-05-29,2020,True,Washington Wizards,Philadelphia 76ers,103,132
430020,2021-05-29,2020,True,Memphis Grizzlies,Utah Jazz,111,121
430990,2021-05-30,2020,True,Los Angeles Lakers,Phoenix Suns,92,100
430991,2021-05-30,2020,True,Dallas Mavericks,LA Clippers,81,106
430992,2021-05-30,2020,True,Atlanta Hawks,New York Knicks,113,96
430993,2021-05-30,2020,True,Boston Celtics,Brooklyn Nets,126,141
432118,2021-05-31,2020,True,Washington Wizards,Philadelphia 76ers,122,114
432119,2021-05-31,2020,True,Memphis Grizzlies,Utah Jazz,113,120
432958,2021-06-01,2020,True,Denver Nuggets,Portland Trail Blazers,147,140
432959,2021-06-01,2020,True,Brooklyn Nets,Boston Celtics,123,109
432960,2021-06-01,2020,True,Phoenix Suns,Los Angeles Lakers,115,85
433679,2021-06-02,2020,True,New York Knicks,Atlanta Hawks,89,103
433680,2021-06-02,2020,True,Utah Jazz,Memphis Grizzlies,126,110
433681,2021-06-02,2020,True,Philadelphia 76ers,Washington Wizards,129,112
433682,2021-06-02,2020,True,LA Clippers,Dallas Mavericks,100,105
434688,2021-06-03,2020,True,Portland Trail Blazers,Denver Nuggets,115,126
434689,2021-06-03,2020,True,Los Angeles Lakers,Phoenix Suns,100,113
435550,2021-06-04,2020,True,Dallas Mavericks,LA Clippers,97,104
436011,2021-06-05,2020,True,Brooklyn Nets,Milwaukee Bucks,115,107
436299,2021-06-06,2020,True,Philadelphia 76ers,Atlanta Hawks,124,128
436300,2021-06-06,2020,True,LA Clippers,Dallas Mavericks,126,111
436732,2021-06-07,2020,True,Phoenix Suns,Denver Nuggets,122,105
436733,2021-06-07,2020,True,Brooklyn Nets,Milwaukee Bucks,125,86
437308,2021-06-08,2020,True,Philadelphia 76ers,Atlanta Hawks,118,102
437309,2021-06-08,2020,True,Utah Jazz,LA Clippers,112,109
437880,2021-06-09,2020,True,Phoenix Suns,Denver Nuggets,123,98
438309,2021-06-10,2020,True,Milwaukee Bucks,Brooklyn Nets,86,83
438310,2021-06-10,2020,True,Utah Jazz,LA Clippers,117,111
438742,2021-06-11,2020,True,Denver Nuggets,Phoenix Suns,102,116
438743,2021-06-11,2020,True,Atlanta Hawks,Philadelphia 76ers,111,127
439318,2021-06-12,2020,True,LA Clippers,Utah Jazz,132,106
439749,2021-06-13,2020,True,Milwaukee Bucks,Brooklyn Nets,107,96
439750,2021-06-13,2020,True,Denver Nuggets,Phoenix Suns,118,125
440182,2021-06-14,2020,True,Atlanta Hawks,Philadelphia 76ers,103,100
440183,2021-06-14,2020,True,LA Clippers,Utah Jazz,118,104
440758,2021-06-15,2020,True,Brooklyn Nets,Milwaukee Bucks,114,108
441189,2021-06-16,2020,True,Philadelphia 76ers,Atlanta Hawks,106,109
441190,2021-06-16,2020,True,Utah Jazz,LA Clippers,111,119
441625,2021-06-17,2020,True,Milwaukee Bucks,Brooklyn Nets,104,89
442056,2021-06-18,2020,True,Atlanta Hawks,Philadelphia 76ers,99,104
442057,2021-06-18,2020,True,LA Clippers,Utah Jazz,131,119
442489,2021-06-19,2020,True,Brooklyn Nets,Milwaukee Bucks,111,115
442920,2021-06-20,2020,True,Phoenix Suns,LA Clippers,120,114
442921,2021-06-20,2020,True,Philadelphia 76ers,Atlanta Hawks,96,103
443638,2021-06-22,2020,True,Phoenix Suns,LA Clippers,104,103
443783,2021-06-23,2020,True,Milwaukee Bucks,Atlanta Hawks,113,116
444070,2021-06-24,2020,True,LA Clippers,Phoenix Suns,106,92
444358,2021-06-25,2020,True,Milwaukee Bucks,Atlanta Hawks,125,91
444646,2021-06-26,2020,True,LA Clippers,Phoenix Suns,80,84
444934,2021-06-27,2020,True,Atlanta Hawks,Milwaukee Bucks,102,113
445222,2021-06-28,2020,True,Phoenix Suns,LA Clippers,102,116
445510,2021-06-29,2020,True,Atlanta Hawks,Milwaukee Bucks,110,88
445798,2021-06-30,2020,True,LA Clippers,Phoenix Suns,103,130
446086,2021-07-01,2020,True,Milwaukee Bucks,Atlanta Hawks,123,112
446517,2021-07-03,2020,True,Atlanta Hawks,Milwaukee Bucks,107,118
446897,2021-07-06,2020,True,Phoenix Suns,Milwaukee Bucks,118,105
447185,2021-07-08,2020,True,Phoenix Suns,Milwaukee Bucks,118,108
447473,2021-07-11,2020,True,Milwaukee Bucks,Phoenix Suns,120,100
447761,2021-07-14,2020,True,Milwaukee Bucks,Phoenix Suns,109,103
448049,2021-07-17,2020,True,Phoenix Suns,Milwaukee Bucks,119,123
448337,2021-07-20,2020,True,Milwaukee Bucks,Phoenix Suns,105,98
473409,2021-10-19,2021,False,Los Angeles Lakers,Golden State Warriors,114,121
473410,2021-10-19,2021,False,Milwaukee Bucks,Brooklyn Nets,127,104
473411,2021-10-20,2021,False,Charlotte Hornets,Indiana Pacers,123,122
473412,2021-10-20,2021,False,Detroit Pistons,Chicago Bulls,88,94
473413,2021-10-20,2021,False,Toronto Raptors,Washington Wizards,83,98
473414,2021-10-20,2021,False,New York Knicks,Boston Celtics,138,134
473415,2021-10-20,2021,False,Memphis Grizzlies,Cleveland Cavaliers,132,121
473416,2021-10-20,2021,False,Minnesota Timberwolves,Houston Rockets,124,106
473417,2021-10-20,2021,False,New Orleans Pelicans,Philadelphia 76ers,97,117
473418,2021-10-20,2021,False,San Antonio Spurs,Orlando Magic,123,97
473419,2021-10-20,2021,False,Utah Jazz,Oklahoma City Thunder,107,86
473420,2021-10-20,2021,False,Portland Trail Blazers,Sacramento Kings,121,124
473421,2021-10-20,2021,False,Phoenix Suns,Denver Nuggets,98,110
473422,2021-10-21,2021,False,Golden State Warriors,LA Clippers,115,113
473423,2021-10-21,2021,False,Miami Heat,Milwaukee Bucks,137,95
473424,2021-10-21,2021,False,Atlanta Hawks,Dallas Mavericks,113,87
473425,2021-10-22,2021,False,Philadelphia 76ers,Brooklyn Nets,109,114
473426,2021-10-22,2021,False,Washington Wizards,Indiana Pacers,135,134
473427,2021-10-22,2021,False,Boston Celtics,Toronto Raptors,83,115
473428,2021-10-22,2021,False,Cleveland Cavaliers,Charlotte Hornets,112,123
473429,2021-10-22,2021,False,Houston Rockets,Oklahoma City Thunder,124,91
473430,2021-10-22,2021,False,Denver Nuggets,San Antonio Spurs,102,96
473431,2021-10-22,2021,False,Orlando Magic,New York Knicks,96,121
473432,2021-10-22,2021,False,Los Angeles Lakers,Phoenix Suns,105,115
473433,2021-10-22,2021,False,Chicago Bulls,New Orleans Pelicans,128,112
473434,2021-10-22,2021,False,Sacramento Kings,Utah Jazz,101,110
473435,2021-10-23,2021,False,LA Clippers,Memphis Grizzlies,114,120
473436,2021-10-23,2021,False,Indiana Pacers,Miami Heat,102,91
473437,2021-10-23,2021,False,Minnesota Timberwolves,New Orleans Pelicans,96,89
473438,2021-10-23,2021,False,Chicago Bulls,Detroit Pistons,97,82
473439,2021-10-23,2021,False,Cleveland Cavaliers,Atlanta Hawks,101,95
473440,2021-10-23,2021,False,Toronto Raptors,Dallas Mavericks,95,103
473441,2021-10-23,2021,False,Portland Trail Blazers,Phoenix Suns,134,105
473442,2021-10-23,2021,False,San Antonio Spurs,Milwaukee Bucks,111,121
473443,2021-10-24,2021,False,Houston Rockets,Boston Celtics,97,107
473444,2021-10-24,2021,False,New York Knicks,Orlando Magic,104,110
473445,2021-10-24,2021,False,Oklahoma City Thunder,Philadelphia 76ers,103,115
473446,2021-10-24,2021,False,Los Angeles Lakers,Memphis Grizzlies,121,118
473447,2021-10-24,2021,False,Sacramento Kings,Golden State Warriors,107,119
473448,2021-10-24,2021,False,Brooklyn Nets,Charlotte Hornets,95,111
473449,2021-10-25,2021,False,Minnesota Timberwolves,New Orleans Pelicans,98,107
473450,2021-10-25,2021,False,Toronto Raptors,Chicago Bulls,108,111
473451,2021-10-25,2021,False,Miami Heat,Orlando Magic,107,90
473452,2021-10-25,2021,False,Indiana Pacers,Milwaukee Bucks,109,119
473453,2021-10-25,2021,False,Brooklyn Nets,Washington Wizards,104,90
473454,2021-10-25,2021,False,Atlanta Hawks,Detroit Pistons,122,104
473455,2021-10-25,2021,False,Charlotte Hornets,Boston Celtics,129,140
473456,2021-10-25,2021,False,Denver Nuggets,Cleveland Cavaliers,87,99
473457,2021-10-25,2021,False,LA Clippers,Portland Trail Blazers,116,86
473458,2021-10-26,2021,False,Dallas Mavericks,Houston Rockets,116,106
473459,2021-10-26,2021,False,Oklahoma City Thunder,Golden State Warriors,98,106
473460,2021-10-26,2021,False,San Antonio Spurs,Los Angeles Lakers,121,125
473461,2021-10-26,2021,False,New York Knicks,Philadelphia 76ers,112,99
473462,2021-10-26,2021,False,Utah Jazz,Denver Nuggets,122,110
473463,2021-10-27,2021,False,New Orleans Pelicans,Atlanta Hawks,99,102
473464,2021-10-27,2021,False,Milwaukee Bucks,Minnesota Timberwolves,108,113
473465,2021-10-27,2021,False,Oklahoma City Thunder,Los Angeles Lakers,123,115
473466,2021-10-27,2021,False,Orlando Magic,Charlotte Hornets,111,120
473467,2021-10-27,2021,False,Boston Celtics,Washington Wizards,107,116
473468,2021-10-27,2021,False,Toronto Raptors,Indiana Pacers,118,100
473469,2021-10-27,2021,False,Phoenix Suns,Sacramento Kings,107,110
473470,2021-10-27,2021,False,Brooklyn Nets,Miami Heat,93,106
473471,2021-10-27,2021,False,LA Clippers,Cleveland Cavaliers,79,92
473472,2021-10-27,2021,False,Portland Trail Blazers,Memphis Grizzlies,116,96
473473,2021-10-28,2021,False,Washington Wizards,Atlanta Hawks,122,111
473474,2021-10-28,2021,False,Chicago Bulls,New York Knicks,103,104
473475,2021-10-28,2021,False,Philadelphia 76ers,Detroit Pistons,110,102
473476,2021-10-28,2021,False,Houston Rockets,Utah Jazz,91,122
473477,2021-10-28,2021,False,Dallas Mavericks,San Antonio Spurs,104,99
473478,2021-10-28,2021,False,Golden State Warriors,Memphis Grizzlies,101,104
473479,2021-10-29,2021,False,Toronto Raptors,Orlando Magic,110,109
473480,2021-10-29,2021,False,Portland Trail Blazers,LA Clippers,111,92
473481,2021-10-29,2021,False,Brooklyn Nets,Indiana Pacers,105,98
473482,2021-10-29,2021,False,Denver Nuggets,Dallas Mavericks,106,75
473483,2021-10-29,2021,False,Miami Heat,Charlotte Hornets,114,99
473484,2021-10-29,2021,False,New Orleans Pelicans,Sacramento Kings,109,113
473485,2021-10-29,2021,False,Los Angeles Lakers,Cleveland Cavaliers,113,101
473486,2021-10-30,2021,False,Washington Wizards,Boston Celtics,115,112
473487,2021-10-30,2021,False,Memphis Grizzlies,Miami Heat,103,129
473488,2021-10-30,2021,False,Milwaukee Bucks,San Antonio Spurs,93,102
473489,2021-10-30,2021,False,Chicago Bulls,Utah Jazz,107,99
473490,2021-10-30,2021,False,Golden State Warriors,Oklahoma City Thunder,103,82
473491,2021-10-30,2021,False,New Orleans Pelicans,New York Knicks,117,123
473492,2021-10-30,2021,False,Minnesota Timberwolves,Denver Nuggets,91,93
473493,2021-10-30,2021,False,Detroit Pistons,Orlando Magic,110,103
473494,2021-10-30,2021,False,Indiana Pacers,Toronto Raptors,94,97
473495,2021-10-30,2021,False,Philadelphia 76ers,Atlanta Hawks,122,94
473496,2021-10-30,2021,False,Phoenix Suns,Cleveland Cavaliers,101,92
473497,2021-10-31,2021,False,Dallas Mavericks,Sacramento Kings,105,99
473498,2021-10-31,2021,False,Los Angeles Lakers,Houston Rockets,95,85
473499,2021-10-31,2021,False,Milwaukee Bucks,Utah Jazz,95,107
473500,2021-10-31,2021,False,Charlotte Hornets,Portland Trail Blazers,125,113
473501,2021-10-31,2021,False,Brooklyn Nets,Detroit Pistons,117,91
473502,2021-11-01,2021,False,New York Knicks,Toronto Raptors,104,113
473503,2021-11-01,2021,False,Philadelphia 76ers,Portland Trail Blazers,113,103
473504,2021-11-01,2021,False,Indiana Pacers,San Antonio Spurs,131,118
473505,2021-11-01,2021,False,Atlanta Hawks,Washington Wizards,118,111
473506,2021-11-01,2021,False,Minnesota Timberwolves,Orlando Magic,97,115
473507,2021-11-01,2021,False,Boston Celtics,Chicago Bulls,114,128
473508,2021-11-01,2021,False,Charlotte Hornets,Cleveland Cavaliers,110,113
473509,2021-11-01,2021,False,Memphis Grizzlies,Denver Nuggets,106,97
473510,2021-11-01,2021,False,LA Clippers,Oklahoma City Thunder,99,94
473511,2021-11-02,2021,False,Dallas Mavericks,Miami Heat,110,125
473512,2021-11-02,2021,False,Detroit Pistons,Milwaukee Bucks,89,117
473513,2021-11-02,2021,False,Utah Jazz,Sacramento Kings,119,113
473514,2021-11-02,2021,False,Phoenix Suns,New Orleans Pelicans,112,100
473515,2021-11-02,2021,False,Los Angeles Lakers,Houston Rockets,119,117
473516,2021-11-03,2021,False,Brooklyn Nets,Atlanta Hawks,117,108
473517,2021-11-03,2021,False,Indiana Pacers,New York Knicks,111,98
473518,2021-11-03,2021,False,Orlando Magic,Boston Celtics,79,92
473519,2021-11-03,2021,False,Washington Wizards,Toronto Raptors,100,109
473520,2021-11-03,2021,False,Cleveland Cavaliers,Portland Trail Blazers,107,104
473521,2021-11-03,2021,False,Memphis Grizzlies,Denver Nuggets,108,106
473522,2021-11-03,2021,False,Minnesota Timberwolves,LA Clippers,115,126
473523,2021-11-03,2021,False,Philadelphia 76ers,Chicago Bulls,103,98
473524,2021-11-03,2021,False,San Antonio Spurs,Dallas Mavericks,108,109
473525,2021-11-03,2021,False,Golden State Warriors,Charlotte Hornets,114,92
473526,2021-11-03,2021,False,Sacramento Kings,New Orleans Pelicans,112,99
473527,2021-11-04,2021,False,Detroit Pistons,Philadelphia 76ers,98,109
473528,2021-11-04,2021,False,Atlanta Hawks,Utah Jazz,98,116
473529,2021-11-04,2021,False,Miami Heat,Boston Celtics,78,95
473530,2021-11-04,2021,False,Los Angeles Lakers,Oklahoma City Thunder,104,107
473531,2021-11-04,2021,False,Phoenix Suns,Houston Rockets,123,111
473532,2021-11-05,2021,False,Milwaukee Bucks,New York Knicks,98,113
473533,2021-11-05,2021,False,Toronto Raptors,Cleveland Cavaliers,101,102
473534,2021-11-05,2021,False,Orlando Magic,San Antonio Spurs,89,102
473535,2021-11-05,2021,False,Washington Wizards,Memphis Grizzlies,115,87
473536,2021-11-05,2021,False,Detroit Pistons,Brooklyn Nets,90,96
473537,2021-11-05,2021,False,Minnesota Timberwolves,LA Clippers,84,104
473538,2021-11-05,2021,False,Golden State Warriors,New Orleans Pelicans,126,85
473539,2021-11-05,2021,False,Portland Trail Blazers,Indiana Pacers,110,106
473540,2021-11-05,2021,False,Sacramento Kings,Charlotte Hornets,140,110
473541,2021-11-06,2021,False,Denver Nuggets,Houston Rockets,95,94
473542,2021-11-06,2021,False,Chicago Bulls,Philadelphia 76ers,105,114
473543,2021-11-06,2021,False,Portland Trail Blazers,Los Angeles Lakers,105,90
473544,2021-11-06,2021,False,Dallas Mavericks,Boston Celtics,107,104
473545,2021-11-06,2021,False,Miami Heat,Utah Jazz,118,115
473546,2021-11-06,2021,False,Phoenix Suns,Atlanta Hawks,121,117
473547,2021-11-07,2021,False,Golden State Warriors,Houston Rockets,120,107
473548,2021-11-07,2021,False,Oklahoma City Thunder,San Antonio Spurs,99,94
473549,2021-11-07,2021,False,Washington Wizards,Milwaukee Bucks,101,94
473550,2021-11-07,2021,False,Orlando Magic,Utah Jazz,107,100
473551,2021-11-07,2021,False,LA Clippers,Charlotte Hornets,120,106
473552,2021-11-07,2021,False,Toronto Raptors,Brooklyn Nets,103,116
473553,2021-11-07,2021,False,Sacramento Kings,Indiana Pacers,91,94
473554,2021-11-07,2021,False,New York Knicks,Cleveland Cavaliers,109,126
473555,2021-11-08,2021,False,Golden State Warriors,Atlanta Hawks,127,113
473556,2021-11-08,2021,False,Dallas Mavericks,New Orleans Pelicans,108,92
473557,2021-11-08,2021,False,Memphis Grizzlies,Minnesota Timberwolves,125,118
473558,2021-11-08,2021,False,Denver Nuggets,Miami Heat,113,96
473559,2021-11-08,2021,False,Sacramento Kings,Phoenix Suns,104,109
473560,2021-11-08,2021,False,Philadelphia 76ers,New York Knicks,96,103
473561,2021-11-08,2021,False,Chicago Bulls,Brooklyn Nets,118,95
473562,2021-11-08,2021,False,Los Angeles Lakers,Charlotte Hornets,126,123
473563,2021-11-09,2021,False,Philadelphia 76ers,Milwaukee Bucks,109,118
473564,2021-11-09,2021,False,Utah Jazz,Atlanta Hawks,110,98
473565,2021-11-09,2021,False,LA Clippers,Portland Trail Blazers,117,109
473566,2021-11-10,2021,False,Houston Rockets,Detroit Pistons,104,112
473567,2021-11-10,2021,False,Boston Celtics,Toronto Raptors,104,88
473568,2021-11-10,2021,False,Cleveland Cavaliers,Washington Wizards,94,97
473569,2021-11-10,2021,False,Orlando Magic,Brooklyn Nets,90,123
473570,2021-11-10,2021,False,New York Knicks,Milwaukee Bucks,100,112
473571,2021-11-10,2021,False,San Antonio Spurs,Sacramento Kings,136,117
473572,2021-11-10,2021,False,New Orleans Pelicans,Oklahoma City Thunder,100,108
473573,2021-11-10,2021,False,Chicago Bulls,Dallas Mavericks,117,107
473574,2021-11-10,2021,False,Denver Nuggets,Indiana Pacers,101,98
473575,2021-11-10,2021,False,Memphis Grizzlies,Charlotte Hornets,108,118
473576,2021-11-10,2021,False,Phoenix Suns,Portland Trail Blazers,119,109
473577,2021-11-10,2021,False,Golden State Warriors,Minnesota Timberwolves,123,110
473578,2021-11-10,2021,False,Los Angeles Lakers,Miami Heat,120,117
473579,2021-11-11,2021,False,LA Clippers,Miami Heat,112,109
473580,2021-11-11,2021,False,Utah Jazz,Indiana Pacers,100,111
473581,2021-11-11,2021,False,Philadelphia 76ers,Toronto Raptors,109,115
473582,2021-11-12,2021,False,Cleveland Cavaliers,Detroit Pistons,98,78
473583,2021-11-12,2021,False,Houston Rockets,Portland Trail Blazers,92,104
473584,2021-11-12,2021,False,Boston Celtics,Milwaukee Bucks,122,113
473585,2021-11-12,2021,False,Memphis Grizzlies,Phoenix Suns,94,119
473586,2021-11-12,2021,False,Charlotte Hornets,New York Knicks,104,96
473587,2021-11-12,2021,False,New Orleans Pelicans,Brooklyn Nets,112,120
473588,2021-11-12,2021,False,San Antonio Spurs,Dallas Mavericks,109,123
473589,2021-11-12,2021,False,Denver Nuggets,Atlanta Hawks,105,96
473590,2021-11-12,2021,False,Oklahoma City Thunder,Sacramento Kings,105,103
473591,2021-11-12,2021,False,Golden State Warriors,Chicago Bulls,119,93
473592,2021-11-12,2021,False,Los Angeles Lakers,Minnesota Timberwolves,83,107
473593,2021-11-13,2021,False,Utah Jazz,Miami Heat,105,111
473594,2021-11-13,2021,False,Toronto Raptors,Detroit Pistons,121,127
473595,2021-11-13,2021,False,LA Clippers,Minnesota Timberwolves,129,102
473596,2021-11-13,2021,False,Indiana Pacers,Philadelphia 76ers,118,113
473597,2021-11-13,2021,False,Orlando Magic,Washington Wizards,92,104
473598,2021-11-13,2021,False,New Orleans Pelicans,Memphis Grizzlies,112,101
473599,2021-11-13,2021,False,Cleveland Cavaliers,Boston Celtics,91,89
473600,2021-11-14,2021,False,LA Clippers,Chicago Bulls,90,100
473601,2021-11-14,2021,False,Denver Nuggets,Portland Trail Blazers,124,95
473602,2021-11-14,2021,False,Los Angeles Lakers,San Antonio Spurs,114,106
473603,2021-11-14,2021,False,Atlanta Hawks,Milwaukee Bucks,120,100
473604,2021-11-14,2021,False,Charlotte Hornets,Golden State Warriors,106,102
473605,2021-11-14,2021,False,Houston Rockets,Phoenix Suns,89,115
473606,2021-11-14,2021,False,Oklahoma City Thunder,Brooklyn Nets,96,120
473607,2021-11-15,2021,False,Atlanta Hawks,Orlando Magic,129,111
473608,2021-11-15,2021,False,Cleveland Cavaliers,Boston Celtics,92,98
473609,2021-11-15,2021,False,Memphis Grizzlies,Houston Rockets,136,102
473610,2021-11-15,2021,False,Minnesota Timberwolves,Phoenix Suns,96,99
473611,2021-11-15,2021,False,New York Knicks,Indiana Pacers,92,84
473612,2021-11-15,2021,False,Oklahoma City Thunder,Miami Heat,90,103
473613,2021-11-15,2021,False,Detroit Pistons,Sacramento Kings,107,129
473614,2021-11-15,2021,False,Dallas Mavericks,Denver Nuggets,111,101
473615,2021-11-15,2021,False,Washington Wizards,New Orleans Pelicans,105,100
473616,2021-11-15,2021,False,Portland Trail Blazers,Toronto Raptors,118,113
473617,2021-11-15,2021,False,Los Angeles Lakers,Chicago Bulls,103,121
473618,2021-11-16,2021,False,Brooklyn Nets,Golden State Warriors,99,117
473619,2021-11-16,2021,False,LA Clippers,San Antonio Spurs,106,92
473620,2021-11-16,2021,False,Utah Jazz,Philadelphia 76ers,120,85
473621,2021-11-17,2021,False,Atlanta Hawks,Boston Celtics,110,99
473622,2021-11-17,2021,False,Brooklyn Nets,Cleveland Cavaliers,109,99
473623,2021-11-17,2021,False,Miami Heat,New Orleans Pelicans,113,98
473624,2021-11-17,2021,False,Detroit Pistons,Indiana Pacers,97,89
473625,2021-11-17,2021,False,Charlotte Hornets,Washington Wizards,97,87
473626,2021-11-17,2021,False,New York Knicks,Orlando Magic,98,104
473627,2021-11-17,2021,False,Milwaukee Bucks,Los Angeles Lakers,109,102
473628,2021-11-17,2021,False,Oklahoma City Thunder,Houston Rockets,101,89
473629,2021-11-17,2021,False,Minnesota Timberwolves,Sacramento Kings,107,97
473630,2021-11-17,2021,False,Phoenix Suns,Dallas Mavericks,105,98
473631,2021-11-17,2021,False,Portland Trail Blazers,Chicago Bulls,112,107
473632,2021-11-18,2021,False,Denver Nuggets,Philadelphia 76ers,89,103
473633,2021-11-18,2021,False,Cleveland Cavaliers,Golden State Warriors,89,104
473634,2021-11-18,2021,False,Miami Heat,Washington Wizards,112,97
473635,2021-11-18,2021,False,Minnesota Timberwolves,San Antonio Spurs,115,90
473636,2021-11-18,2021,False,Memphis Grizzlies,LA Clippers,120,108
473637,2021-11-18,2021,False,Utah Jazz,Toronto Raptors,119,103
473638,2021-11-19,2021,False,Milwaukee Bucks,Oklahoma City Thunder,96,89
473639,2021-11-19,2021,False,Brooklyn Nets,Orlando Magic,115,113
473640,2021-11-19,2021,False,Charlotte Hornets,Indiana Pacers,121,118
473641,2021-11-19,2021,False,Phoenix Suns,Dallas Mavericks,112,104
473642,2021-11-19,2021,False,Denver Nuggets,Chicago Bulls,108,114
473643,2021-11-19,2021,False,Detroit Pistons,Golden State Warriors,102,105
473644,2021-11-19,2021,False,Boston Celtics,Los Angeles Lakers,130,108
473645,2021-11-19,2021,False,New Orleans Pelicans,LA Clippers,94,81
473646,2021-11-19,2021,False,Sacramento Kings,Toronto Raptors,89,108
473647,2021-11-20,2021,False,Sacramento Kings,Utah Jazz,105,123
473648,2021-11-20,2021,False,Boston Celtics,Oklahoma City Thunder,111,105
473649,2021-11-20,2021,False,New York Knicks,Houston Rockets,106,99
473650,2021-11-20,2021,False,Minnesota Timberwolves,Memphis Grizzlies,138,95
473651,2021-11-20,2021,False,Milwaukee Bucks,Orlando Magic,117,108
473652,2021-11-20,2021,False,Atlanta Hawks,Charlotte Hornets,115,105
473653,2021-11-20,2021,False,Indiana Pacers,New Orleans Pelicans,111,94
473654,2021-11-20,2021,False,Washington Wizards,Miami Heat,103,100
473655,2021-11-20,2021,False,Portland Trail Blazers,Philadelphia 76ers,118,111
473656,2021-11-21,2021,False,Detroit Pistons,Los Angeles Lakers,116,121
473657,2021-11-21,2021,False,Chicago Bulls,New York Knicks,109,103
473658,2021-11-21,2021,False,LA Clippers,Dallas Mavericks,97,91
473659,2021-11-21,2021,False,Phoenix Suns,Denver Nuggets,126,97
473660,2021-11-21,2021,False,Golden State Warriors,Toronto Raptors,119,104
473661,2021-11-22,2021,False,Utah Jazz,Memphis Grizzlies,118,119
473662,2021-11-22,2021,False,Chicago Bulls,Indiana Pacers,77,109
473663,2021-11-22,2021,False,Atlanta Hawks,Oklahoma City Thunder,113,101
473664,2021-11-22,2021,False,Boston Celtics,Houston Rockets,108,90
473665,2021-11-22,2021,False,Cleveland Cavaliers,Brooklyn Nets,112,117
473666,2021-11-22,2021,False,Milwaukee Bucks,Orlando Magic,123,92
473667,2021-11-22,2021,False,Washington Wizards,Charlotte Hornets,103,109
473668,2021-11-22,2021,False,San Antonio Spurs,Phoenix Suns,111,115
473669,2021-11-22,2021,False,New Orleans Pelicans,Minnesota Timberwolves,96,110
473670,2021-11-22,2021,False,Sacramento Kings,Philadelphia 76ers,94,102
473671,2021-11-23,2021,False,New York Knicks,Los Angeles Lakers,106,100
473672,2021-11-23,2021,False,Portland Trail Blazers,Denver Nuggets,119,100
473673,2021-11-23,2021,False,LA Clippers,Dallas Mavericks,104,112
473674,2021-11-23,2021,False,Detroit Pistons,Miami Heat,92,100
473675,2021-11-24,2021,False,Cleveland Cavaliers,Phoenix Suns,115,120
473676,2021-11-24,2021,False,New Orleans Pelicans,Washington Wizards,127,102
473677,2021-11-24,2021,False,Boston Celtics,Brooklyn Nets,104,123
473678,2021-11-24,2021,False,Milwaukee Bucks,Detroit Pistons,114,93
473679,2021-11-24,2021,False,Memphis Grizzlies,Toronto Raptors,113,126
473680,2021-11-24,2021,False,Indiana Pacers,Los Angeles Lakers,116,124
473681,2021-11-24,2021,False,Minnesota Timberwolves,Miami Heat,113,101
473682,2021-11-24,2021,False,Houston Rockets,Chicago Bulls,118,113
473683,2021-11-24,2021,False,Orlando Magic,Charlotte Hornets,99,106
473684,2021-11-24,2021,False,Oklahoma City Thunder,Utah Jazz,104,110
473685,2021-11-24,2021,False,San Antonio Spurs,Atlanta Hawks,106,124
473686,2021-11-24,2021,False,Golden State Warriors,Philadelphia 76ers,116,96
473687,2021-11-24,2021,False,Sacramento Kings,Portland Trail Blazers,125,121
473688,2021-11-26,2021,False,LA Clippers,Detroit Pistons,107,96
473689,2021-11-26,2021,False,Orlando Magic,Chicago Bulls,88,123
473690,2021-11-26,2021,False,Memphis Grizzlies,Atlanta Hawks,100,132
473691,2021-11-26,2021,False,New York Knicks,Phoenix Suns,97,118
473692,2021-11-26,2021,False,Denver Nuggets,Milwaukee Bucks,109,120
473693,2021-11-26,2021,False,Indiana Pacers,Toronto Raptors,114,97
473694,2021-11-26,2021,False,Charlotte Hornets,Minnesota Timberwolves,133,115
473695,2021-11-26,2021,False,Oklahoma City Thunder,Washington Wizards,99,101
473696,2021-11-26,2021,False,San Antonio Spurs,Boston Celtics,96,88
473697,2021-11-26,2021,False,Utah Jazz,New Orleans Pelicans,97,98
473698,2021-11-26,2021,False,Golden State Warriors,Portland Trail Blazers,118,103
473699,2021-11-26,2021,False,Los Angeles Lakers,Sacramento Kings,137,141
473700,2021-11-27,2021,False,Atlanta Hawks,New York Knicks,90,99
473701,2021-11-27,2021,False,Chicago Bulls,Miami Heat,104,107
473702,2021-11-27,2021,False,Utah Jazz,New Orleans Pelicans,127,105
473703,2021-11-27,2021,False,Houston Rockets,Charlotte Hornets,146,143
473704,2021-11-27,2021,False,Cleveland Cavaliers,Orlando Magic,105,92
473705,2021-11-27,2021,False,Philadelphia 76ers,Minnesota Timberwolves,120,121
473706,2021-11-27,2021,False,Dallas Mavericks,Washington Wizards,114,120
473707,2021-11-27,2021,False,Brooklyn Nets,Phoenix Suns,107,113
473708,2021-11-28,2021,False,Memphis Grizzlies,Sacramento Kings,128,101
473709,2021-11-28,2021,False,LA Clippers,Golden State Warriors,90,105
473710,2021-11-28,2021,False,Toronto Raptors,Boston Celtics,97,109
473711,2021-11-28,2021,False,Indiana Pacers,Milwaukee Bucks,100,118
473712,2021-11-28,2021,False,Los Angeles Lakers,Detroit Pistons,110,106
473713,2021-11-29,2021,False,Miami Heat,Denver Nuggets,111,120
473714,2021-11-29,2021,False,Minnesota Timberwolves,Indiana Pacers,100,98
473715,2021-11-29,2021,False,Utah Jazz,Portland Trail Blazers,129,107
473716,2021-11-29,2021,False,San Antonio Spurs,Washington Wizards,116,99
473717,2021-11-29,2021,False,Chicago Bulls,Charlotte Hornets,133,119
473718,2021-11-29,2021,False,Philadelphia 76ers,Orlando Magic,101,96
473719,2021-11-29,2021,False,Houston Rockets,Oklahoma City Thunder,102,89
473720,2021-11-29,2021,False,Dallas Mavericks,Cleveland Cavaliers,96,114
473721,2021-11-29,2021,False,LA Clippers,New Orleans Pelicans,104,123
473722,2021-11-30,2021,False,Toronto Raptors,Memphis Grizzlies,91,98
473723,2021-11-30,2021,False,Brooklyn Nets,New York Knicks,112,110
473724,2021-11-30,2021,False,Portland Trail Blazers,Detroit Pistons,110,92
473725,2021-11-30,2021,False,Phoenix Suns,Golden State Warriors,104,96
473726,2021-11-30,2021,False,Sacramento Kings,Los Angeles Lakers,92,117
473727,2021-12-01,2021,False,Miami Heat,Cleveland Cavaliers,85,111
473728,2021-12-01,2021,False,Orlando Magic,Denver Nuggets,108,103
473729,2021-12-01,2021,False,Indiana Pacers,Atlanta Hawks,111,114
473730,2021-12-01,2021,False,Boston Celtics,Philadelphia 76ers,88,87
473731,2021-12-01,2021,False,Oklahoma City Thunder,Houston Rockets,110,114
473732,2021-12-01,2021,False,Washington Wizards,Minnesota Timberwolves,115,107
473733,2021-12-01,2021,False,New Orleans Pelicans,Dallas Mavericks,107,139
473734,2021-12-01,2021,False,Milwaukee Bucks,Charlotte Hornets,127,125
473735,2021-12-01,2021,False,LA Clippers,Sacramento Kings,115,124
473736,2021-12-02,2021,False,New York Knicks,Chicago Bulls,115,119
473737,2021-12-02,2021,False,Toronto Raptors,Milwaukee Bucks,97,93
473738,2021-12-02,2021,False,Memphis Grizzlies,Oklahoma City Thunder,152,79
473739,2021-12-02,2021,False,Phoenix Suns,Detroit Pistons,114,103
473740,2021-12-02,2021,False,Portland Trail Blazers,San Antonio Spurs,83,114
473741,2021-12-03,2021,False,Los Angeles Lakers,LA Clippers,115,119
473742,2021-12-03,2021,False,Golden State Warriors,Phoenix Suns,118,96
473743,2021-12-03,2021,False,Houston Rockets,Orlando Magic,118,116
473744,2021-12-03,2021,False,Atlanta Hawks,Philadelphia 76ers,96,98
473745,2021-12-03,2021,False,Indiana Pacers,Miami Heat,104,113
473746,2021-12-03,2021,False,Brooklyn Nets,Minnesota Timberwolves,110,105
473747,2021-12-03,2021,False,Washington Wizards,Cleveland Cavaliers,101,116
473748,2021-12-03,2021,False,Dallas Mavericks,New Orleans Pelicans,91,107
473749,2021-12-03,2021,False,Utah Jazz,Boston Celtics,137,130
473750,2021-12-04,2021,False,Golden State Warriors,San Antonio Spurs,107,112
473751,2021-12-04,2021,False,New York Knicks,Denver Nuggets,99,113
473752,2021-12-04,2021,False,Milwaukee Bucks,Miami Heat,124,102
473753,2021-12-04,2021,False,Sacramento Kings,LA Clippers,104,99
473754,2021-12-04,2021,False,Dallas Mavericks,Memphis Grizzlies,90,97
473755,2021-12-04,2021,False,Brooklyn Nets,Chicago Bulls,107,111
473756,2021-12-04,2021,False,Portland Trail Blazers,Boston Celtics,117,145
473757,2021-12-05,2021,False,Cleveland Cavaliers,Utah Jazz,108,109
473758,2021-12-05,2021,False,Toronto Raptors,Washington Wizards,102,90
473759,2021-12-05,2021,False,Atlanta Hawks,Charlotte Hornets,127,130
473760,2021-12-05,2021,False,Houston Rockets,New Orleans Pelicans,118,108
473761,2021-12-06,2021,False,Minnesota Timberwolves,Atlanta Hawks,110,121
473762,2021-12-06,2021,False,Phoenix Suns,San Antonio Spurs,108,104
473763,2021-12-06,2021,False,Chicago Bulls,Denver Nuggets,109,97
473764,2021-12-06,2021,False,Miami Heat,Memphis Grizzlies,90,105
473765,2021-12-06,2021,False,Detroit Pistons,Oklahoma City Thunder,103,114
473766,2021-12-06,2021,False,Charlotte Hornets,Philadelphia 76ers,124,127
473767,2021-12-06,2021,False,Indiana Pacers,Washington Wizards,116,110
473768,2021-12-06,2021,False,Milwaukee Bucks,Cleveland Cavaliers,112,104
473769,2021-12-06,2021,False,Golden State Warriors,Orlando Magic,126,95
473770,2021-12-06,2021,False,Portland Trail Blazers,LA Clippers,90,102
473771,2021-12-07,2021,False,San Antonio Spurs,New York Knicks,109,121
473772,2021-12-07,2021,False,Dallas Mavericks,Brooklyn Nets,99,102
473773,2021-12-07,2021,False,Los Angeles Lakers,Boston Celtics,117,102
473774,2021-12-08,2021,False,Cleveland Cavaliers,Chicago Bulls,115,92
473775,2021-12-08,2021,False,Charlotte Hornets,Philadelphia 76ers,106,110
473776,2021-12-08,2021,False,Memphis Grizzlies,Dallas Mavericks,96,104
473777,2021-12-08,2021,False,New Orleans Pelicans,Denver Nuggets,114,120
473778,2021-12-08,2021,False,Detroit Pistons,Washington Wizards,116,119
473779,2021-12-08,2021,False,Miami Heat,Milwaukee Bucks,113,104
473780,2021-12-08,2021,False,Indiana Pacers,New York Knicks,122,102
473781,2021-12-08,2021,False,Minnesota Timberwolves,Utah Jazz,104,136
473782,2021-12-08,2021,False,Toronto Raptors,Oklahoma City Thunder,109,110
473783,2021-12-08,2021,False,Houston Rockets,Brooklyn Nets,114,104
473784,2021-12-08,2021,False,Golden State Warriors,Portland Trail Blazers,104,94
473785,2021-12-08,2021,False,Sacramento Kings,Orlando Magic,142,130
473786,2021-12-08,2021,False,LA Clippers,Boston Celtics,114,111
473787,2021-12-09,2021,False,Memphis Grizzlies,Los Angeles Lakers,108,95
473788,2021-12-09,2021,False,San Antonio Spurs,Denver Nuggets,123,111
473789,2021-12-09,2021,False,Philadelphia 76ers,Utah Jazz,96,118
473790,2021-12-10,2021,False,Oklahoma City Thunder,Los Angeles Lakers,95,116
473791,2021-12-10,2021,False,Toronto Raptors,New York Knicks,90,87
473792,2021-12-10,2021,False,Charlotte Hornets,Sacramento Kings,124,123
473793,2021-12-10,2021,False,Houston Rockets,Milwaukee Bucks,114,123
473794,2021-12-10,2021,False,Minnesota Timberwolves,Cleveland Cavaliers,106,123
473795,2021-12-10,2021,False,New Orleans Pelicans,Detroit Pistons,109,93
473796,2021-12-10,2021,False,Phoenix Suns,Boston Celtics,111,90
473797,2021-12-10,2021,False,Atlanta Hawks,Brooklyn Nets,105,113
473798,2021-12-10,2021,False,Indiana Pacers,Dallas Mavericks,106,93
473799,2021-12-11,2021,False,Washington Wizards,Utah Jazz,98,123
473800,2021-12-11,2021,False,LA Clippers,Orlando Magic,106,104
473801,2021-12-11,2021,False,San Antonio Spurs,Denver Nuggets,112,127
473802,2021-12-11,2021,False,Philadelphia 76ers,Golden State Warriors,102,93
473803,2021-12-11,2021,False,Miami Heat,Chicago Bulls,118,92
473804,2021-12-11,2021,False,Cleveland Cavaliers,Sacramento Kings,117,103
473805,2021-12-11,2021,False,Memphis Grizzlies,Houston Rockets,113,106
473806,2021-12-12,2021,False,Detroit Pistons,Brooklyn Nets,104,116
473807,2021-12-12,2021,False,Oklahoma City Thunder,Dallas Mavericks,84,103
473808,2021-12-12,2021,False,New York Knicks,Milwaukee Bucks,97,112
473809,2021-12-12,2021,False,Los Angeles Lakers,Orlando Magic,106,94
473810,2021-12-12,2021,False,San Antonio Spurs,New Orleans Pelicans,112,97
473811,2021-12-12,2021,False,Portland Trail Blazers,Minnesota Timberwolves,111,116
473812,2021-12-13,2021,False,Memphis Grizzlies,Philadelphia 76ers,126,91
473813,2021-12-13,2021,False,LA Clippers,Phoenix Suns,111,95
473814,2021-12-13,2021,False,Indiana Pacers,Golden State Warriors,100,102
473815,2021-12-13,2021,False,Denver Nuggets,Washington Wizards,113,107
473816,2021-12-13,2021,False,Dallas Mavericks,Charlotte Hornets,120,96
473817,2021-12-13,2021,False,Toronto Raptors,Sacramento Kings,124,101
473818,2021-12-13,2021,False,Boston Celtics,Milwaukee Bucks,117,103
473819,2021-12-13,2021,False,Cleveland Cavaliers,Miami Heat,105,94
473820,2021-12-13,2021,False,Atlanta Hawks,Houston Rockets,126,132
473821,2021-12-14,2021,False,Chicago Bulls,Detroit Pistons,133,87
473822,2021-12-14,2021,False,New York Knicks,Golden State Warriors,96,105
473823,2021-12-14,2021,False,Brooklyn Nets,Toronto Raptors,131,129
473824,2021-12-14,2021,False,Portland Trail Blazers,Phoenix Suns,107,111
473825,2021-12-15,2021,False,San Antonio Spurs,Charlotte Hornets,115,131
473826,2021-12-15,2021,False,Dallas Mavericks,Los Angeles Lakers,104,107
473827,2021-12-15,2021,False,Utah Jazz,LA Clippers,124,103
473828,2021-12-15,2021,False,Philadelphia 76ers,Miami Heat,96,101
473829,2021-12-15,2021,False,Cleveland Cavaliers,Houston Rockets,124,89
473830,2021-12-15,2021,False,Milwaukee Bucks,Indiana Pacers,114,99
473831,2021-12-15,2021,False,Orlando Magic,Atlanta Hawks,99,111
473832,2021-12-15,2021,False,Oklahoma City Thunder,New Orleans Pelicans,110,113
473833,2021-12-15,2021,False,Denver Nuggets,Minnesota Timberwolves,107,124
473834,2021-12-15,2021,False,Portland Trail Blazers,Memphis Grizzlies,103,113
473835,2021-12-15,2021,False,Sacramento Kings,Washington Wizards,119,105
473836,2021-12-16,2021,False,Indiana Pacers,Detroit Pistons,122,113
473837,2021-12-16,2021,False,Brooklyn Nets,Philadelphia 76ers,114,105
473838,2021-12-16,2021,False,Houston Rockets,New York Knicks,103,116
473839,2021-12-16,2021,False,Toronto Raptors,Chicago Bulls,127,120
473840,2021-12-16,2021,False,Phoenix Suns,Washington Wizards,118,98
473841,2021-12-17,2021,False,Utah Jazz,San Antonio Spurs,126,128
473842,2021-12-17,2021,False,Portland Trail Blazers,Charlotte Hornets,125,116
473843,2021-12-17,2021,False,Atlanta Hawks,Denver Nuggets,115,133
473844,2021-12-17,2021,False,Boston Celtics,Golden State Warriors,107,111
473845,2021-12-17,2021,False,Sacramento Kings,Memphis Grizzlies,105,124
473846,2021-12-17,2021,False,Minnesota Timberwolves,Los Angeles Lakers,110,92
473847,2021-12-17,2021,False,Orlando Magic,Miami Heat,105,115
473848,2021-12-17,2021,False,New Orleans Pelicans,Milwaukee Bucks,116,112
473849,2021-12-18,2021,False,Milwaukee Bucks,Cleveland Cavaliers,90,119
473850,2021-12-18,2021,False,Detroit Pistons,Houston Rockets,107,116
473851,2021-12-18,2021,False,Utah Jazz,Washington Wizards,103,109
473852,2021-12-18,2021,False,Oklahoma City Thunder,LA Clippers,104,103
473853,2021-12-18,2021,False,Toronto Raptors,Golden State Warriors,119,100
473854,2021-12-18,2021,False,Brooklyn Nets,Orlando Magic,93,100
473855,2021-12-18,2021,False,Boston Celtics,New York Knicks,114,107
473856,2021-12-19,2021,False,Philadelphia 76ers,New Orleans Pelicans,117,107
473857,2021-12-19,2021,False,Atlanta Hawks,Cleveland Cavaliers,131,107
473858,2021-12-19,2021,False,Chicago Bulls,Los Angeles Lakers,115,110
473859,2021-12-19,2021,False,Brooklyn Nets,Denver Nuggets,118,124
473860,2021-12-19,2021,False,Memphis Grizzlies,Portland Trail Blazers,100,105
473861,2021-12-19,2021,False,Sacramento Kings,San Antonio Spurs,121,114
473862,2021-12-19,2021,False,Detroit Pistons,Miami Heat,100,90
473863,2021-12-19,2021,False,Phoenix Suns,Charlotte Hornets,137,106
473864,2021-12-19,2021,False,Minnesota Timberwolves,Dallas Mavericks,111,105
473865,2021-12-20,2021,False,Memphis Grizzlies,Oklahoma City Thunder,99,102
473866,2021-12-20,2021,False,Toronto Raptors,Orlando Magic,97,103
473867,2021-12-20,2021,False,Utah Jazz,Charlotte Hornets,112,102
473868,2021-12-20,2021,False,Chicago Bulls,Houston Rockets,133,118
473869,2021-12-20,2021,False,LA Clippers,San Antonio Spurs,92,116
473870,2021-12-20,2021,False,Golden State Warriors,Sacramento Kings,113,98
473871,2021-12-20,2021,False,Boston Celtics,Philadelphia 76ers,103,108
473872,2021-12-21,2021,False,Brooklyn Nets,Washington Wizards,103,117
473873,2021-12-21,2021,False,Miami Heat,Indiana Pacers,125,96
473874,2021-12-21,2021,False,New Orleans Pelicans,Portland Trail Blazers,111,97
473875,2021-12-21,2021,False,Dallas Mavericks,Minnesota Timberwolves,114,102
473876,2021-12-21,2021,False,New York Knicks,Detroit Pistons,105,91
473877,2021-12-21,2021,False,Los Angeles Lakers,Phoenix Suns,90,108
473878,2021-12-22,2021,False,Atlanta Hawks,Orlando Magic,98,104
473879,2021-12-22,2021,False,Oklahoma City Thunder,Denver Nuggets,108,94
473880,2021-12-22,2021,False,Chicago Bulls,Toronto Raptors,111,105
473881,2021-12-22,2021,False,Boston Celtics,Cleveland Cavaliers,111,101
473882,2021-12-22,2021,False,Milwaukee Bucks,Houston Rockets,126,106
473883,2021-12-22,2021,False,Sacramento Kings,LA Clippers,89,105
473884,2021-12-23,2021,False,New York Knicks,Washington Wizards,117,124
473885,2021-12-23,2021,False,Indiana Pacers,Houston Rockets,118,106
473886,2021-12-23,2021,False,Philadelphia 76ers,Atlanta Hawks,96,98
473887,2021-12-23,2021,False,Dallas Mavericks,Milwaukee Bucks,95,102
473888,2021-12-23,2021,False,Miami Heat,Detroit Pistons,115,112
473889,2021-12-23,2021,False,Orlando Magic,New Orleans Pelicans,104,110
473890,2021-12-23,2021,False,Denver Nuggets,Charlotte Hornets,107,115
473891,2021-12-23,2021,False,Phoenix Suns,Oklahoma City Thunder,113,101
473892,2021-12-23,2021,False,Utah Jazz,Minnesota Timberwolves,128,116
473893,2021-12-23,2021,False,Golden State Warriors,Memphis Grizzlies,113,104
473894,2021-12-23,2021,False,Portland Trail Blazers,Brooklyn Nets,114,108
473895,2021-12-23,2021,False,Los Angeles Lakers,San Antonio Spurs,110,138
473896,2021-12-25,2021,False,Milwaukee Bucks,Boston Celtics,117,113
473897,2021-12-25,2021,False,Los Angeles Lakers,Brooklyn Nets,115,122
473898,2021-12-25,2021,False,Utah Jazz,Dallas Mavericks,120,116
473899,2021-12-25,2021,False,New York Knicks,Atlanta Hawks,101,87
473900,2021-12-25,2021,False,Phoenix Suns,Golden State Warriors,107,116
473901,2021-12-26,2021,False,Oklahoma City Thunder,New Orleans Pelicans,117,112
473902,2021-12-26,2021,False,San Antonio Spurs,Detroit Pistons,144,109
473903,2021-12-26,2021,False,Cleveland Cavaliers,Toronto Raptors,144,99
473904,2021-12-26,2021,False,Miami Heat,Orlando Magic,93,83
473905,2021-12-26,2021,False,Chicago Bulls,Indiana Pacers,113,105
473906,2021-12-26,2021,False,Washington Wizards,Philadelphia 76ers,96,117
473907,2021-12-26,2021,False,LA Clippers,Denver Nuggets,100,103
473908,2021-12-26,2021,False,Sacramento Kings,Memphis Grizzlies,102,127
473909,2021-12-27,2021,False,Atlanta Hawks,Chicago Bulls,118,130
473910,2021-12-27,2021,False,Charlotte Hornets,Houston Rockets,123,99
473911,2021-12-27,2021,False,San Antonio Spurs,Utah Jazz,104,110
473912,2021-12-27,2021,False,LA Clippers,Brooklyn Nets,108,124
473913,2021-12-27,2021,False,Phoenix Suns,Memphis Grizzlies,113,114
473914,2021-12-27,2021,False,Minnesota Timberwolves,Boston Celtics,108,103
473915,2021-12-27,2021,False,Portland Trail Blazers,Dallas Mavericks,117,132
473916,2021-12-28,2021,False,Miami Heat,Washington Wizards,119,112
473917,2021-12-28,2021,False,Golden State Warriors,Denver Nuggets,86,89
473918,2021-12-28,2021,False,Sacramento Kings,Oklahoma City Thunder,117,111
473919,2021-12-28,2021,False,Orlando Magic,Milwaukee Bucks,110,127
473920,2021-12-28,2021,False,Toronto Raptors,Philadelphia 76ers,109,114
473921,2021-12-28,2021,False,Minnesota Timberwolves,New York Knicks,88,96
473922,2021-12-28,2021,False,New Orleans Pelicans,Cleveland Cavaliers,108,104
473923,2021-12-28,2021,False,Houston Rockets,Los Angeles Lakers,123,132
473924,2021-12-29,2021,False,Indiana Pacers,Charlotte Hornets,108,116
473925,2021-12-29,2021,False,Detroit Pistons,New York Knicks,85,94
473926,2021-12-29,2021,False,Boston Celtics,LA Clippers,82,91
473927,2021-12-29,2021,False,Portland Trail Blazers,Utah Jazz,105,120
473928,2021-12-29,2021,False,Chicago Bulls,Atlanta Hawks,131,117
473929,2021-12-29,2021,False,Phoenix Suns,Oklahoma City Thunder,115,97
473930,2021-12-29,2021,False,San Antonio Spurs,Miami Heat,95,112
473931,2021-12-29,2021,False,Memphis Grizzlies,Los Angeles Lakers,104,99
473932,2021-12-29,2021,False,Sacramento Kings,Dallas Mavericks,95,94
473933,2021-12-30,2021,False,Brooklyn Nets,Philadelphia 76ers,102,110
473934,2021-12-30,2021,False,Orlando Magic,Milwaukee Bucks,118,136
473935,2021-12-30,2021,False,Denver Nuggets,Golden State Warriors,131,124
473936,2021-12-30,2021,False,Washington Wizards,Cleveland Cavaliers,110,93
473937,2021-12-31,2021,False,Cleveland Cavaliers,Atlanta Hawks,118,121
473938,2021-12-31,2021,False,Utah Jazz,Minnesota Timberwolves,120,108
473939,2021-12-31,2021,False,Sacramento Kings,Dallas Mavericks,96,112
473940,2021-12-31,2021,False,Houston Rockets,Miami Heat,110,120
473941,2021-12-31,2021,False,Boston Celtics,Phoenix Suns,123,108
473942,2021-12-31,2021,False,Indiana Pacers,Chicago Bulls,106,108
473943,2021-12-31,2021,False,Memphis Grizzlies,San Antonio Spurs,118,105
473944,2021-12-31,2021,False,Toronto Raptors,LA Clippers,116,108
473945,2021-12-31,2021,False,Oklahoma City Thunder,New York Knicks,95,80
473946,2021-12-31,2021,False,Los Angeles Lakers,Portland Trail Blazers,139,106
473947,2022-01-01,2021,False,Detroit Pistons,San Antonio Spurs,117,116
473948,2022-01-01,2021,False,Milwaukee Bucks,New Orleans Pelicans,136,113
473949,2022-01-01,2021,False,Brooklyn Nets,LA Clippers,116,120
473950,2022-01-01,2021,False,Washington Wizards,Chicago Bulls,119,120
473951,2022-01-01,2021,False,Houston Rockets,Denver Nuggets,111,124
473952,2022-01-01,2021,False,Utah Jazz,Golden State Warriors,116,123
473953,2022-01-02,2021,False,Boston Celtics,Orlando Magic,116,111
473954,2022-01-02,2021,False,Oklahoma City Thunder,Dallas Mavericks,86,95
473955,2022-01-02,2021,False,Toronto Raptors,New York Knicks,120,105
473956,2022-01-02,2021,False,Charlotte Hornets,Phoenix Suns,99,133
473957,2022-01-02,2021,False,Sacramento Kings,Miami Heat,115,113
473958,2022-01-02,2021,False,Los Angeles Lakers,Minnesota Timberwolves,108,103
473959,2022-01-02,2021,False,Cleveland Cavaliers,Indiana Pacers,108,104
473960,2022-01-03,2021,False,New Orleans Pelicans,Utah Jazz,104,115
473961,2022-01-03,2021,False,Dallas Mavericks,Denver Nuggets,103,89
473962,2022-01-03,2021,False,Brooklyn Nets,Memphis Grizzlies,104,118
473963,2022-01-03,2021,False,Philadelphia 76ers,Houston Rockets,133,113
473964,2022-01-03,2021,False,Golden State Warriors,Miami Heat,115,108
473965,2022-01-03,2021,False,Chicago Bulls,Orlando Magic,102,98
473966,2022-01-03,2021,False,Washington Wizards,Charlotte Hornets,124,121
473967,2022-01-03,2021,False,Milwaukee Bucks,Detroit Pistons,106,115
473968,2022-01-03,2021,False,Portland Trail Blazers,Atlanta Hawks,136,131
473969,2022-01-03,2021,False,LA Clippers,Minnesota Timberwolves,104,122
473970,2022-01-04,2021,False,Cleveland Cavaliers,Memphis Grizzlies,106,110
473971,2022-01-04,2021,False,Toronto Raptors,San Antonio Spurs,129,104
473972,2022-01-04,2021,False,New Orleans Pelicans,Phoenix Suns,110,123
473973,2022-01-04,2021,False,Los Angeles Lakers,Sacramento Kings,122,114
473974,2022-01-04,2021,False,New York Knicks,Indiana Pacers,104,94
473975,2022-01-05,2021,False,Indiana Pacers,Brooklyn Nets,121,129
473976,2022-01-05,2021,False,Charlotte Hornets,Detroit Pistons,140,111
473977,2022-01-05,2021,False,Orlando Magic,Philadelphia 76ers,106,116
473978,2022-01-05,2021,False,Washington Wizards,Houston Rockets,111,114
473979,2022-01-05,2021,False,Minnesota Timberwolves,Oklahoma City Thunder,98,90
473980,2022-01-05,2021,False,Dallas Mavericks,Golden State Warriors,99,82
473981,2022-01-05,2021,False,Boston Celtics,San Antonio Spurs,97,99
473982,2022-01-05,2021,False,Milwaukee Bucks,Toronto Raptors,111,117
473983,2022-01-05,2021,False,Portland Trail Blazers,Miami Heat,109,115
473984,2022-01-05,2021,False,Denver Nuggets,Utah Jazz,109,115
473985,2022-01-05,2021,False,Sacramento Kings,Atlanta Hawks,102,108
473986,2022-01-06,2021,False,New York Knicks,Boston Celtics,108,105
473987,2022-01-06,2021,False,Phoenix Suns,LA Clippers,106,89
473988,2022-01-06,2021,False,Memphis Grizzlies,Detroit Pistons,118,88
473989,2022-01-06,2021,False,New Orleans Pelicans,Golden State Warriors,101,96
473990,2022-01-07,2021,False,Chicago Bulls,Washington Wizards,130,122
473991,2022-01-07,2021,False,Brooklyn Nets,Milwaukee Bucks,109,121
473992,2022-01-07,2021,False,Philadelphia 76ers,San Antonio Spurs,119,100
473993,2022-01-07,2021,False,Toronto Raptors,Utah Jazz,122,108
473994,2022-01-07,2021,False,Oklahoma City Thunder,Minnesota Timberwolves,105,135
473995,2022-01-07,2021,False,Portland Trail Blazers,Cleveland Cavaliers,101,114
473996,2022-01-07,2021,False,Denver Nuggets,Sacramento Kings,121,111
473997,2022-01-07,2021,False,Los Angeles Lakers,Atlanta Hawks,134,118
473998,2022-01-07,2021,False,Houston Rockets,Dallas Mavericks,106,130
473999,2022-01-08,2021,False,LA Clippers,Memphis Grizzlies,108,123
474000,2022-01-08,2021,False,Phoenix Suns,Miami Heat,100,123
474001,2022-01-08,2021,False,Detroit Pistons,Orlando Magic,97,92
474002,2022-01-08,2021,False,Boston Celtics,New York Knicks,99,75
474003,2022-01-08,2021,False,Indiana Pacers,Utah Jazz,125,113
474004,2022-01-08,2021,False,Charlotte Hornets,Milwaukee Bucks,114,106
474005,2022-01-09,2021,False,Oklahoma City Thunder,Denver Nuggets,95,99
474006,2022-01-09,2021,False,Toronto Raptors,New Orleans Pelicans,105,101
474007,2022-01-09,2021,False,Orlando Magic,Washington Wizards,100,102
474008,2022-01-09,2021,False,Houston Rockets,Minnesota Timberwolves,123,141
474009,2022-01-09,2021,False,LA Clippers,Atlanta Hawks,106,93
474010,2022-01-09,2021,False,Golden State Warriors,Cleveland Cavaliers,96,82
474011,2022-01-09,2021,False,Portland Trail Blazers,Sacramento Kings,103,88
474012,2022-01-09,2021,False,Brooklyn Nets,San Antonio Spurs,121,119
474013,2022-01-09,2021,False,Los Angeles Lakers,Memphis Grizzlies,119,127
474014,2022-01-09,2021,False,Dallas Mavericks,Chicago Bulls,113,99
474015,2022-01-10,2021,False,Detroit Pistons,Utah Jazz,126,116
474016,2022-01-10,2021,False,Boston Celtics,Indiana Pacers,101,98
474017,2022-01-10,2021,False,Charlotte Hornets,Milwaukee Bucks,103,99
474018,2022-01-10,2021,False,New York Knicks,San Antonio Spurs,111,96
474019,2022-01-10,2021,False,Sacramento Kings,Cleveland Cavaliers,108,109
474020,2022-01-11,2021,False,LA Clippers,Denver Nuggets,87,85
474021,2022-01-11,2021,False,Memphis Grizzlies,Golden State Warriors,116,108
474022,2022-01-11,2021,False,New Orleans Pelicans,Minnesota Timberwolves,128,125
474023,2022-01-11,2021,False,Toronto Raptors,Phoenix Suns,95,99
474024,2022-01-11,2021,False,Washington Wizards,Oklahoma City Thunder,122,118
474025,2022-01-12,2021,False,Atlanta Hawks,Miami Heat,91,115
474026,2022-01-12,2021,False,Utah Jazz,Cleveland Cavaliers,91,111
474027,2022-01-12,2021,False,San Antonio Spurs,Houston Rockets,124,128
474028,2022-01-12,2021,False,Detroit Pistons,Phoenix Suns,108,135
474029,2022-01-12,2021,False,Chicago Bulls,Brooklyn Nets,112,138
474030,2022-01-12,2021,False,Philadelphia 76ers,Charlotte Hornets,98,109
474031,2022-01-12,2021,False,Washington Wizards,Orlando Magic,112,106
474032,2022-01-12,2021,False,Indiana Pacers,Boston Celtics,100,119
474033,2022-01-12,2021,False,New York Knicks,Dallas Mavericks,108,85
474034,2022-01-12,2021,False,Sacramento Kings,Los Angeles Lakers,125,116
474035,2022-01-13,2021,False,Milwaukee Bucks,Golden State Warriors,118,99
474036,2022-01-13,2021,False,Memphis Grizzlies,Minnesota Timberwolves,116,108
474037,2022-01-13,2021,False,Denver Nuggets,Portland Trail Blazers,140,108
474038,2022-01-13,2021,False,New Orleans Pelicans,LA Clippers,113,89
474039,2022-01-13,2021,False,Brooklyn Nets,Oklahoma City Thunder,109,130
474040,2022-01-14,2021,False,San Antonio Spurs,Cleveland Cavaliers,109,114
474041,2022-01-14,2021,False,Chicago Bulls,Golden State Warriors,96,138
474042,2022-01-14,2021,False,Miami Heat,Atlanta Hawks,124,118
474043,2022-01-14,2021,False,Philadelphia 76ers,Boston Celtics,111,99
474044,2022-01-14,2021,False,Indiana Pacers,Phoenix Suns,94,112
474045,2022-01-14,2021,False,Detroit Pistons,Toronto Raptors,103,87
474046,2022-01-14,2021,False,Memphis Grizzlies,Dallas Mavericks,85,112
474047,2022-01-14,2021,False,Charlotte Hornets,Orlando Magic,109,116
474048,2022-01-14,2021,False,Sacramento Kings,Houston Rockets,126,114
474049,2022-01-15,2021,False,Denver Nuggets,Los Angeles Lakers,133,96
474050,2022-01-15,2021,False,Dallas Mavericks,Orlando Magic,108,92
474051,2022-01-15,2021,False,Boston Celtics,Chicago Bulls,114,112
474052,2022-01-15,2021,False,Washington Wizards,Portland Trail Blazers,110,115
474053,2022-01-15,2021,False,Oklahoma City Thunder,Cleveland Cavaliers,102,107
474054,2022-01-15,2021,False,Atlanta Hawks,New York Knicks,108,117
474055,2022-01-15,2021,False,Brooklyn Nets,New Orleans Pelicans,120,105
474056,2022-01-15,2021,False,Milwaukee Bucks,Toronto Raptors,96,103
474057,2022-01-15,2021,False,Miami Heat,Philadelphia 76ers,98,109
474058,2022-01-15,2021,False,San Antonio Spurs,LA Clippers,101,94
474059,2022-01-16,2021,False,Sacramento Kings,Houston Rockets,112,118
474060,2022-01-16,2021,False,Minnesota Timberwolves,Golden State Warriors,119,99
474061,2022-01-16,2021,False,Denver Nuggets,Utah Jazz,102,125
474062,2022-01-17,2021,False,Cleveland Cavaliers,Brooklyn Nets,114,107
474063,2022-01-17,2021,False,LA Clippers,Indiana Pacers,139,133
474064,2022-01-17,2021,False,Washington Wizards,Philadelphia 76ers,117,98
474065,2022-01-17,2021,False,Boston Celtics,New Orleans Pelicans,104,92
474066,2022-01-17,2021,False,New York Knicks,Charlotte Hornets,87,97
474067,2022-01-17,2021,False,Memphis Grizzlies,Chicago Bulls,119,106
474068,2022-01-17,2021,False,Atlanta Hawks,Milwaukee Bucks,121,114
474069,2022-01-17,2021,False,Miami Heat,Toronto Raptors,104,99
474070,2022-01-17,2021,False,Dallas Mavericks,Oklahoma City Thunder,104,102
474071,2022-01-17,2021,False,Orlando Magic,Portland Trail Blazers,88,98
474072,2022-01-17,2021,False,San Antonio Spurs,Phoenix Suns,107,121
474073,2022-01-17,2021,False,Los Angeles Lakers,Utah Jazz,101,95
474074,2022-01-18,2021,False,Golden State Warriors,Detroit Pistons,102,86
474075,2022-01-18,2021,False,New York Knicks,Minnesota Timberwolves,110,112
474076,2022-01-19,2021,False,Washington Wizards,Brooklyn Nets,118,119
474077,2022-01-19,2021,False,Miami Heat,Portland Trail Blazers,104,92
474078,2022-01-19,2021,False,Dallas Mavericks,Toronto Raptors,102,98
474079,2022-01-19,2021,False,Boston Celtics,Charlotte Hornets,102,111
474080,2022-01-19,2021,False,Chicago Bulls,Cleveland Cavaliers,117,104
474081,2022-01-19,2021,False,Philadelphia 76ers,Orlando Magic,123,110
474082,2022-01-19,2021,False,Milwaukee Bucks,Memphis Grizzlies,126,114
474083,2022-01-19,2021,False,Atlanta Hawks,Minnesota Timberwolves,134,122
474084,2022-01-19,2021,False,San Antonio Spurs,Oklahoma City Thunder,118,96
474085,2022-01-19,2021,False,Utah Jazz,Houston Rockets,111,116
474086,2022-01-19,2021,False,Denver Nuggets,LA Clippers,130,128
474087,2022-01-19,2021,False,Sacramento Kings,Detroit Pistons,131,133
474088,2022-01-19,2021,False,Los Angeles Lakers,Indiana Pacers,104,111
474089,2022-01-20,2021,False,New York Knicks,New Orleans Pelicans,91,102
474090,2022-01-20,2021,False,Dallas Mavericks,Phoenix Suns,101,109
474091,2022-01-20,2021,False,Golden State Warriors,Indiana Pacers,117,121
474092,2022-01-21,2021,False,Milwaukee Bucks,Chicago Bulls,94,90
474093,2022-01-21,2021,False,Charlotte Hornets,Oklahoma City Thunder,121,98
474094,2022-01-21,2021,False,Washington Wizards,Toronto Raptors,105,109
474095,2022-01-21,2021,False,Philadelphia 76ers,LA Clippers,101,102
474096,2022-01-21,2021,False,Atlanta Hawks,Miami Heat,110,108
474097,2022-01-21,2021,False,Boston Celtics,Portland Trail Blazers,105,109
474098,2022-01-21,2021,False,Orlando Magic,Los Angeles Lakers,105,116
474099,2022-01-21,2021,False,San Antonio Spurs,Brooklyn Nets,102,117
474100,2022-01-21,2021,False,Utah Jazz,Detroit Pistons,111,101
474101,2022-01-21,2021,False,Denver Nuggets,Memphis Grizzlies,118,122
474102,2022-01-21,2021,False,Golden State Warriors,Houston Rockets,105,103
474103,2022-01-22,2021,False,Phoenix Suns,Indiana Pacers,113,103
474104,2022-01-22,2021,False,Cleveland Cavaliers,Oklahoma City Thunder,94,87
474105,2022-01-22,2021,False,Milwaukee Bucks,Sacramento Kings,133,127
474106,2022-01-23,2021,False,Orlando Magic,Chicago Bulls,114,95
474107,2022-01-23,2021,False,Miami Heat,Los Angeles Lakers,113,107
474108,2022-01-23,2021,False,New York Knicks,LA Clippers,110,102
474109,2022-01-23,2021,False,Dallas Mavericks,Memphis Grizzlies,104,91
474110,2022-01-23,2021,False,Charlotte Hornets,Atlanta Hawks,91,113
474111,2022-01-23,2021,False,Toronto Raptors,Portland Trail Blazers,105,114
474112,2022-01-23,2021,False,San Antonio Spurs,Philadelphia 76ers,109,115
474113,2022-01-23,2021,False,Washington Wizards,Boston Celtics,87,116
474114,2022-01-23,2021,False,Minnesota Timberwolves,Brooklyn Nets,136,125
474115,2022-01-23,2021,False,Denver Nuggets,Detroit Pistons,117,111
474116,2022-01-23,2021,False,Golden State Warriors,Utah Jazz,94,92
474117,2022-01-24,2021,False,Houston Rockets,Philadelphia 76ers,91,111
474118,2022-01-24,2021,False,Cleveland Cavaliers,New York Knicks,95,93
474119,2022-01-24,2021,False,New Orleans Pelicans,Indiana Pacers,117,113
474120,2022-01-24,2021,False,Phoenix Suns,Utah Jazz,115,109
474121,2022-01-24,2021,False,Atlanta Hawks,Chicago Bulls,130,124
474122,2022-01-25,2021,False,Toronto Raptors,Charlotte Hornets,125,113
474123,2022-01-25,2021,False,Detroit Pistons,Denver Nuggets,105,110
474124,2022-01-25,2021,False,Boston Celtics,Sacramento Kings,128,75
474125,2022-01-25,2021,False,Washington Wizards,LA Clippers,115,116
474126,2022-01-25,2021,False,Brooklyn Nets,Los Angeles Lakers,96,106
474127,2022-01-25,2021,False,Houston Rockets,San Antonio Spurs,104,134
474128,2022-01-25,2021,False,Portland Trail Blazers,Minnesota Timberwolves,107,109
474129,2022-01-25,2021,False,Golden State Warriors,Dallas Mavericks,130,92
474130,2022-01-26,2021,False,Indiana Pacers,Charlotte Hornets,126,158
474131,2022-01-26,2021,False,Cleveland Cavaliers,Milwaukee Bucks,115,99
474132,2022-01-26,2021,False,Atlanta Hawks,Sacramento Kings,121,104
474133,2022-01-26,2021,False,Orlando Magic,LA Clippers,102,111
474134,2022-01-26,2021,False,San Antonio Spurs,Memphis Grizzlies,110,118
474135,2022-01-26,2021,False,Oklahoma City Thunder,Chicago Bulls,110,111
474136,2022-01-26,2021,False,New Orleans Pelicans,Denver Nuggets,105,116
474137,2022-01-26,2021,False,Miami Heat,New York Knicks,110,96
474138,2022-01-26,2021,False,Brooklyn Nets,Toronto Raptors,97,133
474139,2022-01-26,2021,False,Utah Jazz,Phoenix Suns,97,105
474140,2022-01-26,2021,False,Portland Trail Blazers,Dallas Mavericks,112,132
474141,2022-01-27,2021,False,Golden State Warriors,Minnesota Timberwolves,124,115
474142,2022-01-27,2021,False,Philadelphia 76ers,Los Angeles Lakers,105,87
474143,2022-01-28,2021,False,Orlando Magic,Detroit Pistons,119,103
474144,2022-01-28,2021,False,Charlotte Hornets,Los Angeles Lakers,117,114
474145,2022-01-28,2021,False,Atlanta Hawks,Boston Celtics,108,92
474146,2022-01-28,2021,False,Miami Heat,LA Clippers,121,114
474147,2022-01-28,2021,False,Oklahoma City Thunder,Indiana Pacers,110,113
474148,2022-01-28,2021,False,Memphis Grizzlies,Utah Jazz,119,109
474149,2022-01-28,2021,False,San Antonio Spurs,Chicago Bulls,131,122
474150,2022-01-28,2021,False,Houston Rockets,Portland Trail Blazers,110,125
474151,2022-01-28,2021,False,Milwaukee Bucks,New York Knicks,123,108
474152,2022-01-28,2021,False,Phoenix Suns,Minnesota Timberwolves,134,124
474153,2022-01-29,2021,False,Philadelphia 76ers,Sacramento Kings,103,101
474154,2022-01-29,2021,False,New Orleans Pelicans,Boston Celtics,97,107
474155,2022-01-29,2021,False,Dallas Mavericks,Indiana Pacers,132,105
474156,2022-01-29,2021,False,Golden State Warriors,Brooklyn Nets,110,106
474157,2022-01-29,2021,False,Miami Heat,Toronto Raptors,120,124
474158,2022-01-29,2021,False,Memphis Grizzlies,Washington Wizards,115,95
474159,2022-01-30,2021,False,Chicago Bulls,Portland Trail Blazers,130,116
474160,2022-01-30,2021,False,Milwaukee Bucks,Denver Nuggets,100,136
474161,2022-01-30,2021,False,Detroit Pistons,Cleveland Cavaliers,115,105
474162,2022-01-30,2021,False,Charlotte Hornets,LA Clippers,90,115
474163,2022-01-30,2021,False,Minnesota Timberwolves,Utah Jazz,126,106
474164,2022-01-30,2021,False,Orlando Magic,Dallas Mavericks,110,108
474165,2022-01-30,2021,False,Atlanta Hawks,Los Angeles Lakers,129,121
474166,2022-01-30,2021,False,Phoenix Suns,San Antonio Spurs,115,110
474167,2022-01-31,2021,False,Cleveland Cavaliers,New Orleans Pelicans,93,90
474168,2022-01-31,2021,False,Indiana Pacers,LA Clippers,122,116
474169,2022-01-31,2021,False,Oklahoma City Thunder,Portland Trail Blazers,98,81
474170,2022-01-31,2021,False,Boston Celtics,Miami Heat,122,92
474171,2022-01-31,2021,False,Philadelphia 76ers,Memphis Grizzlies,122,119
474172,2022-01-31,2021,False,Houston Rockets,Golden State Warriors,108,122
474173,2022-01-31,2021,False,New York Knicks,Sacramento Kings,116,96
474174,2022-02-01,2021,False,Detroit Pistons,New Orleans Pelicans,101,111
474175,2022-02-01,2021,False,San Antonio Spurs,Golden State Warriors,120,124
474176,2022-02-01,2021,False,Phoenix Suns,Brooklyn Nets,121,111
474177,2022-02-01,2021,False,Milwaukee Bucks,Washington Wizards,112,98
474178,2022-02-01,2021,False,Atlanta Hawks,Toronto Raptors,100,106
474179,2022-02-01,2021,False,Chicago Bulls,Orlando Magic,126,115
474180,2022-02-01,2021,False,Minnesota Timberwolves,Denver Nuggets,130,115
474181,2022-02-02,2021,False,Indiana Pacers,Orlando Magic,118,119
474182,2022-02-02,2021,False,Utah Jazz,Denver Nuggets,108,104
474183,2022-02-02,2021,False,Philadelphia 76ers,Washington Wizards,103,106
474184,2022-02-02,2021,False,Dallas Mavericks,Oklahoma City Thunder,114,120
474185,2022-02-02,2021,False,Houston Rockets,Cleveland Cavaliers,115,104
474186,2022-02-02,2021,False,New York Knicks,Memphis Grizzlies,108,120
474187,2022-02-02,2021,False,Boston Celtics,Charlotte Hornets,113,107
474188,2022-02-02,2021,False,Sacramento Kings,Brooklyn Nets,112,101
474189,2022-02-02,2021,False,Los Angeles Lakers,Portland Trail Blazers,99,94
474190,2022-02-03,2021,False,Atlanta Hawks,Phoenix Suns,124,115
474191,2022-02-03,2021,False,Toronto Raptors,Miami Heat,110,106
474192,2022-02-03,2021,False,Golden State Warriors,Sacramento Kings,126,114
474193,2022-02-03,2021,False,Detroit Pistons,Minnesota Timberwolves,117,128
474194,2022-02-03,2021,False,LA Clippers,Los Angeles Lakers,111,110
474195,2022-02-04,2021,False,Dallas Mavericks,Philadelphia 76ers,107,98
474196,2022-02-04,2021,False,Portland Trail Blazers,Oklahoma City Thunder,93,96
474197,2022-02-04,2021,False,Denver Nuggets,New Orleans Pelicans,105,113
474198,2022-02-04,2021,False,Indiana Pacers,Chicago Bulls,115,122
474199,2022-02-04,2021,False,San Antonio Spurs,Houston Rockets,131,106
474200,2022-02-04,2021,False,Detroit Pistons,Boston Celtics,93,102
474201,2022-02-04,2021,False,Toronto Raptors,Atlanta Hawks,125,114
474202,2022-02-04,2021,False,Utah Jazz,Brooklyn Nets,125,102
474203,2022-02-04,2021,False,Charlotte Hornets,Cleveland Cavaliers,101,102
474204,2022-02-05,2021,False,Washington Wizards,Phoenix Suns,80,95
474205,2022-02-05,2021,False,Orlando Magic,Memphis Grizzlies,115,135
474206,2022-02-05,2021,False,Charlotte Hornets,Miami Heat,86,104
474207,2022-02-05,2021,False,Los Angeles Lakers,New York Knicks,122,115
474208,2022-02-05,2021,False,Sacramento Kings,Oklahoma City Thunder,113,103
474209,2022-02-05,2021,False,Portland Trail Blazers,Milwaukee Bucks,108,137
474210,2022-02-06,2021,False,Chicago Bulls,Philadelphia 76ers,108,119
474211,2022-02-06,2021,False,Cleveland Cavaliers,Indiana Pacers,98,85
474212,2022-02-06,2021,False,Denver Nuggets,Brooklyn Nets,124,104
474213,2022-02-06,2021,False,Minnesota Timberwolves,Detroit Pistons,118,105
474214,2022-02-06,2021,False,Dallas Mavericks,Atlanta Hawks,103,94
474215,2022-02-06,2021,False,Houston Rockets,New Orleans Pelicans,107,120
474216,2022-02-06,2021,False,LA Clippers,Milwaukee Bucks,113,137
474217,2022-02-06,2021,False,Orlando Magic,Boston Celtics,83,116
474218,2022-02-07,2021,False,Chicago Bulls,Phoenix Suns,124,127
474219,2022-02-07,2021,False,Oklahoma City Thunder,Golden State Warriors,98,110
474220,2022-02-07,2021,False,Utah Jazz,New York Knicks,113,104
474221,2022-02-07,2021,False,Charlotte Hornets,Toronto Raptors,101,116
474222,2022-02-07,2021,False,Washington Wizards,Miami Heat,100,121
474223,2022-02-08,2021,False,Philadelphia 76ers,Phoenix Suns,109,114
474224,2022-02-08,2021,False,Atlanta Hawks,Indiana Pacers,133,112
474225,2022-02-08,2021,False,Brooklyn Nets,Boston Celtics,91,126
474226,2022-02-08,2021,False,Memphis Grizzlies,LA Clippers,135,109
474227,2022-02-08,2021,False,Sacramento Kings,Minnesota Timberwolves,114,134
474228,2022-02-08,2021,False,Portland Trail Blazers,Orlando Magic,95,113
474229,2022-02-08,2021,False,New Orleans Pelicans,Houston Rockets,110,97
474230,2022-02-08,2021,False,Los Angeles Lakers,Milwaukee Bucks,116,131
474231,2022-02-08,2021,False,Dallas Mavericks,Detroit Pistons,116,86
474232,2022-02-08,2021,False,Denver Nuggets,New York Knicks,132,115
474233,2022-02-09,2021,False,Charlotte Hornets,Chicago Bulls,109,121
474234,2022-02-09,2021,False,Cleveland Cavaliers,San Antonio Spurs,105,92
474235,2022-02-09,2021,False,Utah Jazz,Golden State Warriors,111,85
474236,2022-02-09,2021,False,Portland Trail Blazers,Los Angeles Lakers,107,105
474237,2022-02-09,2021,False,Oklahoma City Thunder,Toronto Raptors,98,117
474238,2022-02-09,2021,False,Sacramento Kings,Minnesota Timberwolves,132,119
474239,2022-02-10,2021,False,New Orleans Pelicans,Miami Heat,97,112
474240,2022-02-10,2021,False,Washington Wizards,Brooklyn Nets,113,112
474241,2022-02-10,2021,False,Phoenix Suns,Milwaukee Bucks,131,107
474242,2022-02-10,2021,False,Dallas Mavericks,LA Clippers,112,105
474243,2022-02-10,2021,False,Golden State Warriors,New York Knicks,114,116
474244,2022-02-10,2021,False,Detroit Pistons,Memphis Grizzlies,107,132
474245,2022-02-10,2021,False,Houston Rockets,Toronto Raptors,120,139
474246,2022-02-11,2021,False,Chicago Bulls,Minnesota Timberwolves,134,122
474247,2022-02-11,2021,False,Boston Celtics,Denver Nuggets,108,102
474248,2022-02-11,2021,False,Utah Jazz,Orlando Magic,114,99
474249,2022-02-11,2021,False,Detroit Pistons,Charlotte Hornets,119,141
474250,2022-02-11,2021,False,Indiana Pacers,Cleveland Cavaliers,113,120
474251,2022-02-11,2021,False,Philadelphia 76ers,Oklahoma City Thunder,100,87
474252,2022-02-11,2021,False,Atlanta Hawks,San Antonio Spurs,121,136
474253,2022-02-12,2021,False,Portland Trail Blazers,New York Knicks,112,103
474254,2022-02-12,2021,False,Charlotte Hornets,Memphis Grizzlies,118,125
474255,2022-02-12,2021,False,Washington Wizards,Sacramento Kings,110,123
474256,2022-02-12,2021,False,Miami Heat,Brooklyn Nets,115,111
474257,2022-02-12,2021,False,Golden State Warriors,Los Angeles Lakers,117,115
474258,2022-02-12,2021,False,Philadelphia 76ers,Cleveland Cavaliers,103,93
474259,2022-02-12,2021,False,Toronto Raptors,Denver Nuggets,109,110
474260,2022-02-12,2021,False,Dallas Mavericks,LA Clippers,97,99
474261,2022-02-12,2021,False,Chicago Bulls,Oklahoma City Thunder,106,101
474262,2022-02-12,2021,False,New Orleans Pelicans,San Antonio Spurs,114,124
474263,2022-02-12,2021,False,Phoenix Suns,Orlando Magic,132,105
474264,2022-02-13,2021,False,Boston Celtics,Atlanta Hawks,105,95
474265,2022-02-13,2021,False,Indiana Pacers,Minnesota Timberwolves,120,129
474266,2022-02-14,2021,False,Milwaukee Bucks,Portland Trail Blazers,107,122
474267,2022-02-14,2021,False,LA Clippers,Golden State Warriors,119,104
474268,2022-02-14,2021,False,Washington Wizards,Detroit Pistons,103,94
474269,2022-02-14,2021,False,Chicago Bulls,San Antonio Spurs,120,109
474270,2022-02-14,2021,False,Denver Nuggets,Orlando Magic,121,111
474271,2022-02-14,2021,False,Utah Jazz,Houston Rockets,135,101
474272,2022-02-14,2021,False,Brooklyn Nets,Sacramento Kings,109,85
474273,2022-02-14,2021,False,New Orleans Pelicans,Toronto Raptors,120,90
474274,2022-02-14,2021,False,New York Knicks,Oklahoma City Thunder,123,127
474275,2022-02-15,2021,False,Atlanta Hawks,Cleveland Cavaliers,124,116
474276,2022-02-15,2021,False,Philadelphia 76ers,Boston Celtics,87,135
474277,2022-02-15,2021,False,Miami Heat,Dallas Mavericks,99,107
474278,2022-02-15,2021,False,New Orleans Pelicans,Memphis Grizzlies,109,121
474279,2022-02-15,2021,False,Minnesota Timberwolves,Charlotte Hornets,126,120
474280,2022-02-15,2021,False,Milwaukee Bucks,Indiana Pacers,128,119
474281,2022-02-15,2021,False,Phoenix Suns,LA Clippers,103,96
474282,2022-02-16,2021,False,New York Knicks,Brooklyn Nets,106,111
474283,2022-02-16,2021,False,Minnesota Timberwolves,Toronto Raptors,91,103
474284,2022-02-16,2021,False,Chicago Bulls,Sacramento Kings,125,118
474285,2022-02-16,2021,False,Memphis Grizzlies,Portland Trail Blazers,119,123
474286,2022-02-16,2021,False,Indiana Pacers,Washington Wizards,113,108
474287,2022-02-16,2021,False,Orlando Magic,Atlanta Hawks,109,130
474288,2022-02-16,2021,False,Boston Celtics,Detroit Pistons,111,112
474289,2022-02-16,2021,False,Oklahoma City Thunder,San Antonio Spurs,106,114
474290,2022-02-16,2021,False,Phoenix Suns,Houston Rockets,124,121
474291,2022-02-16,2021,False,Golden State Warriors,Denver Nuggets,116,117
474292,2022-02-16,2021,False,Los Angeles Lakers,Utah Jazz,106,101
474293,2022-02-17,2021,False,Milwaukee Bucks,Philadelphia 76ers,120,123
474294,2022-02-17,2021,False,New Orleans Pelicans,Dallas Mavericks,118,125
474295,2022-02-17,2021,False,Charlotte Hornets,Miami Heat,107,111
474296,2022-02-17,2021,False,LA Clippers,Houston Rockets,142,111
474297,2022-02-24,2021,False,Portland Trail Blazers,Golden State Warriors,95,132
474298,2022-02-24,2021,False,Chicago Bulls,Atlanta Hawks,112,108
474299,2022-02-24,2021,False,Minnesota Timberwolves,Memphis Grizzlies,119,114
474300,2022-02-24,2021,False,Detroit Pistons,Cleveland Cavaliers,106,103
474301,2022-02-24,2021,False,Brooklyn Nets,Boston Celtics,106,129
474302,2022-02-24,2021,False,Oklahoma City Thunder,Phoenix Suns,104,124
474303,2022-02-24,2021,False,Sacramento Kings,Denver Nuggets,110,128
474304,2022-02-25,2021,False,New York Knicks,Miami Heat,100,115
474305,2022-02-25,2021,False,Phoenix Suns,New Orleans Pelicans,102,117
474306,2022-02-25,2021,False,Minnesota Timberwolves,Philadelphia 76ers,102,133
474307,2022-02-25,2021,False,Washington Wizards,San Antonio Spurs,153,157
474308,2022-02-25,2021,False,Utah Jazz,Dallas Mavericks,114,109
474309,2022-02-25,2021,False,Indiana Pacers,Oklahoma City Thunder,125,129
474310,2022-02-25,2021,False,Charlotte Hornets,Toronto Raptors,125,93
474311,2022-02-25,2021,False,Orlando Magic,Houston Rockets,119,111
474312,2022-02-25,2021,False,Los Angeles Lakers,LA Clippers,102,105
474313,2022-02-26,2021,False,Atlanta Hawks,Toronto Raptors,127,100
474314,2022-02-26,2021,False,Denver Nuggets,Sacramento Kings,115,110
474315,2022-02-26,2021,False,Cleveland Cavaliers,Washington Wizards,92,86
474316,2022-02-26,2021,False,Detroit Pistons,Boston Celtics,104,113
474317,2022-02-26,2021,False,Miami Heat,San Antonio Spurs,133,129
474318,2022-02-26,2021,False,Milwaukee Bucks,Brooklyn Nets,123,126
474319,2022-02-26,2021,False,Chicago Bulls,Memphis Grizzlies,110,116
474320,2022-02-27,2021,False,Indiana Pacers,Boston Celtics,128,107
474321,2022-02-27,2021,False,New York Knicks,Philadelphia 76ers,109,125
474322,2022-02-27,2021,False,Portland Trail Blazers,Denver Nuggets,92,124
474323,2022-02-27,2021,False,Charlotte Hornets,Detroit Pistons,126,127
474324,2022-02-27,2021,False,Golden State Warriors,Dallas Mavericks,101,107
474325,2022-02-27,2021,False,Houston Rockets,LA Clippers,98,99
474326,2022-02-27,2021,False,Los Angeles Lakers,New Orleans Pelicans,95,123
474327,2022-02-27,2021,False,Phoenix Suns,Utah Jazz,114,118
474328,2022-02-28,2021,False,Milwaukee Bucks,Charlotte Hornets,130,106
474329,2022-02-28,2021,False,Miami Heat,Chicago Bulls,112,99
474330,2022-02-28,2021,False,Cleveland Cavaliers,Minnesota Timberwolves,122,127
474331,2022-02-28,2021,False,Memphis Grizzlies,San Antonio Spurs,118,105
474332,2022-02-28,2021,False,Orlando Magic,Indiana Pacers,119,103
474333,2022-02-28,2021,False,Oklahoma City Thunder,Sacramento Kings,110,131
474334,2022-03-01,2021,False,Washington Wizards,Detroit Pistons,116,113
474335,2022-03-01,2021,False,Houston Rockets,LA Clippers,100,113
474336,2022-03-01,2021,False,Boston Celtics,Atlanta Hawks,107,98
474337,2022-03-01,2021,False,Toronto Raptors,Brooklyn Nets,109,108
474338,2022-03-01,2021,False,Los Angeles Lakers,Dallas Mavericks,104,109
474339,2022-03-01,2021,False,Minnesota Timberwolves,Golden State Warriors,129,114
474340,2022-03-02,2021,False,New Orleans Pelicans,Sacramento Kings,125,95
474341,2022-03-02,2021,False,Houston Rockets,Utah Jazz,127,132
474342,2022-03-02,2021,False,Milwaukee Bucks,Miami Heat,120,119
474343,2022-03-02,2021,False,Philadelphia 76ers,New York Knicks,123,108
474344,2022-03-02,2021,False,Orlando Magic,Indiana Pacers,114,122
474345,2022-03-02,2021,False,Cleveland Cavaliers,Charlotte Hornets,98,119
474346,2022-03-02,2021,False,Phoenix Suns,Portland Trail Blazers,120,90
474347,2022-03-02,2021,False,Denver Nuggets,Oklahoma City Thunder,107,119
474348,2022-03-03,2021,False,Toronto Raptors,Detroit Pistons,106,108
474349,2022-03-03,2021,False,Boston Celtics,Memphis Grizzlies,120,107
474350,2022-03-03,2021,False,Dallas Mavericks,Golden State Warriors,122,113
474351,2022-03-03,2021,False,Brooklyn Nets,Miami Heat,107,113
474352,2022-03-03,2021,False,San Antonio Spurs,Sacramento Kings,112,115
474353,2022-03-03,2021,False,LA Clippers,Los Angeles Lakers,132,111
474354,2022-03-04,2021,False,New Orleans Pelicans,Utah Jazz,124,90
474355,2022-03-04,2021,False,Oklahoma City Thunder,Minnesota Timberwolves,101,138
474356,2022-03-04,2021,False,Denver Nuggets,Houston Rockets,116,101
474357,2022-03-04,2021,False,Detroit Pistons,Indiana Pacers,111,106
474358,2022-03-04,2021,False,Washington Wizards,Atlanta Hawks,114,117
474359,2022-03-04,2021,False,Phoenix Suns,New York Knicks,115,114
474360,2022-03-04,2021,False,Chicago Bulls,Milwaukee Bucks,112,118
474361,2022-03-04,2021,False,Philadelphia 76ers,Cleveland Cavaliers,125,119
474362,2022-03-05,2021,False,Minnesota Timberwolves,Portland Trail Blazers,135,121
474363,2022-03-05,2021,False,Miami Heat,Philadelphia 76ers,99,82
474364,2022-03-05,2021,False,Dallas Mavericks,Sacramento Kings,114,113
474365,2022-03-05,2021,False,Memphis Grizzlies,Orlando Magic,124,96
474366,2022-03-05,2021,False,Charlotte Hornets,San Antonio Spurs,123,117
474367,2022-03-05,2021,False,Los Angeles Lakers,Golden State Warriors,124,116
474368,2022-03-06,2021,False,Oklahoma City Thunder,Utah Jazz,103,116
474369,2022-03-06,2021,False,Denver Nuggets,New Orleans Pelicans,138,130
474370,2022-03-06,2021,False,Houston Rockets,Memphis Grizzlies,123,112
474371,2022-03-06,2021,False,Boston Celtics,Brooklyn Nets,126,120
474372,2022-03-06,2021,False,Milwaukee Bucks,Phoenix Suns,132,122
474373,2022-03-06,2021,False,Washington Wizards,Indiana Pacers,133,123
474374,2022-03-06,2021,False,Cleveland Cavaliers,Toronto Raptors,104,96
474375,2022-03-06,2021,False,LA Clippers,New York Knicks,93,116
474376,2022-03-07,2021,False,Detroit Pistons,Atlanta Hawks,113,110
474377,2022-03-07,2021,False,Philadelphia 76ers,Chicago Bulls,121,106
474378,2022-03-07,2021,False,Miami Heat,Houston Rockets,123,106
474379,2022-03-07,2021,False,Minnesota Timberwolves,Portland Trail Blazers,124,81
474380,2022-03-07,2021,False,Dallas Mavericks,Utah Jazz,111,103
474381,2022-03-07,2021,False,Sacramento Kings,New York Knicks,115,131
474382,2022-03-07,2021,False,San Antonio Spurs,Los Angeles Lakers,117,110
474383,2022-03-08,2021,False,Charlotte Hornets,Brooklyn Nets,121,132
474384,2022-03-08,2021,False,Indiana Pacers,Cleveland Cavaliers,124,127
474385,2022-03-08,2021,False,Memphis Grizzlies,New Orleans Pelicans,132,111
474386,2022-03-08,2021,False,Orlando Magic,Phoenix Suns,99,102
474387,2022-03-08,2021,False,Oklahoma City Thunder,Milwaukee Bucks,115,142
474388,2022-03-08,2021,False,Golden State Warriors,LA Clippers,112,97
474389,2022-03-09,2021,False,Milwaukee Bucks,Atlanta Hawks,124,115
474390,2022-03-09,2021,False,New Orleans Pelicans,Orlando Magic,102,108
474391,2022-03-09,2021,False,Minnesota Timberwolves,Oklahoma City Thunder,132,102
474392,2022-03-09,2021,False,Detroit Pistons,Chicago Bulls,108,114
474393,2022-03-09,2021,False,Houston Rockets,Los Angeles Lakers,139,130
474394,2022-03-09,2021,False,Miami Heat,Phoenix Suns,90,111
474395,2022-03-09,2021,False,Charlotte Hornets,Boston Celtics,101,115
474396,2022-03-09,2021,False,Dallas Mavericks,New York Knicks,77,107
474397,2022-03-09,2021,False,San Antonio Spurs,Toronto Raptors,104,119
474398,2022-03-09,2021,False,Utah Jazz,Portland Trail Blazers,123,85
474399,2022-03-09,2021,False,Sacramento Kings,Denver Nuggets,100,106
474400,2022-03-09,2021,False,LA Clippers,Washington Wizards,115,109
474401,2022-03-10,2021,False,Philadelphia 76ers,Brooklyn Nets,100,129
474402,2022-03-10,2021,False,Denver Nuggets,Golden State Warriors,102,113
474403,2022-03-11,2021,False,Memphis Grizzlies,New York Knicks,118,114
474404,2022-03-11,2021,False,Houston Rockets,Dallas Mavericks,100,113
474405,2022-03-11,2021,False,Orlando Magic,Minnesota Timberwolves,118,110
474406,2022-03-11,2021,False,Miami Heat,Cleveland Cavaliers,117,105
474407,2022-03-11,2021,False,New Orleans Pelicans,Charlotte Hornets,120,142
474408,2022-03-11,2021,False,Atlanta Hawks,LA Clippers,112,106
474409,2022-03-11,2021,False,Boston Celtics,Detroit Pistons,114,103
474410,2022-03-11,2021,False,San Antonio Spurs,Utah Jazz,104,102
474411,2022-03-11,2021,False,Los Angeles Lakers,Washington Wizards,122,109
474412,2022-03-11,2021,False,Phoenix Suns,Toronto Raptors,112,117
474413,2022-03-12,2021,False,Miami Heat,Minnesota Timberwolves,104,113
474414,2022-03-12,2021,False,Utah Jazz,Sacramento Kings,134,125
474415,2022-03-12,2021,False,Chicago Bulls,Cleveland Cavaliers,101,91
474416,2022-03-12,2021,False,Denver Nuggets,Toronto Raptors,115,127
474417,2022-03-12,2021,False,Golden State Warriors,Milwaukee Bucks,122,109
474418,2022-03-12,2021,False,San Antonio Spurs,Indiana Pacers,108,119
474419,2022-03-12,2021,False,Portland Trail Blazers,Washington Wizards,127,118
474420,2022-03-13,2021,False,Atlanta Hawks,Indiana Pacers,131,128
474421,2022-03-13,2021,False,Boston Celtics,Dallas Mavericks,92,95
474422,2022-03-13,2021,False,Brooklyn Nets,New York Knicks,110,107
474423,2022-03-13,2021,False,New Orleans Pelicans,Houston Rockets,130,105
474424,2022-03-13,2021,False,Orlando Magic,Philadelphia 76ers,114,116
474425,2022-03-13,2021,False,Detroit Pistons,LA Clippers,102,106
474426,2022-03-13,2021,False,Oklahoma City Thunder,Memphis Grizzlies,118,125
474427,2022-03-13,2021,False,Phoenix Suns,Los Angeles Lakers,140,111
474428,2022-03-14,2021,False,Cleveland Cavaliers,LA Clippers,120,111
474429,2022-03-14,2021,False,San Antonio Spurs,Minnesota Timberwolves,139,149
474430,2022-03-14,2021,False,Philadelphia 76ers,Denver Nuggets,110,114
474431,2022-03-14,2021,False,Utah Jazz,Milwaukee Bucks,111,117
474432,2022-03-14,2021,False,Oklahoma City Thunder,Charlotte Hornets,116,134
474433,2022-03-14,2021,False,Sacramento Kings,Chicago Bulls,112,103
474434,2022-03-14,2021,False,Atlanta Hawks,Portland Trail Blazers,122,113
474435,2022-03-14,2021,False,Golden State Warriors,Washington Wizards,126,112
474436,2022-03-14,2021,False,Los Angeles Lakers,Toronto Raptors,103,114
474437,2022-03-15,2021,False,Orlando Magic,Brooklyn Nets,108,150
474438,2022-03-15,2021,False,Indiana Pacers,Memphis Grizzlies,102,135
474439,2022-03-15,2021,False,New Orleans Pelicans,Phoenix Suns,115,131
474440,2022-03-15,2021,False,Miami Heat,Detroit Pistons,105,98
474441,2022-03-16,2021,False,Minnesota Timberwolves,Los Angeles Lakers,124,104
474442,2022-03-16,2021,False,New York Knicks,Portland Trail Blazers,128,98
474443,2022-03-16,2021,False,Brooklyn Nets,Dallas Mavericks,111,113
474444,2022-03-16,2021,False,Charlotte Hornets,Atlanta Hawks,116,106
474445,2022-03-16,2021,False,Houston Rockets,Phoenix Suns,112,129
474446,2022-03-16,2021,False,Cleveland Cavaliers,Philadelphia 76ers,114,118
474447,2022-03-16,2021,False,Washington Wizards,Denver Nuggets,109,127
474448,2022-03-16,2021,False,San Antonio Spurs,Oklahoma City Thunder,122,120
474449,2022-03-16,2021,False,Utah Jazz,Chicago Bulls,125,110
474450,2022-03-16,2021,False,Golden State Warriors,Boston Celtics,88,110
474451,2022-03-16,2021,False,Sacramento Kings,Milwaukee Bucks,126,135
474452,2022-03-16,2021,False,LA Clippers,Toronto Raptors,100,103
474453,2022-03-17,2021,False,Orlando Magic,Detroit Pistons,120,134
474454,2022-03-18,2021,False,Philadelphia 76ers,Dallas Mavericks,111,101
474455,2022-03-18,2021,False,Cleveland Cavaliers,Denver Nuggets,119,116
474456,2022-03-18,2021,False,Miami Heat,Oklahoma City Thunder,120,108
474457,2022-03-18,2021,False,New York Knicks,Washington Wizards,100,97
474458,2022-03-18,2021,False,Atlanta Hawks,Memphis Grizzlies,120,105
474459,2022-03-18,2021,False,Toronto Raptors,Los Angeles Lakers,123,128
474460,2022-03-18,2021,False,Brooklyn Nets,Portland Trail Blazers,128,123
474461,2022-03-18,2021,False,Houston Rockets,Indiana Pacers,118,121
474462,2022-03-18,2021,False,Utah Jazz,LA Clippers,121,92
474463,2022-03-18,2021,False,San Antonio Spurs,New Orleans Pelicans,91,124
474464,2022-03-18,2021,False,Phoenix Suns,Chicago Bulls,129,102
474465,2022-03-18,2021,False,Sacramento Kings,Boston Celtics,97,126
474466,2022-03-19,2021,False,Charlotte Hornets,Dallas Mavericks,129,108
474467,2022-03-19,2021,False,Minnesota Timberwolves,Milwaukee Bucks,138,119
474468,2022-03-19,2021,False,Cleveland Cavaliers,Detroit Pistons,113,109
474469,2022-03-19,2021,False,Washington Wizards,Los Angeles Lakers,127,119
474470,2022-03-20,2021,False,Atlanta Hawks,New Orleans Pelicans,112,117
474471,2022-03-20,2021,False,Sacramento Kings,Phoenix Suns,124,127
474472,2022-03-20,2021,False,Philadelphia 76ers,Toronto Raptors,88,93
474473,2022-03-20,2021,False,Orlando Magic,Oklahoma City Thunder,90,85
474474,2022-03-20,2021,False,Indiana Pacers,Portland Trail Blazers,129,98
474475,2022-03-20,2021,False,New York Knicks,Utah Jazz,93,108
474476,2022-03-20,2021,False,Houston Rockets,Memphis Grizzlies,98,122
474477,2022-03-20,2021,False,Denver Nuggets,Boston Celtics,104,124
474478,2022-03-20,2021,False,Golden State Warriors,San Antonio Spurs,108,110
474479,2022-03-21,2021,False,Philadelphia 76ers,Miami Heat,113,106
474480,2022-03-21,2021,False,Dallas Mavericks,Minnesota Timberwolves,110,108
474481,2022-03-21,2021,False,Houston Rockets,Washington Wizards,115,97
474482,2022-03-21,2021,False,Cleveland Cavaliers,Los Angeles Lakers,120,131
474483,2022-03-21,2021,False,Chicago Bulls,Toronto Raptors,113,99
474484,2022-03-21,2021,False,Charlotte Hornets,New Orleans Pelicans,106,103
474485,2022-03-21,2021,False,Brooklyn Nets,Utah Jazz,114,106
474486,2022-03-21,2021,False,Detroit Pistons,Portland Trail Blazers,115,119
474487,2022-03-21,2021,False,Oklahoma City Thunder,Boston Celtics,123,132
474488,2022-03-22,2021,False,Orlando Magic,Golden State Warriors,94,90
474489,2022-03-22,2021,False,New York Knicks,Atlanta Hawks,111,117
474490,2022-03-22,2021,False,Denver Nuggets,LA Clippers,127,115
474491,2022-03-22,2021,False,Milwaukee Bucks,Chicago Bulls,126,98
474492,2022-03-23,2021,False,Detroit Pistons,Atlanta Hawks,122,101
474493,2022-03-23,2021,False,Indiana Pacers,Sacramento Kings,109,110
474494,2022-03-23,2021,False,Charlotte Hornets,New York Knicks,106,121
474495,2022-03-23,2021,False,Boston Celtics,Utah Jazz,125,97
474496,2022-03-23,2021,False,Minnesota Timberwolves,Phoenix Suns,116,125
474497,2022-03-23,2021,False,Dallas Mavericks,Houston Rockets,110,91
474498,2022-03-23,2021,False,Memphis Grizzlies,Brooklyn Nets,132,120
474499,2022-03-23,2021,False,Los Angeles Lakers,Philadelphia 76ers,121,126
474500,2022-03-23,2021,False,Miami Heat,Golden State Warriors,104,118
474501,2022-03-23,2021,False,Oklahoma City Thunder,Orlando Magic,118,102
474502,2022-03-23,2021,False,Portland Trail Blazers,San Antonio Spurs,96,133
474503,2022-03-24,2021,False,Toronto Raptors,Cleveland Cavaliers,117,104
474504,2022-03-24,2021,False,Memphis Grizzlies,Indiana Pacers,133,103
474505,2022-03-24,2021,False,New Orleans Pelicans,Chicago Bulls,126,109
474506,2022-03-24,2021,False,Milwaukee Bucks,Washington Wizards,114,102
474507,2022-03-24,2021,False,Denver Nuggets,Phoenix Suns,130,140
474508,2022-03-25,2021,False,Charlotte Hornets,Utah Jazz,107,101
474509,2022-03-25,2021,False,Detroit Pistons,Washington Wizards,97,100
474510,2022-03-25,2021,False,Miami Heat,New York Knicks,103,111
474511,2022-03-25,2021,False,Atlanta Hawks,Golden State Warriors,121,110
474512,2022-03-25,2021,False,Minnesota Timberwolves,Dallas Mavericks,116,95
474513,2022-03-25,2021,False,LA Clippers,Philadelphia 76ers,97,122
474514,2022-03-25,2021,False,Portland Trail Blazers,Houston Rockets,106,125
474515,2022-03-26,2021,False,Orlando Magic,Sacramento Kings,110,114
474516,2022-03-26,2021,False,New Orleans Pelicans,San Antonio Spurs,103,107
474517,2022-03-26,2021,False,Toronto Raptors,Indiana Pacers,131,91
474518,2022-03-26,2021,False,Cleveland Cavaliers,Chicago Bulls,94,98
474519,2022-03-26,2021,False,Denver Nuggets,Oklahoma City Thunder,113,107
474520,2022-03-26,2021,False,Miami Heat,Brooklyn Nets,95,110
474521,2022-03-26,2021,False,Portland Trail Blazers,Houston Rockets,98,115
474522,2022-03-26,2021,False,Memphis Grizzlies,Milwaukee Bucks,127,102
474523,2022-03-27,2021,False,Dallas Mavericks,Utah Jazz,114,100
474524,2022-03-27,2021,False,Detroit Pistons,New York Knicks,102,104
474525,2022-03-27,2021,False,Phoenix Suns,Philadelphia 76ers,114,104
474526,2022-03-27,2021,False,Brooklyn Nets,Charlotte Hornets,110,119
474527,2022-03-27,2021,False,Boston Celtics,Minnesota Timberwolves,134,112
474528,2022-03-27,2021,False,New Orleans Pelicans,Los Angeles Lakers,116,108
474529,2022-03-27,2021,False,Washington Wizards,Golden State Warriors,123,115
474530,2022-03-28,2021,False,Indiana Pacers,Atlanta Hawks,123,132
474531,2022-03-28,2021,False,Houston Rockets,San Antonio Spurs,120,123
474532,2022-03-28,2021,False,Charlotte Hornets,Denver Nuggets,109,113
474533,2022-03-28,2021,False,New York Knicks,Chicago Bulls,109,104
474534,2022-03-28,2021,False,Memphis Grizzlies,Golden State Warriors,123,95
474535,2022-03-28,2021,False,Miami Heat,Sacramento Kings,123,100
474536,2022-03-28,2021,False,Toronto Raptors,Boston Celtics,115,112
474537,2022-03-28,2021,False,Cleveland Cavaliers,Orlando Magic,107,101
474538,2022-03-28,2021,False,Portland Trail Blazers,Oklahoma City Thunder,131,134
474539,2022-03-29,2021,False,Washington Wizards,Chicago Bulls,94,107
474540,2022-03-29,2021,False,Philadelphia 76ers,Milwaukee Bucks,116,118
474541,2022-03-29,2021,False,Dallas Mavericks,Los Angeles Lakers,128,110
474542,2022-03-29,2021,False,Brooklyn Nets,Detroit Pistons,130,123
474543,2022-03-29,2021,False,LA Clippers,Utah Jazz,121,115
474544,2022-03-30,2021,False,Toronto Raptors,Minnesota Timberwolves,125,102
474545,2022-03-30,2021,False,Houston Rockets,Sacramento Kings,118,121
474546,2022-03-30,2021,False,New York Knicks,Charlotte Hornets,114,125
474547,2022-03-30,2021,False,Cleveland Cavaliers,Dallas Mavericks,112,120
474548,2022-03-30,2021,False,Washington Wizards,Orlando Magic,127,110
474549,2022-03-30,2021,False,Boston Celtics,Miami Heat,98,106
474550,2022-03-30,2021,False,Indiana Pacers,Denver Nuggets,118,125
474551,2022-03-30,2021,False,Oklahoma City Thunder,Atlanta Hawks,118,136
474552,2022-03-30,2021,False,San Antonio Spurs,Memphis Grizzlies,111,112
474553,2022-03-30,2021,False,Golden State Warriors,Phoenix Suns,103,107
474554,2022-03-30,2021,False,Portland Trail Blazers,New Orleans Pelicans,107,117
474555,2022-03-31,2021,False,Utah Jazz,Los Angeles Lakers,122,109
474556,2022-03-31,2021,False,Detroit Pistons,Philadelphia 76ers,102,94
474557,2022-03-31,2021,False,Chicago Bulls,LA Clippers,135,130
474558,2022-03-31,2021,False,Brooklyn Nets,Milwaukee Bucks,119,120
474559,2022-04-01,2021,False,Washington Wizards,Dallas Mavericks,135,103
474560,2022-04-01,2021,False,Boston Celtics,Indiana Pacers,128,123
474561,2022-04-01,2021,False,Milwaukee Bucks,LA Clippers,119,153
474562,2022-04-01,2021,False,Houston Rockets,Sacramento Kings,117,122
474563,2022-04-01,2021,False,Oklahoma City Thunder,Detroit Pistons,101,110
474564,2022-04-01,2021,False,Orlando Magic,Toronto Raptors,89,102
474565,2022-04-01,2021,False,Memphis Grizzlies,Phoenix Suns,122,114
474566,2022-04-01,2021,False,San Antonio Spurs,Portland Trail Blazers,130,111
474567,2022-04-01,2021,False,Denver Nuggets,Minnesota Timberwolves,130,136
474568,2022-04-01,2021,False,Los Angeles Lakers,New Orleans Pelicans,111,114
474569,2022-04-02,2021,False,Chicago Bulls,Miami Heat,109,127
474570,2022-04-02,2021,False,Golden State Warriors,Utah Jazz,111,107
474571,2022-04-02,2021,False,New York Knicks,Cleveland Cavaliers,101,119
474572,2022-04-02,2021,False,Philadelphia 76ers,Charlotte Hornets,144,114
474573,2022-04-02,2021,False,Atlanta Hawks,Brooklyn Nets,122,115
474574,2022-04-03,2021,False,Cleveland Cavaliers,Philadelphia 76ers,108,112
474575,2022-04-03,2021,False,Milwaukee Bucks,Dallas Mavericks,112,118
474576,2022-04-03,2021,False,Orlando Magic,New York Knicks,88,118
474577,2022-04-03,2021,False,Boston Celtics,Washington Wizards,144,102
474578,2022-04-03,2021,False,Indiana Pacers,Detroit Pistons,117,121
474579,2022-04-03,2021,False,Los Angeles Lakers,Denver Nuggets,118,129
474580,2022-04-03,2021,False,Toronto Raptors,Miami Heat,109,114
474581,2022-04-03,2021,False,Houston Rockets,Minnesota Timberwolves,132,139
474582,2022-04-03,2021,False,Oklahoma City Thunder,Phoenix Suns,117,96
474583,2022-04-03,2021,False,San Antonio Spurs,Portland Trail Blazers,113,92
474584,2022-04-03,2021,False,Sacramento Kings,Golden State Warriors,90,109
474585,2022-04-03,2021,False,LA Clippers,New Orleans Pelicans,119,100
474586,2022-04-05,2021,False,Indiana Pacers,Philadelphia 76ers,122,131
474587,2022-04-05,2021,False,Miami Heat,Charlotte Hornets,144,115
474588,2022-04-05,2021,False,Brooklyn Nets,Houston Rockets,118,105
474589,2022-04-05,2021,False,Toronto Raptors,Atlanta Hawks,118,108
474590,2022-04-05,2021,False,Orlando Magic,Cleveland Cavaliers,120,115
474591,2022-04-05,2021,False,Chicago Bulls,Milwaukee Bucks,106,127
474592,2022-04-05,2021,False,Utah Jazz,Memphis Grizzlies,121,115
474593,2022-04-05,2021,False,Minnesota Timberwolves,Washington Wizards,114,132
474594,2022-04-05,2021,False,Denver Nuggets,San Antonio Spurs,97,116
474595,2022-04-05,2021,False,Oklahoma City Thunder,Portland Trail Blazers,98,94
474596,2022-04-05,2021,False,Sacramento Kings,New Orleans Pelicans,109,123
474597,2022-04-05,2021,False,Phoenix Suns,Los Angeles Lakers,121,110
474598,2022-04-06,2021,False,New York Knicks,Brooklyn Nets,98,110
474599,2022-04-06,2021,False,Detroit Pistons,Dallas Mavericks,113,131
474600,2022-04-06,2021,False,LA Clippers,Phoenix Suns,113,109
474601,2022-04-06,2021,False,Chicago Bulls,Boston Celtics,94,117
474602,2022-04-06,2021,False,Utah Jazz,Oklahoma City Thunder,137,101
474603,2022-04-06,2021,False,Atlanta Hawks,Washington Wizards,118,103
474604,2022-04-07,2021,False,New Orleans Pelicans,Portland Trail Blazers,127,94
474605,2022-04-07,2021,False,Minnesota Timberwolves,San Antonio Spurs,127,121
474606,2022-04-07,2021,False,Golden State Warriors,Los Angeles Lakers,128,112
474607,2022-04-07,2021,False,Toronto Raptors,Philadelphia 76ers,119,114
474608,2022-04-07,2021,False,Milwaukee Bucks,Boston Celtics,127,121
474609,2022-04-07,2021,False,Charlotte Hornets,Orlando Magic,128,101
474610,2022-04-07,2021,False,Denver Nuggets,Memphis Grizzlies,122,109
474611,2022-04-08,2021,False,Toronto Raptors,Houston Rockets,117,115
474612,2022-04-08,2021,False,Utah Jazz,Phoenix Suns,105,111
474613,2022-04-08,2021,False,Los Angeles Lakers,Oklahoma City Thunder,120,101
474614,2022-04-08,2021,False,Dallas Mavericks,Portland Trail Blazers,128,78
474615,2022-04-08,2021,False,Miami Heat,Atlanta Hawks,113,109
474616,2022-04-08,2021,False,Detroit Pistons,Milwaukee Bucks,101,131
474617,2022-04-08,2021,False,Chicago Bulls,Charlotte Hornets,117,133
474618,2022-04-08,2021,False,Brooklyn Nets,Cleveland Cavaliers,118,107
474619,2022-04-08,2021,False,Washington Wizards,New York Knicks,92,114
474620,2022-04-09,2021,False,Philadelphia 76ers,Indiana Pacers,133,120
474621,2022-04-09,2021,False,Memphis Grizzlies,New Orleans Pelicans,141,114
474622,2022-04-09,2021,False,San Antonio Spurs,Golden State Warriors,94,100
474623,2022-04-09,2021,False,LA Clippers,Sacramento Kings,117,98
474624,2022-04-10,2021,False,Brooklyn Nets,Indiana Pacers,134,126
474625,2022-04-10,2021,False,Cleveland Cavaliers,Milwaukee Bucks,133,115
474626,2022-04-10,2021,False,Charlotte Hornets,Washington Wizards,124,108
474627,2022-04-10,2021,False,Denver Nuggets,Los Angeles Lakers,141,146
474628,2022-04-10,2021,False,Dallas Mavericks,San Antonio Spurs,130,120
474629,2022-04-10,2021,False,Houston Rockets,Atlanta Hawks,114,130
474630,2022-04-10,2021,False,LA Clippers,Oklahoma City Thunder,138,88
474631,2022-04-10,2021,False,Memphis Grizzlies,Boston Celtics,110,139
474632,2022-04-10,2021,False,New Orleans Pelicans,Golden State Warriors,107,128
474633,2022-04-10,2021,False,Minnesota Timberwolves,Chicago Bulls,120,124
474634,2022-04-10,2021,False,New York Knicks,Toronto Raptors,105,94
474635,2022-04-10,2021,False,Orlando Magic,Miami Heat,125,111
474636,2022-04-10,2021,False,Philadelphia 76ers,Detroit Pistons,118,106
474637,2022-04-10,2021,False,Portland Trail Blazers,Utah Jazz,80,111
474638,2022-04-10,2021,False,Phoenix Suns,Sacramento Kings,109,116
830509,2022-04-12,2021,True,Minnesota Timberwolves,LA Clippers,109,104
830510,2022-04-12,2021,True,Brooklyn Nets,Cleveland Cavaliers,115,108
830799,2022-04-13,2021,True,New Orleans Pelicans,San Antonio Spurs,113,103
830800,2022-04-13,2021,True,Atlanta Hawks,Charlotte Hornets,132,103
831661,2022-04-15,2021,True,LA Clippers,New Orleans Pelicans,101,105
831662,2022-04-15,2021,True,Cleveland Cavaliers,Atlanta Hawks,101,107
831951,2022-04-16,2021,True,Memphis Grizzlies,Minnesota Timberwolves,117,130
831952,2022-04-16,2021,True,Dallas Mavericks,Utah Jazz,93,99
831953,2022-04-16,2021,True,Philadelphia 76ers,Toronto Raptors,131,111
831954,2022-04-16,2021,True,Golden State Warriors,Denver Nuggets,123,107
832817,2022-04-17,2021,True,Boston Celtics,Brooklyn Nets,115,114
832818,2022-04-17,2021,True,Phoenix Suns,New Orleans Pelicans,110,99
832819,2022-04-17,2021,True,Milwaukee Bucks,Chicago Bulls,93,86
832820,2022-04-17,2021,True,Miami Heat,Atlanta Hawks,115,91
833969,2022-04-18,2021,True,Golden State Warriors,Denver Nuggets,126,106
833970,2022-04-18,2021,True,Philadelphia 76ers,Toronto Raptors,112,97
833971,2022-04-18,2021,True,Dallas Mavericks,Utah Jazz,110,104
834976,2022-04-19,2021,True,Miami Heat,Atlanta Hawks,115,105
834977,2022-04-19,2021,True,Memphis Grizzlies,Minnesota Timberwolves,124,96
834978,2022-04-19,2021,True,Phoenix Suns,New Orleans Pelicans,114,125
835840,2022-04-20,2021,True,Boston Celtics,Brooklyn Nets,114,107
835841,2022-04-20,2021,True,Toronto Raptors,Philadelphia 76ers,101,104
835842,2022-04-20,2021,True,Milwaukee Bucks,Chicago Bulls,110,114
836704,2022-04-21,2021,True,Minnesota Timberwolves,Memphis Grizzlies,95,104
836705,2022-04-21,2021,True,Denver Nuggets,Golden State Warriors,113,118
836706,2022-04-21,2021,True,Utah Jazz,Dallas Mavericks,118,126
837568,2022-04-22,2021,True,New Orleans Pelicans,Phoenix Suns,111,114
837569,2022-04-22,2021,True,Atlanta Hawks,Miami Heat,111,110
837570,2022-04-22,2021,True,Chicago Bulls,Milwaukee Bucks,81,111
838432,2022-04-23,2021,True,Brooklyn Nets,Boston Celtics,103,109
838433,2022-04-23,2021,True,Utah Jazz,Dallas Mavericks,100,99
838434,2022-04-23,2021,True,Toronto Raptors,Philadelphia 76ers,110,102
838435,2022-04-23,2021,True,Minnesota Timberwolves,Memphis Grizzlies,119,118
839441,2022-04-24,2021,True,New Orleans Pelicans,Phoenix Suns,118,103
839442,2022-04-24,2021,True,Denver Nuggets,Golden State Warriors,126,121
839443,2022-04-24,2021,True,Chicago Bulls,Milwaukee Bucks,95,119
839444,2022-04-24,2021,True,Atlanta Hawks,Miami Heat,86,110
840593,2022-04-25,2021,True,Philadelphia 76ers,Toronto Raptors,88,103
840594,2022-04-25,2021,True,Brooklyn Nets,Boston Celtics,112,116
840595,2022-04-25,2021,True,Dallas Mavericks,Utah Jazz,102,77
841600,2022-04-26,2021,True,Phoenix Suns,New Orleans Pelicans,112,97
841601,2022-04-26,2021,True,Miami Heat,Atlanta Hawks,97,94
841602,2022-04-26,2021,True,Memphis Grizzlies,Minnesota Timberwolves,111,109
842464,2022-04-27,2021,True,Golden State Warriors,Denver Nuggets,102,98
842465,2022-04-27,2021,True,Milwaukee Bucks,Chicago Bulls,116,100
843183,2022-04-28,2021,True,New Orleans Pelicans,Phoenix Suns,109,115
843184,2022-04-28,2021,True,Toronto Raptors,Philadelphia 76ers,97,132
843185,2022-04-28,2021,True,Utah Jazz,Dallas Mavericks,96,98
843904,2022-04-29,2021,True,Minnesota Timberwolves,Memphis Grizzlies,106,114
844653,2022-05-01,2021,True,Memphis Grizzlies,Golden State Warriors,116,117
844654,2022-05-01,2021,True,Boston Celtics,Milwaukee Bucks,89,101
844943,2022-05-02,2021,True,Phoenix Suns,Dallas Mavericks,121,114
844944,2022-05-02,2021,True,Miami Heat,Philadelphia 76ers,106,92
845519,2022-05-03,2021,True,Memphis Grizzlies,Golden State Warriors,106,101
845520,2022-05-03,2021,True,Boston Celtics,Milwaukee Bucks,109,86
846095,2022-05-04,2021,True,Phoenix Suns,Dallas Mavericks,129,109
846096,2022-05-04,2021,True,Miami Heat,Philadelphia 76ers,119,103
846955,2022-05-06,2021,True,Dallas Mavericks,Phoenix Suns,103,94
846956,2022-05-06,2021,True,Philadelphia 76ers,Miami Heat,99,79
847245,2022-05-07,2021,True,Golden State Warriors,Memphis Grizzlies,142,112
847246,2022-05-07,2021,True,Milwaukee Bucks,Boston Celtics,103,101
847821,2022-05-08,2021,True,Dallas Mavericks,Phoenix Suns,111,101
847822,2022-05-08,2021,True,Philadelphia 76ers,Miami Heat,116,108
848397,2022-05-09,2021,True,Milwaukee Bucks,Boston Celtics,108,116
848398,2022-05-09,2021,True,Golden State Warriors,Memphis Grizzlies,101,98
848973,2022-05-10,2021,True,Phoenix Suns,Dallas Mavericks,110,80
848974,2022-05-10,2021,True,Miami Heat,Philadelphia 76ers,120,85
849549,2022-05-11,2021,True,Memphis Grizzlies,Golden State Warriors,134,95
849550,2022-05-11,2021,True,Boston Celtics,Milwaukee Bucks,107,110
850125,2022-05-12,2021,True,Dallas Mavericks,Phoenix Suns,113,86
850126,2022-05-12,2021,True,Philadelphia 76ers,Miami Heat,90,99
850701,2022-05-13,2021,True,Golden State Warriors,Memphis Grizzlies,110,96
850702,2022-05-13,2021,True,Milwaukee Bucks,Boston Celtics,95,108
851563,2022-05-15,2021,True,Boston Celtics,Milwaukee Bucks,109,81
851564,2022-05-15,2021,True,Phoenix Suns,Dallas Mavericks,90,123
852139,2022-05-17,2021,True,Miami Heat,Boston Celtics,118,107
852284,2022-05-18,2021,True,Golden State Warriors,Dallas Mavericks,112,87
852572,2022-05-19,2021,True,Miami Heat,Boston Celtics,102,127
852860,2022-05-20,2021,True,Golden State Warriors,Dallas Mavericks,126,117
853148,2022-05-21,2021,True,Boston Celtics,Miami Heat,103,109
853436,2022-05-22,2021,True,Dallas Mavericks,Golden State Warriors,100,109
853724,2022-05-23,2021,True,Boston Celtics,Miami Heat,102,82
854012,2022-05-24,2021,True,Dallas Mavericks,Golden State Warriors,119,109
854300,2022-05-25,2021,True,Miami Heat,Boston Celtics,80,93
854588,2022-05-26,2021,True,Golden State Warriors,Dallas Mavericks,120,110
854876,2022-05-27,2021,True,Boston Celtics,Miami Heat,103,111
855307,2022-05-29,2021,True,Miami Heat,Boston Celtics,96,100
855595,2022-06-02,2021,True,Golden State Warriors,Boston Celtics,108,120
855883,2022-06-05,2021,True,Golden State Warriors,Boston Celtics,107,88
856171,2022-06-08,2021,True,Boston Celtics,Golden State Warriors,116,100
856459,2022-06-10,2021,True,Boston Celtics,Golden State Warriors,97,107
856779,2022-06-13,2021,True,Golden State Warriors,Boston Celtics,104,94
857067,2022-06-16,2021,True,Boston Celtics,Golden State Warriors,90,103
857355,2022-10-18,2022,False,Boston Celtics,Philadelphia 76ers,126,117
857356,2022-10-18,2022,False,Golden State Warriors,Los Angeles Lakers,123,109
857357,2022-10-19,2022,False,Indiana Pacers,Washington Wizards,107,114
857358,2022-10-19,2022,False,Detroit Pistons,Orlando Magic,113,109
857359,2022-10-19,2022,False,Brooklyn Nets,New Orleans Pelicans,108,130
857360,2022-10-19,2022,False,Atlanta Hawks,Houston Rockets,117,107
857361,2022-10-19,2022,False,Miami Heat,Chicago Bulls,108,116
857362,2022-10-19,2022,False,Toronto Raptors,Cleveland Cavaliers,108,105
857363,2022-10-19,2022,False,Memphis Grizzlies,New York Knicks,115,112
857364,2022-10-19,2022,False,Minnesota Timberwolves,Oklahoma City Thunder,115,108
857365,2022-10-19,2022,False,Phoenix Suns,Dallas Mavericks,107,105
857366,2022-10-19,2022,False,San Antonio Spurs,Charlotte Hornets,102,129
857367,2022-10-19,2022,False,Utah Jazz,Denver Nuggets,123,102
857368,2022-10-19,2022,False,Sacramento Kings,Portland Trail Blazers,108,115
857369,2022-10-20,2022,False,Los Angeles Lakers,LA Clippers,97,103
857370,2022-10-20,2022,False,Philadelphia 76ers,Milwaukee Bucks,88,90
857371,2022-10-21,2022,False,Brooklyn Nets,Toronto Raptors,109,105
857372,2022-10-21,2022,False,New York Knicks,Detroit Pistons,130,106
857373,2022-10-21,2022,False,Indiana Pacers,San Antonio Spurs,134,137
857374,2022-10-21,2022,False,Washington Wizards,Chicago Bulls,102,100
857375,2022-10-21,2022,False,Miami Heat,Boston Celtics,104,111
857376,2022-10-21,2022,False,Houston Rockets,Memphis Grizzlies,122,129
857377,2022-10-21,2022,False,Golden State Warriors,Denver Nuggets,123,128
857378,2022-10-21,2022,False,Minnesota Timberwolves,Utah Jazz,126,132
857379,2022-10-21,2022,False,Charlotte Hornets,New Orleans Pelicans,112,124
857380,2022-10-21,2022,False,Atlanta Hawks,Orlando Magic,108,98
857381,2022-10-21,2022,False,Portland Trail Blazers,Phoenix Suns,113,111
857382,2022-10-22,2022,False,Philadelphia 76ers,San Antonio Spurs,105,114
857383,2022-10-22,2022,False,Chicago Bulls,Cleveland Cavaliers,96,128
857384,2022-10-22,2022,False,Miami Heat,Toronto Raptors,112,109
857385,2022-10-22,2022,False,Orlando Magic,Boston Celtics,120,126
857386,2022-10-22,2022,False,Indiana Pacers,Detroit Pistons,124,115
857387,2022-10-22,2022,False,Sacramento Kings,LA Clippers,109,111
857388,2022-10-22,2022,False,Denver Nuggets,Oklahoma City Thunder,122,117
857389,2022-10-22,2022,False,Milwaukee Bucks,Houston Rockets,125,105
857390,2022-10-22,2022,False,Dallas Mavericks,Memphis Grizzlies,137,96
857391,2022-10-23,2022,False,Los Angeles Lakers,Portland Trail Blazers,104,106
857392,2022-10-23,2022,False,Atlanta Hawks,Charlotte Hornets,109,126
857393,2022-10-23,2022,False,Cleveland Cavaliers,Washington Wizards,117,107
857394,2022-10-23,2022,False,New Orleans Pelicans,Utah Jazz,121,122
857395,2022-10-23,2022,False,LA Clippers,Phoenix Suns,95,112
857396,2022-10-23,2022,False,Oklahoma City Thunder,Minnesota Timberwolves,106,116
857397,2022-10-23,2022,False,Golden State Warriors,Sacramento Kings,130,125
857398,2022-10-24,2022,False,Houston Rockets,Utah Jazz,114,108
857399,2022-10-24,2022,False,Miami Heat,Toronto Raptors,90,98
857400,2022-10-24,2022,False,New York Knicks,Orlando Magic,115,102
857401,2022-10-24,2022,False,Minnesota Timberwolves,San Antonio Spurs,106,115
857402,2022-10-24,2022,False,Chicago Bulls,Boston Celtics,120,102
857403,2022-10-24,2022,False,Philadelphia 76ers,Indiana Pacers,120,106
857404,2022-10-24,2022,False,Memphis Grizzlies,Brooklyn Nets,134,124
857405,2022-10-24,2022,False,Portland Trail Blazers,Denver Nuggets,135,110
857406,2022-10-25,2022,False,Oklahoma City Thunder,LA Clippers,108,94
857407,2022-10-25,2022,False,Washington Wizards,Detroit Pistons,120,99
857408,2022-10-25,2022,False,Phoenix Suns,Golden State Warriors,134,105
857409,2022-10-25,2022,False,New Orleans Pelicans,Dallas Mavericks,113,111
857410,2022-10-26,2022,False,Portland Trail Blazers,Miami Heat,98,119
857411,2022-10-26,2022,False,Denver Nuggets,Los Angeles Lakers,110,99
857412,2022-10-26,2022,False,Toronto Raptors,Philadelphia 76ers,119,109
857413,2022-10-26,2022,False,Cleveland Cavaliers,Orlando Magic,103,92
857414,2022-10-26,2022,False,New York Knicks,Charlotte Hornets,134,131
857415,2022-10-26,2022,False,Chicago Bulls,Indiana Pacers,124,109
857416,2022-10-26,2022,False,Minnesota Timberwolves,San Antonio Spurs,134,122
857417,2022-10-26,2022,False,Milwaukee Bucks,Brooklyn Nets,110,99
857418,2022-10-26,2022,False,Utah Jazz,Houston Rockets,109,101
857419,2022-10-26,2022,False,Detroit Pistons,Atlanta Hawks,113,118
857420,2022-10-27,2022,False,Brooklyn Nets,Dallas Mavericks,125,129
857421,2022-10-27,2022,False,Sacramento Kings,Memphis Grizzlies,110,125
857422,2022-10-27,2022,False,Golden State Warriors,Miami Heat,123,110
857423,2022-10-27,2022,False,Oklahoma City Thunder,LA Clippers,118,110
857424,2022-10-28,2022,False,Phoenix Suns,New Orleans Pelicans,124,111
857425,2022-10-28,2022,False,San Antonio Spurs,Chicago Bulls,129,124
857426,2022-10-28,2022,False,Toronto Raptors,Philadelphia 76ers,90,112
857427,2022-10-28,2022,False,Washington Wizards,Indiana Pacers,117,127
857428,2022-10-28,2022,False,Boston Celtics,Cleveland Cavaliers,123,132
857429,2022-10-28,2022,False,Minnesota Timberwolves,Los Angeles Lakers,111,102
857430,2022-10-28,2022,False,Detroit Pistons,Atlanta Hawks,112,136
857431,2022-10-28,2022,False,Denver Nuggets,Utah Jazz,117,101
857432,2022-10-28,2022,False,Orlando Magic,Charlotte Hornets,113,93
857433,2022-10-28,2022,False,Milwaukee Bucks,New York Knicks,119,108
857434,2022-10-28,2022,False,Portland Trail Blazers,Houston Rockets,125,111
857435,2022-10-29,2022,False,Sacramento Kings,Miami Heat,119,113
857436,2022-10-29,2022,False,Chicago Bulls,Philadelphia 76ers,109,114
857437,2022-10-29,2022,False,Charlotte Hornets,Golden State Warriors,120,113
857438,2022-10-29,2022,False,Milwaukee Bucks,Atlanta Hawks,123,115
857439,2022-10-29,2022,False,Utah Jazz,Memphis Grizzlies,124,123
857440,2022-10-29,2022,False,Dallas Mavericks,Oklahoma City Thunder,111,117
857441,2022-10-29,2022,False,Brooklyn Nets,Indiana Pacers,116,125
857442,2022-10-30,2022,False,LA Clippers,New Orleans Pelicans,91,112
857443,2022-10-30,2022,False,Phoenix Suns,Houston Rockets,124,109
857444,2022-10-30,2022,False,Detroit Pistons,Golden State Warriors,128,114
857445,2022-10-30,2022,False,Cleveland Cavaliers,New York Knicks,121,108
857446,2022-10-30,2022,False,Dallas Mavericks,Orlando Magic,114,105
857447,2022-10-30,2022,False,Los Angeles Lakers,Denver Nuggets,121,110
857448,2022-10-30,2022,False,Boston Celtics,Washington Wizards,112,94
857449,2022-10-30,2022,False,San Antonio Spurs,Minnesota Timberwolves,107,98
857450,2022-10-31,2022,False,LA Clippers,Houston Rockets,95,93
857451,2022-10-31,2022,False,Brooklyn Nets,Indiana Pacers,116,109
857452,2022-10-31,2022,False,Washington Wizards,Philadelphia 76ers,111,118
857453,2022-10-31,2022,False,Milwaukee Bucks,Detroit Pistons,110,108
857454,2022-10-31,2022,False,Charlotte Hornets,Sacramento Kings,108,115
857455,2022-10-31,2022,False,Toronto Raptors,Atlanta Hawks,139,109
857456,2022-10-31,2022,False,Utah Jazz,Memphis Grizzlies,121,105
857457,2022-11-01,2022,False,Oklahoma City Thunder,Orlando Magic,116,108
857458,2022-11-01,2022,False,Brooklyn Nets,Chicago Bulls,99,108
857459,2022-11-01,2022,False,Miami Heat,Golden State Warriors,116,109
857460,2022-11-01,2022,False,Phoenix Suns,Minnesota Timberwolves,116,107
857461,2022-11-02,2022,False,Milwaukee Bucks,Detroit Pistons,116,91
857462,2022-11-02,2022,False,Portland Trail Blazers,Memphis Grizzlies,106,111
857463,2022-11-02,2022,False,Miami Heat,Sacramento Kings,110,107
857464,2022-11-02,2022,False,Chicago Bulls,Charlotte Hornets,106,88
857465,2022-11-02,2022,False,Cleveland Cavaliers,Boston Celtics,114,113
857466,2022-11-02,2022,False,Dallas Mavericks,Utah Jazz,103,100
857467,2022-11-02,2022,False,Philadelphia 76ers,Washington Wizards,111,121
857468,2022-11-02,2022,False,Houston Rockets,LA Clippers,101,109
857469,2022-11-02,2022,False,San Antonio Spurs,Toronto Raptors,100,143
857470,2022-11-02,2022,False,New York Knicks,Atlanta Hawks,99,112
857471,2022-11-02,2022,False,Los Angeles Lakers,New Orleans Pelicans,120,117
857472,2022-11-03,2022,False,Orlando Magic,Golden State Warriors,130,129
857473,2022-11-03,2022,False,Oklahoma City Thunder,Denver Nuggets,110,122
857474,2022-11-04,2022,False,Indiana Pacers,Miami Heat,101,99
857475,2022-11-04,2022,False,Minnesota Timberwolves,Milwaukee Bucks,102,115
857476,2022-11-04,2022,False,Washington Wizards,Brooklyn Nets,86,128
857477,2022-11-04,2022,False,Dallas Mavericks,Toronto Raptors,111,110
857478,2022-11-04,2022,False,Memphis Grizzlies,Charlotte Hornets,130,99
857479,2022-11-04,2022,False,Boston Celtics,Chicago Bulls,123,119
857480,2022-11-04,2022,False,San Antonio Spurs,LA Clippers,106,113
857481,2022-11-04,2022,False,Detroit Pistons,Cleveland Cavaliers,88,112
857482,2022-11-04,2022,False,New Orleans Pelicans,Golden State Warriors,114,105
857483,2022-11-04,2022,False,Philadelphia 76ers,New York Knicks,104,106
857484,2022-11-04,2022,False,Phoenix Suns,Portland Trail Blazers,106,108
857485,2022-11-04,2022,False,Los Angeles Lakers,Utah Jazz,116,130
857486,2022-11-05,2022,False,Orlando Magic,Sacramento Kings,123,126
857487,2022-11-05,2022,False,Charlotte Hornets,Brooklyn Nets,94,98
857488,2022-11-05,2022,False,Milwaukee Bucks,Oklahoma City Thunder,108,94
857489,2022-11-05,2022,False,Denver Nuggets,San Antonio Spurs,126,101
857490,2022-11-05,2022,False,Phoenix Suns,Portland Trail Blazers,102,82
857491,2022-11-05,2022,False,Minnesota Timberwolves,Houston Rockets,129,117
857492,2022-11-05,2022,False,Atlanta Hawks,New Orleans Pelicans,124,121
857493,2022-11-05,2022,False,New York Knicks,Boston Celtics,118,133
857494,2022-11-06,2022,False,Los Angeles Lakers,Cleveland Cavaliers,100,114
857495,2022-11-06,2022,False,Toronto Raptors,Chicago Bulls,113,104
857496,2022-11-06,2022,False,LA Clippers,Utah Jazz,102,110
857497,2022-11-06,2022,False,Memphis Grizzlies,Washington Wizards,103,97
857498,2022-11-07,2022,False,Chicago Bulls,Toronto Raptors,111,97
857499,2022-11-07,2022,False,Miami Heat,Portland Trail Blazers,107,110
857500,2022-11-07,2022,False,Philadelphia 76ers,Phoenix Suns,100,88
857501,2022-11-07,2022,False,Indiana Pacers,New Orleans Pelicans,129,122
857502,2022-11-07,2022,False,Charlotte Hornets,Washington Wizards,100,108
857503,2022-11-07,2022,False,Atlanta Hawks,Milwaukee Bucks,117,98
857504,2022-11-07,2022,False,Minnesota Timberwolves,New York Knicks,107,120
857505,2022-11-07,2022,False,Orlando Magic,Houston Rockets,127,134
857506,2022-11-07,2022,False,Memphis Grizzlies,Boston Celtics,106,109
857507,2022-11-07,2022,False,Detroit Pistons,Oklahoma City Thunder,112,103
857508,2022-11-07,2022,False,San Antonio Spurs,Denver Nuggets,109,115
857509,2022-11-07,2022,False,Dallas Mavericks,Brooklyn Nets,96,94
857510,2022-11-07,2022,False,Utah Jazz,Los Angeles Lakers,139,116
857511,2022-11-07,2022,False,Golden State Warriors,Sacramento Kings,116,113
857512,2022-11-07,2022,False,LA Clippers,Cleveland Cavaliers,119,117
857513,2022-11-09,2022,False,Boston Celtics,Detroit Pistons,128,112
857514,2022-11-09,2022,False,Orlando Magic,Dallas Mavericks,94,87
857515,2022-11-09,2022,False,Charlotte Hornets,Portland Trail Blazers,95,105
857516,2022-11-09,2022,False,Atlanta Hawks,Utah Jazz,119,125
857517,2022-11-09,2022,False,Indiana Pacers,Denver Nuggets,119,122
857518,2022-11-09,2022,False,Toronto Raptors,Houston Rockets,116,109
857519,2022-11-09,2022,False,Minnesota Timberwolves,Phoenix Suns,117,129
857520,2022-11-09,2022,False,Brooklyn Nets,New York Knicks,112,85
857521,2022-11-09,2022,False,Chicago Bulls,New Orleans Pelicans,111,115
857522,2022-11-09,2022,False,Oklahoma City Thunder,Milwaukee Bucks,132,136
857523,2022-11-09,2022,False,San Antonio Spurs,Memphis Grizzlies,122,124
857524,2022-11-09,2022,False,LA Clippers,Los Angeles Lakers,114,101
857525,2022-11-09,2022,False,Sacramento Kings,Cleveland Cavaliers,127,120
857526,2022-11-10,2022,False,Miami Heat,Charlotte Hornets,117,112
857527,2022-11-10,2022,False,Washington Wizards,Dallas Mavericks,113,105
857528,2022-11-10,2022,False,Atlanta Hawks,Philadelphia 76ers,104,95
857529,2022-11-10,2022,False,New Orleans Pelicans,Portland Trail Blazers,95,106
857530,2022-11-11,2022,False,Oklahoma City Thunder,Toronto Raptors,132,113
857531,2022-11-11,2022,False,Golden State Warriors,Cleveland Cavaliers,106,101
857532,2022-11-11,2022,False,Orlando Magic,Phoenix Suns,114,97
857533,2022-11-11,2022,False,Boston Celtics,Denver Nuggets,131,112
857534,2022-11-11,2022,False,Memphis Grizzlies,Minnesota Timberwolves,114,103
857535,2022-11-11,2022,False,Los Angeles Lakers,Sacramento Kings,114,120
857536,2022-11-11,2022,False,New York Knicks,Detroit Pistons,121,112
857537,2022-11-11,2022,False,San Antonio Spurs,Milwaukee Bucks,111,93
857538,2022-11-12,2022,False,LA Clippers,Brooklyn Nets,95,110
857539,2022-11-12,2022,False,Washington Wizards,Utah Jazz,121,112
857540,2022-11-12,2022,False,Detroit Pistons,Boston Celtics,108,117
857541,2022-11-12,2022,False,Miami Heat,Charlotte Hornets,132,115
857542,2022-11-12,2022,False,New Orleans Pelicans,Houston Rockets,119,106
857543,2022-11-12,2022,False,Philadelphia 76ers,Atlanta Hawks,121,109
857544,2022-11-12,2022,False,Indiana Pacers,Toronto Raptors,118,104
857545,2022-11-12,2022,False,Dallas Mavericks,Portland Trail Blazers,117,112
857546,2022-11-13,2022,False,Washington Wizards,Memphis Grizzlies,102,92
857547,2022-11-13,2022,False,Chicago Bulls,Denver Nuggets,103,126
857548,2022-11-13,2022,False,New York Knicks,Oklahoma City Thunder,135,145
857549,2022-11-13,2022,False,Cleveland Cavaliers,Minnesota Timberwolves,124,129
857550,2022-11-13,2022,False,Sacramento Kings,Golden State Warriors,122,115
857551,2022-11-13,2022,False,Philadelphia 76ers,Utah Jazz,105,98
857552,2022-11-13,2022,False,Los Angeles Lakers,Brooklyn Nets,116,103
857553,2022-11-14,2022,False,Houston Rockets,LA Clippers,106,122
857554,2022-11-14,2022,False,Golden State Warriors,San Antonio Spurs,132,95
857555,2022-11-14,2022,False,Boston Celtics,Oklahoma City Thunder,126,122
857556,2022-11-14,2022,False,Miami Heat,Phoenix Suns,113,112
857557,2022-11-14,2022,False,Detroit Pistons,Toronto Raptors,111,115
857558,2022-11-14,2022,False,Milwaukee Bucks,Atlanta Hawks,106,121
857559,2022-11-14,2022,False,Orlando Magic,Charlotte Hornets,105,112
857560,2022-11-15,2022,False,Sacramento Kings,Brooklyn Nets,153,121
857561,2022-11-15,2022,False,New Orleans Pelicans,Memphis Grizzlies,113,102
857562,2022-11-15,2022,False,Utah Jazz,New York Knicks,111,118
857563,2022-11-15,2022,False,Portland Trail Blazers,San Antonio Spurs,117,110
857564,2022-11-15,2022,False,Dallas Mavericks,LA Clippers,103,101
857565,2022-11-16,2022,False,New Orleans Pelicans,Chicago Bulls,124,110
857566,2022-11-16,2022,False,Toronto Raptors,Miami Heat,112,104
857567,2022-11-16,2022,False,Charlotte Hornets,Indiana Pacers,113,125
857568,2022-11-16,2022,False,Milwaukee Bucks,Cleveland Cavaliers,113,98
857569,2022-11-16,2022,False,Orlando Magic,Minnesota Timberwolves,108,126
857570,2022-11-16,2022,False,Atlanta Hawks,Boston Celtics,101,126
857571,2022-11-16,2022,False,Washington Wizards,Oklahoma City Thunder,120,121
857572,2022-11-16,2022,False,Denver Nuggets,New York Knicks,103,106
857573,2022-11-16,2022,False,Dallas Mavericks,Houston Rockets,92,101
857574,2022-11-16,2022,False,Phoenix Suns,Golden State Warriors,130,119
857575,2022-11-17,2022,False,LA Clippers,Detroit Pistons,96,91
857576,2022-11-17,2022,False,Sacramento Kings,San Antonio Spurs,130,112
857577,2022-11-17,2022,False,Portland Trail Blazers,Brooklyn Nets,107,109
857578,2022-11-18,2022,False,Utah Jazz,Phoenix Suns,134,133
857579,2022-11-18,2022,False,New Orleans Pelicans,Boston Celtics,109,117
857580,2022-11-18,2022,False,Philadelphia 76ers,Milwaukee Bucks,110,102
857581,2022-11-18,2022,False,Chicago Bulls,Orlando Magic,107,108
857582,2022-11-18,2022,False,Dallas Mavericks,Denver Nuggets,127,99
857583,2022-11-18,2022,False,Memphis Grizzlies,Oklahoma City Thunder,121,110
857584,2022-11-18,2022,False,Cleveland Cavaliers,Charlotte Hornets,132,122
857585,2022-11-18,2022,False,Washington Wizards,Miami Heat,107,106
857586,2022-11-18,2022,False,Golden State Warriors,New York Knicks,111,101
857587,2022-11-18,2022,False,Houston Rockets,Indiana Pacers,91,99
857588,2022-11-18,2022,False,Los Angeles Lakers,Detroit Pistons,128,121
857589,2022-11-19,2022,False,Atlanta Hawks,Toronto Raptors,124,122
857590,2022-11-19,2022,False,Portland Trail Blazers,Utah Jazz,113,118
857591,2022-11-19,2022,False,Indiana Pacers,Orlando Magic,114,113
857592,2022-11-19,2022,False,LA Clippers,San Antonio Spurs,119,97
857593,2022-11-19,2022,False,Philadelphia 76ers,Minnesota Timberwolves,109,112
857594,2022-11-20,2022,False,Cleveland Cavaliers,Miami Heat,113,87
857595,2022-11-20,2022,False,Sacramento Kings,Detroit Pistons,137,129
857596,2022-11-20,2022,False,Dallas Mavericks,Denver Nuggets,97,98
857597,2022-11-20,2022,False,Brooklyn Nets,Memphis Grizzlies,127,115
857598,2022-11-20,2022,False,Phoenix Suns,New York Knicks,116,95
857599,2022-11-20,2022,False,Washington Wizards,Charlotte Hornets,106,102
857600,2022-11-20,2022,False,Houston Rockets,Golden State Warriors,120,127
857601,2022-11-20,2022,False,Los Angeles Lakers,San Antonio Spurs,123,92
857602,2022-11-21,2022,False,LA Clippers,Utah Jazz,121,114
857603,2022-11-21,2022,False,Cleveland Cavaliers,Atlanta Hawks,114,102
857604,2022-11-21,2022,False,Minnesota Timberwolves,Miami Heat,105,101
857605,2022-11-21,2022,False,Chicago Bulls,Boston Celtics,121,107
857606,2022-11-21,2022,False,Indiana Pacers,Orlando Magic,123,102
857607,2022-11-21,2022,False,Milwaukee Bucks,Portland Trail Blazers,119,111
857608,2022-11-21,2022,False,Oklahoma City Thunder,New York Knicks,119,129
857609,2022-11-21,2022,False,New Orleans Pelicans,Golden State Warriors,128,83
857610,2022-11-22,2022,False,Phoenix Suns,Los Angeles Lakers,115,105
857611,2022-11-22,2022,False,Denver Nuggets,Detroit Pistons,108,110
857612,2022-11-22,2022,False,Philadelphia 76ers,Brooklyn Nets,115,106
857613,2022-11-22,2022,False,Memphis Grizzlies,Sacramento Kings,109,113
857614,2022-11-23,2022,False,Oklahoma City Thunder,Denver Nuggets,126,131
857615,2022-11-23,2022,False,Milwaukee Bucks,Chicago Bulls,113,118
857616,2022-11-23,2022,False,Charlotte Hornets,Philadelphia 76ers,107,101
857617,2022-11-23,2022,False,Indiana Pacers,Minnesota Timberwolves,101,115
857618,2022-11-23,2022,False,Cleveland Cavaliers,Portland Trail Blazers,114,96
857619,2022-11-23,2022,False,Atlanta Hawks,Sacramento Kings,115,106
857620,2022-11-23,2022,False,Boston Celtics,Dallas Mavericks,125,112
857621,2022-11-23,2022,False,Miami Heat,Washington Wizards,113,105
857622,2022-11-23,2022,False,Toronto Raptors,Brooklyn Nets,98,112
857623,2022-11-23,2022,False,San Antonio Spurs,New Orleans Pelicans,110,129
857624,2022-11-23,2022,False,Utah Jazz,Detroit Pistons,116,125
857625,2022-11-23,2022,False,Golden State Warriors,LA Clippers,124,107
857626,2022-11-25,2022,False,Orlando Magic,Philadelphia 76ers,99,107
857627,2022-11-25,2022,False,Charlotte Hornets,Minnesota Timberwolves,110,108
857628,2022-11-25,2022,False,Miami Heat,Washington Wizards,110,107
857629,2022-11-25,2022,False,Indiana Pacers,Brooklyn Nets,128,117
857630,2022-11-25,2022,False,Milwaukee Bucks,Cleveland Cavaliers,117,102
857631,2022-11-25,2022,False,New York Knicks,Portland Trail Blazers,129,132
857632,2022-11-25,2022,False,Houston Rockets,Atlanta Hawks,128,122
857633,2022-11-25,2022,False,Memphis Grizzlies,New Orleans Pelicans,132,111
857634,2022-11-25,2022,False,Boston Celtics,Sacramento Kings,122,104
857635,2022-11-25,2022,False,Oklahoma City Thunder,Chicago Bulls,123,119
857636,2022-11-25,2022,False,Phoenix Suns,Detroit Pistons,108,102
857637,2022-11-25,2022,False,Golden State Warriors,Utah Jazz,129,118
857638,2022-11-25,2022,False,San Antonio Spurs,Los Angeles Lakers,94,105
857639,2022-11-25,2022,False,LA Clippers,Denver Nuggets,104,114
857640,2022-11-26,2022,False,Phoenix Suns,Utah Jazz,113,112
857641,2022-11-26,2022,False,Houston Rockets,Oklahoma City Thunder,118,105
857642,2022-11-26,2022,False,San Antonio Spurs,Los Angeles Lakers,138,143
857643,2022-11-26,2022,False,Toronto Raptors,Dallas Mavericks,105,100
857644,2022-11-27,2022,False,Atlanta Hawks,Miami Heat,98,106
857645,2022-11-27,2022,False,LA Clippers,Indiana Pacers,114,100
857646,2022-11-27,2022,False,Brooklyn Nets,Portland Trail Blazers,111,97
857647,2022-11-27,2022,False,New York Knicks,Memphis Grizzlies,123,127
857648,2022-11-27,2022,False,Boston Celtics,Washington Wizards,130,121
857649,2022-11-27,2022,False,Orlando Magic,Philadelphia 76ers,103,133
857650,2022-11-27,2022,False,Minnesota Timberwolves,Golden State Warriors,114,137
857651,2022-11-27,2022,False,Milwaukee Bucks,Dallas Mavericks,124,115
857652,2022-11-27,2022,False,Detroit Pistons,Cleveland Cavaliers,94,102
857653,2022-11-28,2022,False,Boston Celtics,Charlotte Hornets,140,105
857654,2022-11-28,2022,False,Philadelphia 76ers,Atlanta Hawks,104,101
857655,2022-11-28,2022,False,Washington Wizards,Minnesota Timberwolves,142,127
857656,2022-11-28,2022,False,Toronto Raptors,Cleveland Cavaliers,100,88
857657,2022-11-28,2022,False,Brooklyn Nets,Orlando Magic,109,102
857658,2022-11-28,2022,False,Sacramento Kings,Phoenix Suns,117,122
857659,2022-11-28,2022,False,Utah Jazz,Chicago Bulls,107,114
857660,2022-11-28,2022,False,Los Angeles Lakers,Indiana Pacers,115,116
857661,2022-11-28,2022,False,New Orleans Pelicans,Oklahoma City Thunder,105,101
857662,2022-11-28,2022,False,Denver Nuggets,Houston Rockets,129,113
857663,2022-11-29,2022,False,Portland Trail Blazers,LA Clippers,112,118
857664,2022-11-29,2022,False,Dallas Mavericks,Golden State Warriors,116,113
857665,2022-11-29,2022,False,Detroit Pistons,New York Knicks,110,140
857666,2022-11-30,2022,False,Brooklyn Nets,Washington Wizards,113,107
857667,2022-11-30,2022,False,Boston Celtics,Miami Heat,134,121
857668,2022-11-30,2022,False,Orlando Magic,Atlanta Hawks,108,125
857669,2022-11-30,2022,False,Cleveland Cavaliers,Philadelphia 76ers,113,85
857670,2022-11-30,2022,False,New York Knicks,Milwaukee Bucks,103,109
857671,2022-11-30,2022,False,Oklahoma City Thunder,San Antonio Spurs,119,111
857672,2022-11-30,2022,False,Phoenix Suns,Chicago Bulls,132,113
857673,2022-11-30,2022,False,New Orleans Pelicans,Toronto Raptors,126,108
857674,2022-11-30,2022,False,Minnesota Timberwolves,Memphis Grizzlies,109,101
857675,2022-11-30,2022,False,Denver Nuggets,Houston Rockets,120,100
857676,2022-11-30,2022,False,Sacramento Kings,Indiana Pacers,137,114
857677,2022-11-30,2022,False,Utah Jazz,LA Clippers,125,112
857678,2022-11-30,2022,False,Los Angeles Lakers,Portland Trail Blazers,128,109
857679,2022-12-01,2022,False,Detroit Pistons,Dallas Mavericks,131,125
857680,2022-12-02,2022,False,Boston Celtics,Miami Heat,116,120
857681,2022-12-02,2022,False,Atlanta Hawks,Denver Nuggets,117,109
857682,2022-12-02,2022,False,Phoenix Suns,Houston Rockets,121,122
857683,2022-12-02,2022,False,Milwaukee Bucks,Los Angeles Lakers,129,133
857684,2022-12-02,2022,False,San Antonio Spurs,New Orleans Pelicans,99,117
857685,2022-12-02,2022,False,Brooklyn Nets,Toronto Raptors,114,105
857686,2022-12-02,2022,False,Charlotte Hornets,Washington Wizards,117,116
857687,2022-12-02,2022,False,Utah Jazz,Indiana Pacers,139,119
857688,2022-12-02,2022,False,Memphis Grizzlies,Philadelphia 76ers,117,109
857689,2022-12-02,2022,False,Cleveland Cavaliers,Orlando Magic,107,96
857690,2022-12-02,2022,False,Golden State Warriors,Chicago Bulls,119,111
857691,2022-12-03,2022,False,New York Knicks,Dallas Mavericks,100,121
857692,2022-12-03,2022,False,Utah Jazz,Portland Trail Blazers,111,116
857693,2022-12-03,2022,False,LA Clippers,Sacramento Kings,96,123
857694,2022-12-03,2022,False,Charlotte Hornets,Milwaukee Bucks,96,105
857695,2022-12-03,2022,False,Minnesota Timberwolves,Oklahoma City Thunder,128,135
857696,2022-12-03,2022,False,Toronto Raptors,Orlando Magic,121,108
857697,2022-12-03,2022,False,Golden State Warriors,Houston Rockets,120,101
857698,2022-12-04,2022,False,Sacramento Kings,Chicago Bulls,110,101
857699,2022-12-04,2022,False,San Antonio Spurs,Phoenix Suns,95,133
857700,2022-12-04,2022,False,New Orleans Pelicans,Denver Nuggets,121,106
857701,2022-12-04,2022,False,Washington Wizards,Los Angeles Lakers,119,130
857702,2022-12-04,2022,False,Brooklyn Nets,Boston Celtics,92,103
857703,2022-12-04,2022,False,Detroit Pistons,Memphis Grizzlies,112,122
857704,2022-12-04,2022,False,New York Knicks,Cleveland Cavaliers,92,81
857705,2022-12-04,2022,False,Portland Trail Blazers,Indiana Pacers,116,100
857706,2022-12-05,2022,False,Charlotte Hornets,LA Clippers,117,119
857707,2022-12-05,2022,False,Golden State Warriors,Indiana Pacers,104,112
857708,2022-12-05,2022,False,Memphis Grizzlies,Miami Heat,101,93
857709,2022-12-05,2022,False,Toronto Raptors,Boston Celtics,110,116
857710,2022-12-05,2022,False,Houston Rockets,Philadelphia 76ers,132,123
857711,2022-12-05,2022,False,Orlando Magic,Milwaukee Bucks,102,109
857712,2022-12-05,2022,False,Atlanta Hawks,Oklahoma City Thunder,114,121
857713,2022-12-05,2022,False,Dallas Mavericks,Phoenix Suns,130,111
857714,2022-12-06,2022,False,Miami Heat,Detroit Pistons,96,116
857715,2022-12-06,2022,False,Denver Nuggets,Dallas Mavericks,115,116
857716,2022-12-06,2022,False,Cleveland Cavaliers,Los Angeles Lakers,116,102
857717,2022-12-07,2022,False,Milwaukee Bucks,Sacramento Kings,126,113
857718,2022-12-07,2022,False,Utah Jazz,Golden State Warriors,124,123
857719,2022-12-07,2022,False,Toronto Raptors,Los Angeles Lakers,126,113
857720,2022-12-07,2022,False,New Orleans Pelicans,Detroit Pistons,104,98
857721,2022-12-07,2022,False,New York Knicks,Atlanta Hawks,113,89
857722,2022-12-07,2022,False,Brooklyn Nets,Charlotte Hornets,122,116
857723,2022-12-07,2022,False,Memphis Grizzlies,Oklahoma City Thunder,123,102
857724,2022-12-07,2022,False,Minnesota Timberwolves,Indiana Pacers,121,115
857725,2022-12-07,2022,False,Orlando Magic,LA Clippers,116,111
857726,2022-12-07,2022,False,Chicago Bulls,Washington Wizards,115,111
857727,2022-12-07,2022,False,Phoenix Suns,Boston Celtics,98,125
857728,2022-12-08,2022,False,Miami Heat,LA Clippers,115,110
857729,2022-12-08,2022,False,San Antonio Spurs,Houston Rockets,118,109
857730,2022-12-08,2022,False,Portland Trail Blazers,Denver Nuggets,120,121
857731,2022-12-09,2022,False,Orlando Magic,Toronto Raptors,113,109
857732,2022-12-09,2022,False,Dallas Mavericks,Milwaukee Bucks,105,106
857733,2022-12-09,2022,False,Charlotte Hornets,New York Knicks,102,121
857734,2022-12-09,2022,False,Brooklyn Nets,Atlanta Hawks,120,116
857735,2022-12-09,2022,False,Memphis Grizzlies,Detroit Pistons,114,103
857736,2022-12-09,2022,False,Philadelphia 76ers,Los Angeles Lakers,133,122
857737,2022-12-09,2022,False,Indiana Pacers,Washington Wizards,121,111
857738,2022-12-09,2022,False,New Orleans Pelicans,Phoenix Suns,128,117
857739,2022-12-09,2022,False,Cleveland Cavaliers,Sacramento Kings,95,106
857740,2022-12-09,2022,False,Utah Jazz,Minnesota Timberwolves,108,118
857741,2022-12-10,2022,False,Miami Heat,San Antonio Spurs,111,115
857742,2022-12-10,2022,False,Chicago Bulls,Dallas Mavericks,144,115
857743,2022-12-10,2022,False,Washington Wizards,LA Clippers,107,114
857744,2022-12-10,2022,False,Golden State Warriors,Boston Celtics,123,107
857745,2022-12-10,2022,False,Cleveland Cavaliers,Oklahoma City Thunder,110,102
857746,2022-12-10,2022,False,Indiana Pacers,Brooklyn Nets,133,136
857747,2022-12-10,2022,False,Denver Nuggets,Utah Jazz,115,110
857748,2022-12-10,2022,False,Portland Trail Blazers,Minnesota Timberwolves,124,118
857749,2022-12-11,2022,False,Detroit Pistons,Los Angeles Lakers,117,124
857750,2022-12-11,2022,False,Philadelphia 76ers,Charlotte Hornets,131,113
857751,2022-12-11,2022,False,Atlanta Hawks,Chicago Bulls,123,122
857752,2022-12-11,2022,False,Orlando Magic,Toronto Raptors,111,99
857753,2022-12-11,2022,False,New Orleans Pelicans,Phoenix Suns,129,124
857754,2022-12-11,2022,False,New York Knicks,Sacramento Kings,112,99
857755,2022-12-11,2022,False,Houston Rockets,Milwaukee Bucks,97,92
857756,2022-12-12,2022,False,Portland Trail Blazers,Minnesota Timberwolves,133,112
857757,2022-12-12,2022,False,Washington Wizards,Brooklyn Nets,100,112
857758,2022-12-12,2022,False,Memphis Grizzlies,Atlanta Hawks,128,103
857759,2022-12-12,2022,False,San Antonio Spurs,Cleveland Cavaliers,112,111
857760,2022-12-12,2022,False,Indiana Pacers,Miami Heat,82,87
857761,2022-12-12,2022,False,LA Clippers,Boston Celtics,113,93
857762,2022-12-12,2022,False,Dallas Mavericks,Oklahoma City Thunder,121,114
857763,2022-12-13,2022,False,Milwaukee Bucks,Golden State Warriors,128,111
857764,2022-12-13,2022,False,Utah Jazz,New Orleans Pelicans,121,100
857765,2022-12-13,2022,False,Los Angeles Lakers,Boston Celtics,118,122
857766,2022-12-13,2022,False,Houston Rockets,Phoenix Suns,111,97
857767,2022-12-13,2022,False,Philadelphia 76ers,Sacramento Kings,123,103
857768,2022-12-14,2022,False,Denver Nuggets,Washington Wizards,141,128
857769,2022-12-14,2022,False,LA Clippers,Minnesota Timberwolves,99,88
857770,2022-12-14,2022,False,Orlando Magic,Atlanta Hawks,135,124
857771,2022-12-14,2022,False,Indiana Pacers,Golden State Warriors,125,119
857772,2022-12-14,2022,False,Oklahoma City Thunder,Miami Heat,108,110
857773,2022-12-14,2022,False,Toronto Raptors,Sacramento Kings,123,124
857774,2022-12-14,2022,False,Chicago Bulls,New York Knicks,120,128
857775,2022-12-14,2022,False,Dallas Mavericks,Cleveland Cavaliers,90,105
857776,2022-12-14,2022,False,Charlotte Hornets,Detroit Pistons,134,141
857777,2022-12-14,2022,False,San Antonio Spurs,Portland Trail Blazers,112,128
857778,2022-12-15,2022,False,Houston Rockets,Miami Heat,108,111
857779,2022-12-15,2022,False,Utah Jazz,New Orleans Pelicans,132,129
857780,2022-12-15,2022,False,Memphis Grizzlies,Milwaukee Bucks,142,101
857781,2022-12-15,2022,False,LA Clippers,Phoenix Suns,95,111
857782,2022-12-16,2022,False,Chicago Bulls,New York Knicks,91,114
857783,2022-12-16,2022,False,Los Angeles Lakers,Denver Nuggets,126,108
857784,2022-12-16,2022,False,Charlotte Hornets,Atlanta Hawks,106,125
857785,2022-12-16,2022,False,Toronto Raptors,Brooklyn Nets,116,119
857786,2022-12-16,2022,False,Boston Celtics,Orlando Magic,109,117
857787,2022-12-16,2022,False,Oklahoma City Thunder,Minnesota Timberwolves,110,112
857788,2022-12-16,2022,False,Detroit Pistons,Sacramento Kings,113,122
857789,2022-12-16,2022,False,Philadelphia 76ers,Golden State Warriors,118,106
857790,2022-12-16,2022,False,Cleveland Cavaliers,Indiana Pacers,118,112
857791,2022-12-16,2022,False,Dallas Mavericks,Portland Trail Blazers,130,110
857792,2022-12-17,2022,False,San Antonio Spurs,Miami Heat,101,111
857793,2022-12-17,2022,False,LA Clippers,Washington Wizards,102,93
857794,2022-12-17,2022,False,Cleveland Cavaliers,Dallas Mavericks,100,99
857795,2022-12-17,2022,False,Houston Rockets,Portland Trail Blazers,95,107
857796,2022-12-17,2022,False,Milwaukee Bucks,Utah Jazz,123,97
857797,2022-12-17,2022,False,Phoenix Suns,New Orleans Pelicans,118,114
857798,2022-12-17,2022,False,Oklahoma City Thunder,Memphis Grizzlies,115,109
857799,2022-12-18,2022,False,Denver Nuggets,Charlotte Hornets,119,115
857800,2022-12-18,2022,False,Minnesota Timberwolves,Chicago Bulls,150,126
857801,2022-12-18,2022,False,Boston Celtics,Orlando Magic,92,95
857802,2022-12-18,2022,False,Toronto Raptors,Golden State Warriors,110,126
857803,2022-12-18,2022,False,Los Angeles Lakers,Washington Wizards,119,117
857804,2022-12-18,2022,False,Indiana Pacers,New York Knicks,106,109
857805,2022-12-18,2022,False,Detroit Pistons,Brooklyn Nets,121,124
857806,2022-12-19,2022,False,Sacramento Kings,Charlotte Hornets,119,125
857807,2022-12-19,2022,False,Cleveland Cavaliers,Utah Jazz,122,99
857808,2022-12-19,2022,False,Houston Rockets,San Antonio Spurs,105,124
857809,2022-12-19,2022,False,New Orleans Pelicans,Milwaukee Bucks,119,128
857810,2022-12-19,2022,False,Atlanta Hawks,Orlando Magic,126,125
857811,2022-12-19,2022,False,Phoenix Suns,Los Angeles Lakers,130,104
857812,2022-12-19,2022,False,Oklahoma City Thunder,Portland Trail Blazers,123,121
857813,2022-12-19,2022,False,Minnesota Timberwolves,Dallas Mavericks,116,106
857814,2022-12-19,2022,False,Philadelphia 76ers,Toronto Raptors,104,101
857815,2022-12-20,2022,False,New York Knicks,Golden State Warriors,132,94
857816,2022-12-20,2022,False,Detroit Pistons,Utah Jazz,111,126
857817,2022-12-20,2022,False,Denver Nuggets,Memphis Grizzlies,105,91
857818,2022-12-20,2022,False,Miami Heat,Chicago Bulls,103,113
857819,2022-12-20,2022,False,Phoenix Suns,Washington Wizards,110,113
857820,2022-12-21,2022,False,Oklahoma City Thunder,Portland Trail Blazers,101,98
857821,2022-12-21,2022,False,Sacramento Kings,Los Angeles Lakers,134,120
857822,2022-12-21,2022,False,Cleveland Cavaliers,Milwaukee Bucks,114,106
857823,2022-12-21,2022,False,Philadelphia 76ers,Detroit Pistons,113,93
857824,2022-12-21,2022,False,Atlanta Hawks,Chicago Bulls,108,110
857825,2022-12-21,2022,False,Houston Rockets,Orlando Magic,110,116
857826,2022-12-21,2022,False,Minnesota Timberwolves,Dallas Mavericks,99,104
857827,2022-12-21,2022,False,Boston Celtics,Indiana Pacers,112,117
857828,2022-12-21,2022,False,Brooklyn Nets,Golden State Warriors,143,113
857829,2022-12-21,2022,False,New York Knicks,Toronto Raptors,106,113
857830,2022-12-21,2022,False,LA Clippers,Charlotte Hornets,126,105
857831,2022-12-22,2022,False,New Orleans Pelicans,San Antonio Spurs,126,117
857832,2022-12-22,2022,False,Utah Jazz,Washington Wizards,120,112
857833,2022-12-23,2022,False,Philadelphia 76ers,LA Clippers,119,114
857834,2022-12-23,2022,False,Oklahoma City Thunder,New Orleans Pelicans,125,128
857835,2022-12-23,2022,False,Boston Celtics,Minnesota Timberwolves,121,109
857836,2022-12-23,2022,False,Orlando Magic,San Antonio Spurs,133,113
857837,2022-12-23,2022,False,New York Knicks,Chicago Bulls,117,118
857838,2022-12-23,2022,False,Houston Rockets,Dallas Mavericks,106,112
857839,2022-12-23,2022,False,Cleveland Cavaliers,Toronto Raptors,107,118
857840,2022-12-23,2022,False,Miami Heat,Indiana Pacers,108,111
857841,2022-12-23,2022,False,Brooklyn Nets,Milwaukee Bucks,118,100
857842,2022-12-23,2022,False,Atlanta Hawks,Detroit Pistons,130,105
857843,2022-12-23,2022,False,Denver Nuggets,Portland Trail Blazers,120,107
857844,2022-12-23,2022,False,Phoenix Suns,Memphis Grizzlies,100,125
857845,2022-12-23,2022,False,Sacramento Kings,Washington Wizards,111,125
857846,2022-12-23,2022,False,Los Angeles Lakers,Charlotte Hornets,130,134
857847,2022-12-25,2022,False,Boston Celtics,Milwaukee Bucks,139,118
857848,2022-12-25,2022,False,Golden State Warriors,Memphis Grizzlies,123,109
857849,2022-12-25,2022,False,Denver Nuggets,Phoenix Suns,128,125
857850,2022-12-25,2022,False,New York Knicks,Philadelphia 76ers,112,119
857851,2022-12-25,2022,False,Dallas Mavericks,Los Angeles Lakers,124,115
857852,2022-12-26,2022,False,Chicago Bulls,Houston Rockets,118,133
857853,2022-12-26,2022,False,New Orleans Pelicans,Indiana Pacers,113,93
857854,2022-12-26,2022,False,Portland Trail Blazers,Charlotte Hornets,124,113
857855,2022-12-26,2022,False,Detroit Pistons,LA Clippers,131,142
857856,2022-12-26,2022,False,San Antonio Spurs,Utah Jazz,126,122
857857,2022-12-26,2022,False,Cleveland Cavaliers,Brooklyn Nets,117,125
857858,2022-12-26,2022,False,Miami Heat,Minnesota Timberwolves,113,110
857859,2022-12-27,2022,False,Orlando Magic,Los Angeles Lakers,110,129
857860,2022-12-27,2022,False,Boston Celtics,Houston Rockets,126,102
857861,2022-12-27,2022,False,Indiana Pacers,Atlanta Hawks,129,114
857862,2022-12-27,2022,False,Washington Wizards,Philadelphia 76ers,116,111
857863,2022-12-27,2022,False,Toronto Raptors,LA Clippers,113,124
857864,2022-12-27,2022,False,Oklahoma City Thunder,San Antonio Spurs,130,114
857865,2022-12-27,2022,False,Memphis Grizzlies,Phoenix Suns,108,125
857866,2022-12-27,2022,False,Sacramento Kings,Denver Nuggets,106,113
857867,2022-12-27,2022,False,Dallas Mavericks,New York Knicks,126,121
857868,2022-12-27,2022,False,Golden State Warriors,Charlotte Hornets,110,105
857869,2022-12-28,2022,False,New Orleans Pelicans,Minnesota Timberwolves,119,118
857870,2022-12-28,2022,False,Chicago Bulls,Milwaukee Bucks,119,113
857871,2022-12-28,2022,False,Washington Wizards,Phoenix Suns,127,102
857872,2022-12-28,2022,False,Miami Heat,Los Angeles Lakers,112,98
857873,2022-12-28,2022,False,Detroit Pistons,Orlando Magic,121,101
857874,2022-12-28,2022,False,Sacramento Kings,Denver Nuggets,127,126
857875,2022-12-28,2022,False,Atlanta Hawks,Brooklyn Nets,107,108
857876,2022-12-28,2022,False,Golden State Warriors,Utah Jazz,112,107
857877,2022-12-29,2022,False,Toronto Raptors,Memphis Grizzlies,106,119
857878,2022-12-29,2022,False,Dallas Mavericks,Houston Rockets,129,114
857879,2022-12-29,2022,False,Charlotte Hornets,Oklahoma City Thunder,121,113
857880,2022-12-29,2022,False,Indiana Pacers,Cleveland Cavaliers,135,126
857881,2022-12-29,2022,False,Boston Celtics,LA Clippers,116,110
857882,2022-12-29,2022,False,San Antonio Spurs,New York Knicks,122,115
857883,2022-12-30,2022,False,Golden State Warriors,Portland Trail Blazers,118,112
857884,2022-12-30,2022,False,Denver Nuggets,Miami Heat,124,119
857885,2022-12-30,2022,False,New Orleans Pelicans,Philadelphia 76ers,127,116
857886,2022-12-30,2022,False,Milwaukee Bucks,Minnesota Timberwolves,123,114
857887,2022-12-30,2022,False,Chicago Bulls,Detroit Pistons,132,118
857888,2022-12-30,2022,False,Toronto Raptors,Phoenix Suns,113,104
857889,2022-12-30,2022,False,Atlanta Hawks,Los Angeles Lakers,121,130
857890,2022-12-30,2022,False,Orlando Magic,Washington Wizards,100,119
857891,2022-12-30,2022,False,Sacramento Kings,Utah Jazz,126,125
857892,2022-12-31,2022,False,Indiana Pacers,LA Clippers,131,130
857893,2022-12-31,2022,False,Chicago Bulls,Cleveland Cavaliers,102,103
857894,2022-12-31,2022,False,Charlotte Hornets,Brooklyn Nets,106,123
857895,2022-12-31,2022,False,Utah Jazz,Miami Heat,123,126
857896,2022-12-31,2022,False,Oklahoma City Thunder,Philadelphia 76ers,96,115
857897,2022-12-31,2022,False,Houston Rockets,New York Knicks,88,108
857898,2022-12-31,2022,False,Minnesota Timberwolves,Detroit Pistons,104,116
857899,2022-12-31,2022,False,Memphis Grizzlies,New Orleans Pelicans,116,101
857900,2022-12-31,2022,False,San Antonio Spurs,Dallas Mavericks,125,126
857901,2023-01-01,2022,False,Milwaukee Bucks,Washington Wizards,95,118
857902,2023-01-01,2022,False,Memphis Grizzlies,Sacramento Kings,118,108
857903,2023-01-01,2022,False,Denver Nuggets,Boston Celtics,123,111
857904,2023-01-02,2022,False,Golden State Warriors,Atlanta Hawks,143,141
857905,2023-01-02,2022,False,Minnesota Timberwolves,Denver Nuggets,124,111
857906,2023-01-02,2022,False,Indiana Pacers,Toronto Raptors,122,114
857907,2023-01-02,2022,False,Houston Rockets,Dallas Mavericks,106,111
857908,2023-01-02,2022,False,Cleveland Cavaliers,Chicago Bulls,145,134
857909,2023-01-02,2022,False,New York Knicks,Phoenix Suns,102,83
857910,2023-01-02,2022,False,Charlotte Hornets,Los Angeles Lakers,115,121
857911,2023-01-02,2022,False,Philadelphia 76ers,New Orleans Pelicans,120,111
857912,2023-01-02,2022,False,Portland Trail Blazers,Detroit Pistons,135,106
857913,2023-01-02,2022,False,Brooklyn Nets,San Antonio Spurs,139,103
857914,2023-01-02,2022,False,LA Clippers,Miami Heat,100,110
857915,2023-01-03,2022,False,Milwaukee Bucks,Washington Wizards,123,113
857916,2023-01-03,2022,False,Oklahoma City Thunder,Boston Celtics,150,117
857917,2023-01-03,2022,False,Utah Jazz,Sacramento Kings,115,117
857918,2023-01-04,2022,False,Chicago Bulls,Brooklyn Nets,121,112
857919,2023-01-04,2022,False,Orlando Magic,Oklahoma City Thunder,126,115
857920,2023-01-04,2022,False,Minnesota Timberwolves,Portland Trail Blazers,113,106
857921,2023-01-04,2022,False,New York Knicks,San Antonio Spurs,117,114
857922,2023-01-04,2022,False,Golden State Warriors,Detroit Pistons,119,122
857923,2023-01-04,2022,False,Charlotte Hornets,Memphis Grizzlies,107,131
857924,2023-01-04,2022,False,New Orleans Pelicans,Houston Rockets,119,108
857925,2023-01-04,2022,False,Toronto Raptors,Milwaukee Bucks,101,104
857926,2023-01-04,2022,False,Cleveland Cavaliers,Phoenix Suns,90,88
857927,2023-01-04,2022,False,Philadelphia 76ers,Indiana Pacers,129,126
857928,2023-01-04,2022,False,Los Angeles Lakers,Miami Heat,112,109
857929,2023-01-04,2022,False,Sacramento Kings,Atlanta Hawks,117,120
857930,2023-01-05,2022,False,Dallas Mavericks,Boston Celtics,95,124
857931,2023-01-05,2022,False,Orlando Magic,Memphis Grizzlies,115,123
857932,2023-01-05,2022,False,Denver Nuggets,LA Clippers,122,91
857933,2023-01-05,2022,False,Houston Rockets,Utah Jazz,114,131
857934,2023-01-06,2022,False,Milwaukee Bucks,Charlotte Hornets,109,138
857935,2023-01-06,2022,False,Oklahoma City Thunder,Washington Wizards,127,110
857936,2023-01-06,2022,False,San Antonio Spurs,Detroit Pistons,121,109
857937,2023-01-06,2022,False,Philadelphia 76ers,Chicago Bulls,112,126
857938,2023-01-06,2022,False,Minnesota Timberwolves,LA Clippers,128,115
857939,2023-01-06,2022,False,New Orleans Pelicans,Brooklyn Nets,102,108
857940,2023-01-06,2022,False,Phoenix Suns,Miami Heat,96,104
857941,2023-01-06,2022,False,Toronto Raptors,New York Knicks,108,112
857942,2023-01-06,2022,False,Indiana Pacers,Portland Trail Blazers,108,99
857943,2023-01-06,2022,False,Denver Nuggets,Cleveland Cavaliers,121,108
857944,2023-01-06,2022,False,Los Angeles Lakers,Atlanta Hawks,130,114
857945,2023-01-07,2022,False,San Antonio Spurs,Boston Celtics,116,121
857946,2023-01-07,2022,False,Chicago Bulls,Utah Jazz,126,118
857947,2023-01-07,2022,False,Golden State Warriors,Orlando Magic,101,115
857948,2023-01-07,2022,False,Dallas Mavericks,New Orleans Pelicans,127,117
857949,2023-01-07,2022,False,Sacramento Kings,Los Angeles Lakers,134,136
857950,2023-01-08,2022,False,Memphis Grizzlies,Utah Jazz,123,118
857951,2023-01-08,2022,False,Miami Heat,Brooklyn Nets,101,102
857952,2023-01-08,2022,False,Houston Rockets,Minnesota Timberwolves,96,104
857953,2023-01-08,2022,False,Detroit Pistons,Philadelphia 76ers,111,123
857954,2023-01-08,2022,False,Indiana Pacers,Charlotte Hornets,116,111
857955,2023-01-08,2022,False,Toronto Raptors,Portland Trail Blazers,117,105
857956,2023-01-08,2022,False,Oklahoma City Thunder,Dallas Mavericks,120,109
857957,2023-01-08,2022,False,Phoenix Suns,Cleveland Cavaliers,98,112
857958,2023-01-08,2022,False,LA Clippers,Atlanta Hawks,108,112
857959,2023-01-09,2022,False,Memphis Grizzlies,San Antonio Spurs,121,113
857960,2023-01-09,2022,False,New York Knicks,Milwaukee Bucks,107,111
857961,2023-01-09,2022,False,Boston Celtics,Chicago Bulls,107,99
857962,2023-01-09,2022,False,Denver Nuggets,Los Angeles Lakers,122,109
857963,2023-01-09,2022,False,Washington Wizards,New Orleans Pelicans,112,132
857964,2023-01-09,2022,False,Sacramento Kings,Orlando Magic,136,111
857965,2023-01-10,2022,False,Miami Heat,Oklahoma City Thunder,112,111
857966,2023-01-10,2022,False,Philadelphia 76ers,Detroit Pistons,147,116
857967,2023-01-10,2022,False,Portland Trail Blazers,Orlando Magic,106,109
857968,2023-01-10,2022,False,LA Clippers,Dallas Mavericks,113,101
857969,2023-01-10,2022,False,Golden State Warriors,Phoenix Suns,113,125
857970,2023-01-10,2022,False,Utah Jazz,Cleveland Cavaliers,116,114
857971,2023-01-10,2022,False,Toronto Raptors,Charlotte Hornets,132,120
857972,2023-01-11,2022,False,Washington Wizards,Chicago Bulls,100,97
857973,2023-01-11,2022,False,Denver Nuggets,Phoenix Suns,126,97
857974,2023-01-11,2022,False,Sacramento Kings,Houston Rockets,135,115
857975,2023-01-11,2022,False,Boston Celtics,New Orleans Pelicans,125,114
857976,2023-01-11,2022,False,Detroit Pistons,Minnesota Timberwolves,135,118
857977,2023-01-11,2022,False,Memphis Grizzlies,San Antonio Spurs,135,129
857978,2023-01-11,2022,False,New York Knicks,Indiana Pacers,119,113
857979,2023-01-11,2022,False,Atlanta Hawks,Milwaukee Bucks,105,114
857980,2023-01-12,2022,False,Philadelphia 76ers,Oklahoma City Thunder,114,133
857981,2023-01-12,2022,False,Toronto Raptors,Charlotte Hornets,124,114
857982,2023-01-12,2022,False,Los Angeles Lakers,Dallas Mavericks,115,119
857983,2023-01-12,2022,False,Portland Trail Blazers,Cleveland Cavaliers,113,119
857984,2023-01-12,2022,False,Brooklyn Nets,Boston Celtics,98,109
857985,2023-01-12,2022,False,Miami Heat,Milwaukee Bucks,108,102
857986,2023-01-13,2022,False,Sacramento Kings,Houston Rockets,139,114
857987,2023-01-13,2022,False,Washington Wizards,New York Knicks,108,112
857988,2023-01-13,2022,False,LA Clippers,Denver Nuggets,103,115
857989,2023-01-13,2022,False,Detroit Pistons,New Orleans Pelicans,110,116
857990,2023-01-13,2022,False,Minnesota Timberwolves,Phoenix Suns,121,116
857991,2023-01-13,2022,False,Indiana Pacers,Atlanta Hawks,111,113
857992,2023-01-13,2022,False,San Antonio Spurs,Golden State Warriors,113,144
857993,2023-01-13,2022,False,Utah Jazz,Orlando Magic,112,108
857994,2023-01-13,2022,False,Chicago Bulls,Oklahoma City Thunder,110,124
857995,2023-01-14,2022,False,Indiana Pacers,Memphis Grizzlies,112,130
857996,2023-01-14,2022,False,Toronto Raptors,Atlanta Hawks,103,114
857997,2023-01-14,2022,False,Utah Jazz,Philadelphia 76ers,117,118
857998,2023-01-14,2022,False,Miami Heat,Milwaukee Bucks,111,95
857999,2023-01-14,2022,False,Portland Trail Blazers,Dallas Mavericks,136,119
858000,2023-01-14,2022,False,Charlotte Hornets,Boston Celtics,106,122
858001,2023-01-14,2022,False,Minnesota Timberwolves,Cleveland Cavaliers,110,102
858002,2023-01-15,2022,False,Chicago Bulls,Golden State Warriors,132,118
858003,2023-01-15,2022,False,Detroit Pistons,New York Knicks,104,117
858004,2023-01-15,2022,False,Denver Nuggets,Orlando Magic,119,116
858005,2023-01-15,2022,False,LA Clippers,Houston Rockets,121,100
858006,2023-01-15,2022,False,San Antonio Spurs,Sacramento Kings,119,132
858007,2023-01-15,2022,False,Los Angeles Lakers,Philadelphia 76ers,112,113
858008,2023-01-15,2022,False,Brooklyn Nets,Oklahoma City Thunder,102,112
858009,2023-01-15,2022,False,Portland Trail Blazers,Dallas Mavericks,140,123
858010,2023-01-16,2022,False,Los Angeles Lakers,Houston Rockets,140,132
858011,2023-01-16,2022,False,Atlanta Hawks,Miami Heat,121,113
858012,2023-01-16,2022,False,Washington Wizards,Golden State Warriors,118,127
858013,2023-01-16,2022,False,Milwaukee Bucks,Indiana Pacers,132,119
858014,2023-01-16,2022,False,Cleveland Cavaliers,New Orleans Pelicans,113,103
858015,2023-01-16,2022,False,Memphis Grizzlies,Phoenix Suns,136,106
858016,2023-01-16,2022,False,Minnesota Timberwolves,Utah Jazz,125,126
858017,2023-01-16,2022,False,Charlotte Hornets,Boston Celtics,118,130
858018,2023-01-16,2022,False,New York Knicks,Toronto Raptors,121,123
858019,2023-01-17,2022,False,San Antonio Spurs,Brooklyn Nets,106,98
858020,2023-01-17,2022,False,Milwaukee Bucks,Toronto Raptors,130,122
858021,2023-01-17,2022,False,LA Clippers,Philadelphia 76ers,110,120
858022,2023-01-17,2022,False,Denver Nuggets,Portland Trail Blazers,122,113
858023,2023-01-18,2022,False,Los Angeles Lakers,Sacramento Kings,111,116
858024,2023-01-18,2022,False,Oklahoma City Thunder,Indiana Pacers,126,106
858025,2023-01-18,2022,False,Memphis Grizzlies,Cleveland Cavaliers,115,114
858026,2023-01-18,2022,False,New Orleans Pelicans,Miami Heat,98,124
858027,2023-01-18,2022,False,Utah Jazz,LA Clippers,126,103
858028,2023-01-18,2022,False,Houston Rockets,Charlotte Hornets,117,122
858029,2023-01-18,2022,False,New York Knicks,Washington Wizards,105,116
858030,2023-01-18,2022,False,Denver Nuggets,Minnesota Timberwolves,122,118
858031,2023-01-18,2022,False,Dallas Mavericks,Atlanta Hawks,122,130
858032,2023-01-19,2022,False,Detroit Pistons,Chicago Bulls,108,126
858033,2023-01-19,2022,False,Phoenix Suns,Brooklyn Nets,117,112
858034,2023-01-19,2022,False,Boston Celtics,Golden State Warriors,121,118
858035,2023-01-19,2022,False,Minnesota Timberwolves,Toronto Raptors,128,126
858036,2023-01-19,2022,False,Portland Trail Blazers,Philadelphia 76ers,95,105
858037,2023-01-20,2022,False,Sacramento Kings,Oklahoma City Thunder,118,113
858038,2023-01-20,2022,False,Cleveland Cavaliers,Golden State Warriors,114,120
858039,2023-01-20,2022,False,Orlando Magic,New Orleans Pelicans,123,110
858040,2023-01-20,2022,False,Dallas Mavericks,Miami Heat,115,90
858041,2023-01-20,2022,False,San Antonio Spurs,LA Clippers,126,131
858042,2023-01-20,2022,False,Utah Jazz,Brooklyn Nets,106,117
858043,2023-01-20,2022,False,Denver Nuggets,Indiana Pacers,134,111
858044,2023-01-20,2022,False,Los Angeles Lakers,Memphis Grizzlies,122,121
858045,2023-01-20,2022,False,Atlanta Hawks,New York Knicks,139,124
858046,2023-01-21,2022,False,Minnesota Timberwolves,Houston Rockets,113,104
858047,2023-01-21,2022,False,Cleveland Cavaliers,Milwaukee Bucks,114,102
858048,2023-01-21,2022,False,Phoenix Suns,Indiana Pacers,112,107
858049,2023-01-21,2022,False,Toronto Raptors,Boston Celtics,104,106
858050,2023-01-21,2022,False,Sacramento Kings,Philadelphia 76ers,127,129
858051,2023-01-21,2022,False,Washington Wizards,Orlando Magic,138,118
858052,2023-01-21,2022,False,Atlanta Hawks,Charlotte Hornets,118,122
858053,2023-01-22,2022,False,Miami Heat,New Orleans Pelicans,100,96
858054,2023-01-22,2022,False,Denver Nuggets,Oklahoma City Thunder,99,101
858055,2023-01-22,2022,False,Golden State Warriors,Brooklyn Nets,116,120
858056,2023-01-22,2022,False,Toronto Raptors,New York Knicks,125,116
858057,2023-01-22,2022,False,Portland Trail Blazers,Los Angeles Lakers,112,121
858058,2023-01-22,2022,False,Dallas Mavericks,LA Clippers,98,112
858059,2023-01-22,2022,False,Phoenix Suns,Memphis Grizzlies,112,110
858060,2023-01-23,2022,False,Detroit Pistons,Milwaukee Bucks,130,150
858061,2023-01-23,2022,False,Houston Rockets,Minnesota Timberwolves,119,114
858062,2023-01-23,2022,False,Portland Trail Blazers,San Antonio Spurs,147,127
858063,2023-01-23,2022,False,Sacramento Kings,Memphis Grizzlies,133,100
858064,2023-01-23,2022,False,Utah Jazz,Charlotte Hornets,120,102
858065,2023-01-23,2022,False,Chicago Bulls,Atlanta Hawks,111,100
858066,2023-01-23,2022,False,Orlando Magic,Boston Celtics,113,98
858067,2023-01-24,2022,False,New York Knicks,Cleveland Cavaliers,105,103
858068,2023-01-24,2022,False,New Orleans Pelicans,Denver Nuggets,98,99
858069,2023-01-24,2022,False,Miami Heat,Boston Celtics,98,95
858070,2023-01-24,2022,False,Indiana Pacers,Chicago Bulls,116,110
858071,2023-01-24,2022,False,Dallas Mavericks,Washington Wizards,126,127
858072,2023-01-24,2022,False,Phoenix Suns,Charlotte Hornets,128,97
858073,2023-01-24,2022,False,Los Angeles Lakers,LA Clippers,115,133
858074,2023-01-25,2022,False,Sacramento Kings,Toronto Raptors,95,113
858075,2023-01-25,2022,False,Los Angeles Lakers,San Antonio Spurs,113,104
858076,2023-01-25,2022,False,Orlando Magic,Indiana Pacers,126,120
858077,2023-01-25,2022,False,Philadelphia 76ers,Brooklyn Nets,137,133
858078,2023-01-25,2022,False,Houston Rockets,Washington Wizards,103,108
858079,2023-01-25,2022,False,Oklahoma City Thunder,Atlanta Hawks,132,137
858080,2023-01-25,2022,False,Golden State Warriors,Memphis Grizzlies,122,120
858081,2023-01-25,2022,False,Milwaukee Bucks,Denver Nuggets,107,99
858082,2023-01-25,2022,False,New Orleans Pelicans,Minnesota Timberwolves,102,111
858083,2023-01-25,2022,False,Portland Trail Blazers,Utah Jazz,134,124
858084,2023-01-26,2022,False,LA Clippers,San Antonio Spurs,138,100
858085,2023-01-26,2022,False,Charlotte Hornets,Chicago Bulls,111,96
858086,2023-01-26,2022,False,Brooklyn Nets,Detroit Pistons,122,130
858087,2023-01-26,2022,False,Houston Rockets,Cleveland Cavaliers,95,113
858088,2023-01-26,2022,False,Phoenix Suns,Dallas Mavericks,95,99
858089,2023-01-26,2022,False,Boston Celtics,New York Knicks,117,120
858090,2023-01-27,2022,False,Golden State Warriors,Toronto Raptors,129,117
858091,2023-01-27,2022,False,Oklahoma City Thunder,Cleveland Cavaliers,112,100
858092,2023-01-27,2022,False,Miami Heat,Orlando Magic,110,105
858093,2023-01-27,2022,False,Indiana Pacers,Milwaukee Bucks,131,141
858094,2023-01-27,2022,False,Minnesota Timberwolves,Memphis Grizzlies,111,100
858095,2023-01-28,2022,False,Utah Jazz,Dallas Mavericks,108,100
858096,2023-01-28,2022,False,Boston Celtics,Los Angeles Lakers,125,121
858097,2023-01-28,2022,False,Minnesota Timberwolves,Sacramento Kings,117,110
858098,2023-01-28,2022,False,Detroit Pistons,Houston Rockets,114,117
858099,2023-01-28,2022,False,New Orleans Pelicans,Washington Wizards,103,113
858100,2023-01-28,2022,False,Philadelphia 76ers,Denver Nuggets,126,119
858101,2023-01-28,2022,False,San Antonio Spurs,Phoenix Suns,118,128
858102,2023-01-28,2022,False,Atlanta Hawks,LA Clippers,113,120
858103,2023-01-28,2022,False,Brooklyn Nets,New York Knicks,122,115
858104,2023-01-28,2022,False,Orlando Magic,Chicago Bulls,109,128
858105,2023-01-28,2022,False,Portland Trail Blazers,Toronto Raptors,105,123
858106,2023-01-29,2022,False,Charlotte Hornets,Miami Heat,122,117
858107,2023-01-29,2022,False,Memphis Grizzlies,Indiana Pacers,112,100
858108,2023-01-29,2022,False,Milwaukee Bucks,New Orleans Pelicans,135,110
858109,2023-01-29,2022,False,Cleveland Cavaliers,LA Clippers,122,99
858110,2023-01-30,2022,False,Philadelphia 76ers,Orlando Magic,109,119
858111,2023-01-30,2022,False,Oklahoma City Thunder,Golden State Warriors,120,128
858112,2023-01-30,2022,False,San Antonio Spurs,Washington Wizards,106,127
858113,2023-01-30,2022,False,Dallas Mavericks,Detroit Pistons,111,105
858114,2023-01-30,2022,False,Phoenix Suns,Toronto Raptors,114,106
858115,2023-01-30,2022,False,Brooklyn Nets,Los Angeles Lakers,121,104
858116,2023-01-30,2022,False,Portland Trail Blazers,Atlanta Hawks,129,125
858117,2023-01-30,2022,False,Minnesota Timberwolves,Sacramento Kings,111,118
858118,2023-01-31,2022,False,Chicago Bulls,LA Clippers,103,108
858119,2023-01-31,2022,False,Cleveland Cavaliers,Miami Heat,97,100
858120,2023-01-31,2022,False,Denver Nuggets,New Orleans Pelicans,122,113
858121,2023-01-31,2022,False,New York Knicks,Los Angeles Lakers,123,129
858122,2023-01-31,2022,False,Milwaukee Bucks,Charlotte Hornets,124,115
858123,2023-02-01,2022,False,Phoenix Suns,Atlanta Hawks,100,132
858124,2023-02-01,2022,False,Utah Jazz,Toronto Raptors,131,128
858125,2023-02-01,2022,False,Detroit Pistons,Washington Wizards,117,119
858126,2023-02-01,2022,False,San Antonio Spurs,Sacramento Kings,109,119
858127,2023-02-01,2022,False,Memphis Grizzlies,Portland Trail Blazers,112,122
858128,2023-02-01,2022,False,Boston Celtics,Brooklyn Nets,139,96
858129,2023-02-01,2022,False,Houston Rockets,Oklahoma City Thunder,112,106
858130,2023-02-01,2022,False,Minnesota Timberwolves,Golden State Warriors,119,114
858131,2023-02-01,2022,False,Philadelphia 76ers,Orlando Magic,105,94
858132,2023-02-02,2022,False,New York Knicks,Miami Heat,106,104
858133,2023-02-02,2022,False,Denver Nuggets,Golden State Warriors,134,117
858134,2023-02-02,2022,False,Indiana Pacers,Los Angeles Lakers,111,112
858135,2023-02-02,2022,False,Chicago Bulls,Charlotte Hornets,114,98
858136,2023-02-02,2022,False,Cleveland Cavaliers,Memphis Grizzlies,128,113
858137,2023-02-02,2022,False,Milwaukee Bucks,LA Clippers,106,105
858138,2023-02-02,2022,False,Dallas Mavericks,New Orleans Pelicans,111,106
858139,2023-02-03,2022,False,Utah Jazz,Atlanta Hawks,108,115
858140,2023-02-03,2022,False,Houston Rockets,Toronto Raptors,111,117
858141,2023-02-03,2022,False,Minnesota Timberwolves,Orlando Magic,120,127
858142,2023-02-03,2022,False,Boston Celtics,Phoenix Suns,94,106
858143,2023-02-03,2022,False,San Antonio Spurs,Philadelphia 76ers,125,137
858144,2023-02-03,2022,False,Detroit Pistons,Charlotte Hornets,118,112
858145,2023-02-03,2022,False,Indiana Pacers,Sacramento Kings,107,104
858146,2023-02-03,2022,False,Washington Wizards,Portland Trail Blazers,116,124
858147,2023-02-04,2022,False,New York Knicks,LA Clippers,128,134
858148,2023-02-04,2022,False,Denver Nuggets,Atlanta Hawks,128,108
858149,2023-02-04,2022,False,Brooklyn Nets,Washington Wizards,125,123
858150,2023-02-04,2022,False,Chicago Bulls,Portland Trail Blazers,129,121
858151,2023-02-04,2022,False,Detroit Pistons,Phoenix Suns,100,116
858152,2023-02-04,2022,False,Golden State Warriors,Dallas Mavericks,119,113
858153,2023-02-04,2022,False,New Orleans Pelicans,Los Angeles Lakers,131,126
858154,2023-02-04,2022,False,Milwaukee Bucks,Miami Heat,123,115
858155,2023-02-04,2022,False,Oklahoma City Thunder,Houston Rockets,153,121
858156,2023-02-05,2022,False,New Orleans Pelicans,Sacramento Kings,136,104
858157,2023-02-05,2022,False,Memphis Grizzlies,Toronto Raptors,103,106
858158,2023-02-05,2022,False,Indiana Pacers,Cleveland Cavaliers,103,122
858159,2023-02-05,2022,False,Minnesota Timberwolves,Denver Nuggets,128,98
858160,2023-02-05,2022,False,Charlotte Hornets,Orlando Magic,113,119
858161,2023-02-05,2022,False,New York Knicks,Philadelphia 76ers,108,97
858162,2023-02-06,2022,False,Portland Trail Blazers,Milwaukee Bucks,108,127
858163,2023-02-06,2022,False,Brooklyn Nets,LA Clippers,116,124
858164,2023-02-06,2022,False,Houston Rockets,Sacramento Kings,120,140
858165,2023-02-06,2022,False,Detroit Pistons,Boston Celtics,99,111
858166,2023-02-06,2022,False,Utah Jazz,Dallas Mavericks,111,124
858167,2023-02-06,2022,False,Chicago Bulls,San Antonio Spurs,128,104
858168,2023-02-06,2022,False,Washington Wizards,Cleveland Cavaliers,91,114
858169,2023-02-06,2022,False,Golden State Warriors,Oklahoma City Thunder,141,114
858170,2023-02-07,2022,False,Denver Nuggets,Minnesota Timberwolves,146,112
858171,2023-02-07,2022,False,New Orleans Pelicans,Atlanta Hawks,116,107
858172,2023-02-07,2022,False,Brooklyn Nets,Phoenix Suns,112,116
858173,2023-02-07,2022,False,Memphis Grizzlies,Chicago Bulls,104,89
858174,2023-02-07,2022,False,Los Angeles Lakers,Oklahoma City Thunder,130,133
858175,2023-02-07,2022,False,Orlando Magic,New York Knicks,98,102
858176,2023-02-08,2022,False,Cleveland Cavaliers,Detroit Pistons,113,85
858177,2023-02-08,2022,False,Washington Wizards,Charlotte Hornets,118,104
858178,2023-02-08,2022,False,Portland Trail Blazers,Golden State Warriors,125,122
858179,2023-02-08,2022,False,LA Clippers,Dallas Mavericks,104,110
858180,2023-02-08,2022,False,Utah Jazz,Minnesota Timberwolves,118,143
858181,2023-02-08,2022,False,Toronto Raptors,San Antonio Spurs,112,98
858182,2023-02-08,2022,False,Miami Heat,Indiana Pacers,116,111
858183,2023-02-08,2022,False,Boston Celtics,Philadelphia 76ers,106,99
858184,2023-02-08,2022,False,Houston Rockets,Sacramento Kings,128,130
858185,2023-02-09,2022,False,Atlanta Hawks,Phoenix Suns,116,107
858186,2023-02-09,2022,False,Brooklyn Nets,Chicago Bulls,116,105
858187,2023-02-09,2022,False,Orlando Magic,Denver Nuggets,115,104
858188,2023-02-09,2022,False,Los Angeles Lakers,Milwaukee Bucks,106,115
858189,2023-02-10,2022,False,Miami Heat,Houston Rockets,97,95
858190,2023-02-10,2022,False,Memphis Grizzlies,Minnesota Timberwolves,128,107
858191,2023-02-10,2022,False,Indiana Pacers,Phoenix Suns,104,117
858192,2023-02-10,2022,False,Detroit Pistons,San Antonio Spurs,138,131
858193,2023-02-10,2022,False,Philadelphia 76ers,New York Knicks,119,108
858194,2023-02-10,2022,False,New Orleans Pelicans,Cleveland Cavaliers,107,118
858195,2023-02-10,2022,False,Boston Celtics,Charlotte Hornets,127,116
858196,2023-02-10,2022,False,Sacramento Kings,Dallas Mavericks,114,122
858197,2023-02-10,2022,False,Portland Trail Blazers,Oklahoma City Thunder,129,138
858198,2023-02-10,2022,False,Toronto Raptors,Utah Jazz,116,122
858199,2023-02-10,2022,False,LA Clippers,Milwaukee Bucks,106,119
858200,2023-02-11,2022,False,Brooklyn Nets,Philadelphia 76ers,98,101
858201,2023-02-11,2022,False,Washington Wizards,Indiana Pacers,127,113
858202,2023-02-11,2022,False,Golden State Warriors,Los Angeles Lakers,103,109
858203,2023-02-11,2022,False,Cleveland Cavaliers,Chicago Bulls,97,89
858204,2023-02-11,2022,False,New York Knicks,Utah Jazz,126,120
858205,2023-02-11,2022,False,Orlando Magic,Miami Heat,103,107
858206,2023-02-11,2022,False,Charlotte Hornets,Denver Nuggets,105,119
858207,2023-02-11,2022,False,Atlanta Hawks,San Antonio Spurs,125,106
858208,2023-02-11,2022,False,Sacramento Kings,Dallas Mavericks,133,128
858209,2023-02-12,2022,False,Toronto Raptors,Detroit Pistons,119,118
858210,2023-02-12,2022,False,Boston Celtics,Memphis Grizzlies,119,109
858211,2023-02-13,2022,False,Dallas Mavericks,Minnesota Timberwolves,121,124
858212,2023-02-13,2022,False,Golden State Warriors,Washington Wizards,135,126
858213,2023-02-13,2022,False,Cleveland Cavaliers,San Antonio Spurs,117,109
858214,2023-02-13,2022,False,Miami Heat,Denver Nuggets,108,112
858215,2023-02-13,2022,False,Philadelphia 76ers,Houston Rockets,123,104
858216,2023-02-13,2022,False,Charlotte Hornets,Atlanta Hawks,144,138
858217,2023-02-13,2022,False,New York Knicks,Brooklyn Nets,124,106
858218,2023-02-13,2022,False,Chicago Bulls,Orlando Magic,91,100
858219,2023-02-13,2022,False,Oklahoma City Thunder,New Orleans Pelicans,100,103
858220,2023-02-13,2022,False,Indiana Pacers,Utah Jazz,117,123
858221,2023-02-13,2022,False,Portland Trail Blazers,Los Angeles Lakers,127,115
858222,2023-02-14,2022,False,Toronto Raptors,Orlando Magic,123,113
858223,2023-02-14,2022,False,Portland Trail Blazers,Washington Wizards,101,126
858224,2023-02-14,2022,False,Milwaukee Bucks,Boston Celtics,131,125
858225,2023-02-14,2022,False,Phoenix Suns,Sacramento Kings,120,109
858226,2023-02-14,2022,False,LA Clippers,Golden State Warriors,134,124
858227,2023-02-15,2022,False,Los Angeles Lakers,New Orleans Pelicans,120,102
858228,2023-02-15,2022,False,Boston Celtics,Detroit Pistons,127,109
858229,2023-02-15,2022,False,Brooklyn Nets,Miami Heat,116,105
858230,2023-02-15,2022,False,Charlotte Hornets,San Antonio Spurs,120,110
858231,2023-02-15,2022,False,Philadelphia 76ers,Cleveland Cavaliers,118,112
858232,2023-02-15,2022,False,Atlanta Hawks,New York Knicks,101,122
858233,2023-02-15,2022,False,Memphis Grizzlies,Utah Jazz,117,111
858234,2023-02-15,2022,False,Oklahoma City Thunder,Houston Rockets,133,96
858235,2023-02-15,2022,False,Indiana Pacers,Chicago Bulls,117,113
858236,2023-02-15,2022,False,Denver Nuggets,Dallas Mavericks,118,109
858237,2023-02-16,2022,False,Chicago Bulls,Milwaukee Bucks,100,112
858238,2023-02-16,2022,False,Phoenix Suns,LA Clippers,107,116
858239,2023-02-16,2022,False,Minnesota Timberwolves,Washington Wizards,106,114
858240,2023-02-23,2022,False,Dallas Mavericks,San Antonio Spurs,142,116
858241,2023-02-23,2022,False,Utah Jazz,Oklahoma City Thunder,120,119
858242,2023-02-23,2022,False,Philadelphia 76ers,Memphis Grizzlies,110,105
858243,2023-02-23,2022,False,Cleveland Cavaliers,Denver Nuggets,109,115
858244,2023-02-23,2022,False,Toronto Raptors,New Orleans Pelicans,115,110
858245,2023-02-23,2022,False,Los Angeles Lakers,Golden State Warriors,124,111
858246,2023-02-23,2022,False,Indiana Pacers,Boston Celtics,138,142
858247,2023-02-23,2022,False,Sacramento Kings,Portland Trail Blazers,133,116
858248,2023-02-23,2022,False,Orlando Magic,Detroit Pistons,108,106
858249,2023-02-24,2022,False,Atlanta Hawks,Cleveland Cavaliers,136,119
858250,2023-02-24,2022,False,Washington Wizards,New York Knicks,109,115
858251,2023-02-24,2022,False,LA Clippers,Sacramento Kings,175,176
858252,2023-02-24,2022,False,Phoenix Suns,Oklahoma City Thunder,124,115
858253,2023-02-24,2022,False,Milwaukee Bucks,Miami Heat,128,99
858254,2023-02-24,2022,False,Minnesota Timberwolves,Charlotte Hornets,113,121
858255,2023-02-24,2022,False,Chicago Bulls,Brooklyn Nets,131,87
858256,2023-02-24,2022,False,Golden State Warriors,Houston Rockets,116,101
858257,2023-02-25,2022,False,Detroit Pistons,Toronto Raptors,91,95
858258,2023-02-25,2022,False,Orlando Magic,Indiana Pacers,108,121
858259,2023-02-25,2022,False,Charlotte Hornets,Miami Heat,108,103
858260,2023-02-25,2022,False,Philadelphia 76ers,Boston Celtics,107,110
858261,2023-02-25,2022,False,Utah Jazz,San Antonio Spurs,118,102
858262,2023-02-25,2022,False,New York Knicks,New Orleans Pelicans,128,106
858263,2023-02-25,2022,False,Memphis Grizzlies,Denver Nuggets,112,94
858264,2023-02-26,2022,False,Denver Nuggets,LA Clippers,134,124
858265,2023-02-26,2022,False,Golden State Warriors,Minnesota Timberwolves,109,104
858266,2023-02-26,2022,False,Atlanta Hawks,Brooklyn Nets,129,127
858267,2023-02-26,2022,False,Milwaukee Bucks,Phoenix Suns,104,101
858268,2023-02-26,2022,False,Dallas Mavericks,Los Angeles Lakers,108,111
858269,2023-02-26,2022,False,Chicago Bulls,Washington Wizards,102,82
858270,2023-02-26,2022,False,Cleveland Cavaliers,Toronto Raptors,118,93
858271,2023-02-26,2022,False,Portland Trail Blazers,Houston Rockets,131,114
858272,2023-02-26,2022,False,Oklahoma City Thunder,Sacramento Kings,115,124
858273,2023-02-27,2022,False,New York Knicks,Boston Celtics,109,94
858274,2023-02-27,2022,False,New Orleans Pelicans,Orlando Magic,93,101
858275,2023-02-27,2022,False,Philadelphia 76ers,Miami Heat,99,101
858276,2023-02-27,2022,False,Charlotte Hornets,Detroit Pistons,117,106
858277,2023-02-28,2022,False,Utah Jazz,San Antonio Spurs,94,102
858278,2023-02-28,2022,False,LA Clippers,Minnesota Timberwolves,101,108
858279,2023-02-28,2022,False,Houston Rockets,Denver Nuggets,112,133
858280,2023-02-28,2022,False,Atlanta Hawks,Washington Wizards,116,119
858281,2023-02-28,2022,False,Dallas Mavericks,Indiana Pacers,122,124
858282,2023-02-28,2022,False,Brooklyn Nets,Milwaukee Bucks,104,118
858283,2023-02-28,2022,False,Oklahoma City Thunder,Sacramento Kings,117,123
858284,2023-02-28,2022,False,Memphis Grizzlies,Los Angeles Lakers,121,109
858285,2023-02-28,2022,False,Toronto Raptors,Chicago Bulls,104,98
858286,2023-02-28,2022,False,Golden State Warriors,Portland Trail Blazers,123,105
858287,2023-03-01,2022,False,Portland Trail Blazers,New Orleans Pelicans,110,121
858288,2023-03-01,2022,False,New York Knicks,Brooklyn Nets,142,118
858289,2023-03-01,2022,False,Miami Heat,Philadelphia 76ers,96,119
858290,2023-03-01,2022,False,Boston Celtics,Cleveland Cavaliers,117,113
858291,2023-03-01,2022,False,Milwaukee Bucks,Orlando Magic,139,117
858292,2023-03-01,2022,False,Oklahoma City Thunder,Los Angeles Lakers,117,123
858293,2023-03-01,2022,False,Houston Rockets,Memphis Grizzlies,99,113
858294,2023-03-01,2022,False,Detroit Pistons,Chicago Bulls,115,117
858295,2023-03-01,2022,False,Charlotte Hornets,Phoenix Suns,91,105
858296,2023-03-02,2022,False,Washington Wizards,Toronto Raptors,119,108
858297,2023-03-02,2022,False,San Antonio Spurs,Indiana Pacers,110,99
858298,2023-03-02,2022,False,Golden State Warriors,LA Clippers,115,91
858299,2023-03-02,2022,False,Dallas Mavericks,Philadelphia 76ers,133,126
858300,2023-03-03,2022,False,Sacramento Kings,LA Clippers,128,127
858301,2023-03-03,2022,False,Los Angeles Lakers,Minnesota Timberwolves,102,110
858302,2023-03-03,2022,False,Charlotte Hornets,Orlando Magic,106,117
858303,2023-03-03,2022,False,Atlanta Hawks,Portland Trail Blazers,129,111
858304,2023-03-03,2022,False,Chicago Bulls,Phoenix Suns,104,125
858305,2023-03-03,2022,False,Miami Heat,New York Knicks,120,122
858306,2023-03-03,2022,False,Denver Nuggets,Memphis Grizzlies,113,97
858307,2023-03-03,2022,False,Boston Celtics,Brooklyn Nets,105,115
858308,2023-03-03,2022,False,Oklahoma City Thunder,Utah Jazz,130,103
858309,2023-03-03,2022,False,Golden State Warriors,New Orleans Pelicans,108,99
858310,2023-03-04,2022,False,Milwaukee Bucks,Philadelphia 76ers,130,133
858311,2023-03-04,2022,False,Washington Wizards,Toronto Raptors,109,116
858312,2023-03-04,2022,False,Sacramento Kings,Minnesota Timberwolves,134,138
858313,2023-03-04,2022,False,San Antonio Spurs,Houston Rockets,110,122
858314,2023-03-04,2022,False,Miami Heat,Atlanta Hawks,117,109
858315,2023-03-04,2022,False,Cleveland Cavaliers,Detroit Pistons,114,90
858316,2023-03-05,2022,False,Boston Celtics,New York Knicks,129,131
858317,2023-03-05,2022,False,Los Angeles Lakers,Golden State Warriors,113,105
858318,2023-03-05,2022,False,Oklahoma City Thunder,Utah Jazz,129,119
858319,2023-03-05,2022,False,Dallas Mavericks,Phoenix Suns,126,130
858320,2023-03-05,2022,False,Chicago Bulls,Indiana Pacers,122,125
858321,2023-03-05,2022,False,Houston Rockets,San Antonio Spurs,142,110
858322,2023-03-05,2022,False,Brooklyn Nets,Charlotte Hornets,102,86
858323,2023-03-05,2022,False,Orlando Magic,Portland Trail Blazers,119,122
858324,2023-03-05,2022,False,LA Clippers,Memphis Grizzlies,135,129
858325,2023-03-06,2022,False,Washington Wizards,Milwaukee Bucks,111,117
858326,2023-03-06,2022,False,Miami Heat,Atlanta Hawks,130,128
858327,2023-03-06,2022,False,Denver Nuggets,Toronto Raptors,118,113
858328,2023-03-06,2022,False,Cleveland Cavaliers,Boston Celtics,118,114
858329,2023-03-06,2022,False,Sacramento Kings,New Orleans Pelicans,123,108
858330,2023-03-06,2022,False,Indiana Pacers,Philadelphia 76ers,143,147
858331,2023-03-07,2022,False,New York Knicks,Charlotte Hornets,105,112
858332,2023-03-07,2022,False,Detroit Pistons,Portland Trail Blazers,104,110
858333,2023-03-07,2022,False,Oklahoma City Thunder,Golden State Warriors,137,128
858334,2023-03-07,2022,False,Minnesota Timberwolves,Philadelphia 76ers,94,117
858335,2023-03-07,2022,False,Houston Rockets,Brooklyn Nets,96,118
858336,2023-03-07,2022,False,Dallas Mavericks,Utah Jazz,120,116
858337,2023-03-07,2022,False,Orlando Magic,Milwaukee Bucks,123,134
858338,2023-03-07,2022,False,Los Angeles Lakers,Memphis Grizzlies,112,103
858339,2023-03-08,2022,False,Miami Heat,Cleveland Cavaliers,100,104
858340,2023-03-08,2022,False,New Orleans Pelicans,Dallas Mavericks,113,106
858341,2023-03-08,2022,False,Washington Wizards,Atlanta Hawks,120,122
858342,2023-03-08,2022,False,Denver Nuggets,Chicago Bulls,96,117
858343,2023-03-08,2022,False,Boston Celtics,Portland Trail Blazers,115,93
858344,2023-03-08,2022,False,Phoenix Suns,Oklahoma City Thunder,132,101
858345,2023-03-08,2022,False,LA Clippers,Toronto Raptors,108,100
858346,2023-03-09,2022,False,Detroit Pistons,Charlotte Hornets,103,113
858347,2023-03-09,2022,False,Orlando Magic,Utah Jazz,124,131
858348,2023-03-09,2022,False,Sacramento Kings,New York Knicks,122,117
858349,2023-03-09,2022,False,Memphis Grizzlies,Golden State Warriors,131,110
858350,2023-03-09,2022,False,Indiana Pacers,Houston Rockets,134,125
858351,2023-03-09,2022,False,Milwaukee Bucks,Brooklyn Nets,118,113
858352,2023-03-10,2022,False,Minnesota Timberwolves,Brooklyn Nets,123,124
858353,2023-03-10,2022,False,Los Angeles Lakers,Toronto Raptors,122,112
858354,2023-03-10,2022,False,Washington Wizards,Atlanta Hawks,107,114
858355,2023-03-10,2022,False,San Antonio Spurs,Denver Nuggets,128,120
858356,2023-03-10,2022,False,Philadelphia 76ers,Portland Trail Blazers,120,119
858357,2023-03-10,2022,False,Miami Heat,Cleveland Cavaliers,119,115
858358,2023-03-11,2022,False,Golden State Warriors,Milwaukee Bucks,125,116
858359,2023-03-11,2022,False,Phoenix Suns,Sacramento Kings,119,128
858360,2023-03-11,2022,False,LA Clippers,New York Knicks,106,95
858361,2023-03-11,2022,False,Detroit Pistons,Indiana Pacers,115,121
858362,2023-03-11,2022,False,New Orleans Pelicans,Oklahoma City Thunder,96,110
858363,2023-03-11,2022,False,Orlando Magic,Miami Heat,126,114
858364,2023-03-11,2022,False,Charlotte Hornets,Utah Jazz,111,119
858365,2023-03-11,2022,False,Houston Rockets,Chicago Bulls,111,119
858366,2023-03-11,2022,False,Atlanta Hawks,Boston Celtics,125,134
858367,2023-03-11,2022,False,Memphis Grizzlies,Dallas Mavericks,112,108
858368,2023-03-12,2022,False,Philadelphia 76ers,Washington Wizards,112,93
858369,2023-03-12,2022,False,Denver Nuggets,Brooklyn Nets,120,122
858370,2023-03-12,2022,False,New Orleans Pelicans,Portland Trail Blazers,127,110
858371,2023-03-12,2022,False,San Antonio Spurs,Oklahoma City Thunder,90,102
858372,2023-03-12,2022,False,Charlotte Hornets,Cleveland Cavaliers,108,114
858373,2023-03-12,2022,False,Los Angeles Lakers,New York Knicks,108,112
858374,2023-03-13,2022,False,Miami Heat,Utah Jazz,119,115
858375,2023-03-13,2022,False,Golden State Warriors,Phoenix Suns,123,112
858376,2023-03-13,2022,False,Houston Rockets,Boston Celtics,111,109
858377,2023-03-13,2022,False,Atlanta Hawks,Minnesota Timberwolves,115,136
858378,2023-03-13,2022,False,Dallas Mavericks,Memphis Grizzlies,88,104
858379,2023-03-13,2022,False,Detroit Pistons,Indiana Pacers,117,97
858380,2023-03-13,2022,False,Sacramento Kings,Milwaukee Bucks,124,133
858381,2023-03-14,2022,False,Oklahoma City Thunder,Brooklyn Nets,121,107
858382,2023-03-14,2022,False,New Orleans Pelicans,Los Angeles Lakers,108,123
858383,2023-03-14,2022,False,Charlotte Hornets,Cleveland Cavaliers,104,120
858384,2023-03-14,2022,False,San Antonio Spurs,Orlando Magic,132,114
858385,2023-03-14,2022,False,Washington Wizards,Detroit Pistons,117,97
858386,2023-03-14,2022,False,Toronto Raptors,Denver Nuggets,125,110
858387,2023-03-14,2022,False,Phoenix Suns,Milwaukee Bucks,104,116
858388,2023-03-14,2022,False,Portland Trail Blazers,New York Knicks,107,123
858389,2023-03-15,2022,False,San Antonio Spurs,Dallas Mavericks,128,137
858390,2023-03-15,2022,False,Minnesota Timberwolves,Boston Celtics,102,104
858391,2023-03-15,2022,False,Houston Rockets,Los Angeles Lakers,114,110
858392,2023-03-15,2022,False,LA Clippers,Golden State Warriors,134,126
858393,2023-03-15,2022,False,Cleveland Cavaliers,Philadelphia 76ers,109,118
858394,2023-03-15,2022,False,Miami Heat,Memphis Grizzlies,138,119
858395,2023-03-15,2022,False,Chicago Bulls,Sacramento Kings,114,117
858396,2023-03-16,2022,False,Milwaukee Bucks,Indiana Pacers,123,139
858397,2023-03-16,2022,False,Phoenix Suns,Orlando Magic,116,113
858398,2023-03-16,2022,False,Detroit Pistons,Denver Nuggets,100,119
858399,2023-03-16,2022,False,Toronto Raptors,Oklahoma City Thunder,128,111
858400,2023-03-16,2022,False,Brooklyn Nets,Sacramento Kings,96,101
858401,2023-03-17,2022,False,Chicago Bulls,Minnesota Timberwolves,139,131
858402,2023-03-17,2022,False,Cleveland Cavaliers,Washington Wizards,117,94
858403,2023-03-17,2022,False,Portland Trail Blazers,Boston Celtics,112,126
858404,2023-03-17,2022,False,Los Angeles Lakers,Dallas Mavericks,110,111
858405,2023-03-17,2022,False,Houston Rockets,New Orleans Pelicans,114,112
858406,2023-03-17,2022,False,Atlanta Hawks,Golden State Warriors,127,119
858407,2023-03-17,2022,False,San Antonio Spurs,Memphis Grizzlies,120,126
858408,2023-03-17,2022,False,Charlotte Hornets,Philadelphia 76ers,82,121
858409,2023-03-18,2022,False,Indiana Pacers,Philadelphia 76ers,121,141
858410,2023-03-18,2022,False,Washington Wizards,Sacramento Kings,118,132
858411,2023-03-18,2022,False,New York Knicks,Denver Nuggets,116,110
858412,2023-03-18,2022,False,Chicago Bulls,Miami Heat,113,99
858413,2023-03-18,2022,False,LA Clippers,Orlando Magic,108,113
858414,2023-03-18,2022,False,Memphis Grizzlies,Golden State Warriors,133,119
858415,2023-03-18,2022,False,Toronto Raptors,Minnesota Timberwolves,122,107
858416,2023-03-18,2022,False,Utah Jazz,Boston Celtics,118,117
858417,2023-03-19,2022,False,San Antonio Spurs,Atlanta Hawks,126,118
858418,2023-03-19,2022,False,Houston Rockets,New Orleans Pelicans,107,117
858419,2023-03-19,2022,False,Detroit Pistons,Miami Heat,100,112
858420,2023-03-19,2022,False,Los Angeles Lakers,Orlando Magic,111,105
858421,2023-03-19,2022,False,Portland Trail Blazers,LA Clippers,102,117
858422,2023-03-19,2022,False,Oklahoma City Thunder,Phoenix Suns,124,120
858423,2023-03-19,2022,False,Milwaukee Bucks,Toronto Raptors,118,111
858424,2023-03-19,2022,False,Brooklyn Nets,Denver Nuggets,102,108
858425,2023-03-20,2022,False,Charlotte Hornets,Indiana Pacers,115,109
858426,2023-03-20,2022,False,Philadelphia 76ers,Chicago Bulls,105,109
858427,2023-03-20,2022,False,Memphis Grizzlies,Dallas Mavericks,112,108
858428,2023-03-20,2022,False,New York Knicks,Minnesota Timberwolves,134,140
858429,2023-03-20,2022,False,Utah Jazz,Sacramento Kings,128,120
858430,2023-03-20,2022,False,Houston Rockets,Golden State Warriors,108,121
858431,2023-03-21,2022,False,Brooklyn Nets,Cleveland Cavaliers,109,115
858432,2023-03-21,2022,False,Orlando Magic,Washington Wizards,122,112
858433,2023-03-21,2022,False,Atlanta Hawks,Detroit Pistons,129,107
858434,2023-03-21,2022,False,Sacramento Kings,Boston Celtics,109,132
858435,2023-03-21,2022,False,New Orleans Pelicans,San Antonio Spurs,119,84
858436,2023-03-21,2022,False,LA Clippers,Oklahoma City Thunder,100,101
858437,2023-03-22,2022,False,Utah Jazz,Portland Trail Blazers,115,127
858438,2023-03-22,2022,False,Los Angeles Lakers,Phoenix Suns,122,111
858439,2023-03-22,2022,False,Washington Wizards,Denver Nuggets,104,118
858440,2023-03-22,2022,False,Miami Heat,New York Knicks,127,120
858441,2023-03-22,2022,False,Toronto Raptors,Indiana Pacers,114,118
858442,2023-03-22,2022,False,Milwaukee Bucks,San Antonio Spurs,130,94
858443,2023-03-22,2022,False,Memphis Grizzlies,Houston Rockets,130,125
858444,2023-03-22,2022,False,Dallas Mavericks,Golden State Warriors,125,127
858445,2023-03-22,2022,False,Chicago Bulls,Philadelphia 76ers,91,116
858446,2023-03-22,2022,False,Minnesota Timberwolves,Atlanta Hawks,125,124
858447,2023-03-23,2022,False,Orlando Magic,New York Knicks,111,106
858448,2023-03-23,2022,False,New Orleans Pelicans,Charlotte Hornets,115,96
858449,2023-03-23,2022,False,LA Clippers,Oklahoma City Thunder,127,105
858450,2023-03-23,2022,False,Brooklyn Nets,Cleveland Cavaliers,114,116
858451,2023-03-24,2022,False,Los Angeles Lakers,Oklahoma City Thunder,116,111
858452,2023-03-24,2022,False,Portland Trail Blazers,Chicago Bulls,96,124
858453,2023-03-24,2022,False,Toronto Raptors,Detroit Pistons,118,97
858454,2023-03-24,2022,False,Golden State Warriors,Philadelphia 76ers,120,112
858455,2023-03-24,2022,False,Dallas Mavericks,Charlotte Hornets,109,117
858456,2023-03-24,2022,False,Memphis Grizzlies,Houston Rockets,151,114
858457,2023-03-24,2022,False,Boston Celtics,Indiana Pacers,120,95
858458,2023-03-24,2022,False,Utah Jazz,Milwaukee Bucks,116,144
858459,2023-03-24,2022,False,Washington Wizards,San Antonio Spurs,136,124
858460,2023-03-24,2022,False,Sacramento Kings,Phoenix Suns,135,127
858461,2023-03-25,2022,False,Atlanta Hawks,Indiana Pacers,143,130
858462,2023-03-25,2022,False,Phoenix Suns,Philadelphia 76ers,125,105
858463,2023-03-25,2022,False,Denver Nuggets,Milwaukee Bucks,129,106
858464,2023-03-25,2022,False,LA Clippers,New Orleans Pelicans,110,131
858465,2023-03-25,2022,False,Sacramento Kings,Utah Jazz,121,113
858466,2023-03-25,2022,False,Miami Heat,Brooklyn Nets,100,129
858467,2023-03-26,2022,False,Golden State Warriors,Minnesota Timberwolves,96,99
858468,2023-03-26,2022,False,Boston Celtics,San Antonio Spurs,137,93
858469,2023-03-26,2022,False,Orlando Magic,Brooklyn Nets,119,106
858470,2023-03-26,2022,False,Los Angeles Lakers,Chicago Bulls,108,118
858471,2023-03-26,2022,False,Charlotte Hornets,Dallas Mavericks,110,104
858472,2023-03-26,2022,False,Cleveland Cavaliers,Houston Rockets,108,91
858473,2023-03-26,2022,False,Toronto Raptors,Washington Wizards,114,104
858474,2023-03-26,2022,False,Atlanta Hawks,Memphis Grizzlies,119,123
858475,2023-03-26,2022,False,Portland Trail Blazers,Oklahoma City Thunder,112,118
858476,2023-03-27,2022,False,Detroit Pistons,Milwaukee Bucks,117,126
858477,2023-03-27,2022,False,Denver Nuggets,Philadelphia 76ers,116,111
858478,2023-03-27,2022,False,Sacramento Kings,Minnesota Timberwolves,115,119
858479,2023-03-27,2022,False,New York Knicks,Houston Rockets,137,115
858480,2023-03-27,2022,False,Utah Jazz,Phoenix Suns,103,117
858481,2023-03-27,2022,False,Portland Trail Blazers,New Orleans Pelicans,90,124
858482,2023-03-27,2022,False,LA Clippers,Chicago Bulls,124,112
858483,2023-03-27,2022,False,Indiana Pacers,Dallas Mavericks,104,127
858484,2023-03-28,2022,False,Atlanta Hawks,Cleveland Cavaliers,120,118
858485,2023-03-28,2022,False,Toronto Raptors,Miami Heat,106,92
858486,2023-03-28,2022,False,Golden State Warriors,New Orleans Pelicans,120,109
858487,2023-03-28,2022,False,Washington Wizards,Boston Celtics,130,111
858488,2023-03-28,2022,False,Oklahoma City Thunder,Charlotte Hornets,134,137
858489,2023-03-28,2022,False,Memphis Grizzlies,Orlando Magic,113,108
858490,2023-03-29,2022,False,Phoenix Suns,Minnesota Timberwolves,107,100
858491,2023-03-29,2022,False,Portland Trail Blazers,Sacramento Kings,80,120
858492,2023-03-29,2022,False,Philadelphia 76ers,Dallas Mavericks,116,108
858493,2023-03-29,2022,False,Memphis Grizzlies,LA Clippers,132,141
858494,2023-03-29,2022,False,Indiana Pacers,Milwaukee Bucks,136,149
858495,2023-03-29,2022,False,Oklahoma City Thunder,Detroit Pistons,107,106
858496,2023-03-29,2022,False,Chicago Bulls,Los Angeles Lakers,110,121
858497,2023-03-29,2022,False,New York Knicks,Miami Heat,101,92
858498,2023-03-29,2022,False,Brooklyn Nets,Houston Rockets,123,114
858499,2023-03-29,2022,False,San Antonio Spurs,Utah Jazz,117,128
858500,2023-03-30,2022,False,Denver Nuggets,New Orleans Pelicans,88,107
858501,2023-03-30,2022,False,Milwaukee Bucks,Boston Celtics,99,140
858502,2023-03-31,2022,False,Memphis Grizzlies,LA Clippers,108,94
858503,2023-03-31,2022,False,Minnesota Timberwolves,Los Angeles Lakers,111,123
858504,2023-03-31,2022,False,Cleveland Cavaliers,New York Knicks,116,130
858505,2023-03-31,2022,False,Philadelphia 76ers,Toronto Raptors,117,110
858506,2023-03-31,2022,False,Boston Celtics,Utah Jazz,122,114
858507,2023-03-31,2022,False,Houston Rockets,Detroit Pistons,121,115
858508,2023-03-31,2022,False,Brooklyn Nets,Atlanta Hawks,124,107
858509,2023-03-31,2022,False,Indiana Pacers,Oklahoma City Thunder,121,117
858510,2023-03-31,2022,False,Charlotte Hornets,Chicago Bulls,91,121
858511,2023-03-31,2022,False,Washington Wizards,Orlando Magic,109,116
858512,2023-03-31,2022,False,Golden State Warriors,San Antonio Spurs,130,115
858513,2023-03-31,2022,False,Portland Trail Blazers,Sacramento Kings,114,138
858514,2023-03-31,2022,False,Phoenix Suns,Denver Nuggets,100,93
858515,2023-04-01,2022,False,New Orleans Pelicans,LA Clippers,122,114
858516,2023-04-01,2022,False,Miami Heat,Dallas Mavericks,129,122
858517,2023-04-02,2022,False,Chicago Bulls,Memphis Grizzlies,128,107
858518,2023-04-02,2022,False,Houston Rockets,Los Angeles Lakers,109,134
858519,2023-04-02,2022,False,Brooklyn Nets,Utah Jazz,111,110
858520,2023-04-02,2022,False,Charlotte Hornets,Toronto Raptors,108,128
858521,2023-04-02,2022,False,New York Knicks,Washington Wizards,118,109
858522,2023-04-02,2022,False,Oklahoma City Thunder,Phoenix Suns,118,128
858523,2023-04-02,2022,False,Minnesota Timberwolves,Portland Trail Blazers,105,107
858524,2023-04-02,2022,False,Atlanta Hawks,Dallas Mavericks,132,130
858525,2023-04-02,2022,False,Sacramento Kings,San Antonio Spurs,134,142
858526,2023-04-02,2022,False,Orlando Magic,Detroit Pistons,128,102
858527,2023-04-02,2022,False,Cleveland Cavaliers,Indiana Pacers,115,105
858528,2023-04-02,2022,False,Milwaukee Bucks,Philadelphia 76ers,117,104
858529,2023-04-02,2022,False,Denver Nuggets,Golden State Warriors,112,110
858530,2023-04-04,2022,False,Houston Rockets,Denver Nuggets,124,103
858531,2023-04-04,2022,False,Orlando Magic,Cleveland Cavaliers,113,117
858532,2023-04-04,2022,False,Detroit Pistons,Miami Heat,105,118
858533,2023-04-04,2022,False,Charlotte Hornets,Toronto Raptors,100,120
858534,2023-04-04,2022,False,Chicago Bulls,Atlanta Hawks,105,123
858535,2023-04-04,2022,False,Philadelphia 76ers,Boston Celtics,103,101
858536,2023-04-04,2022,False,Brooklyn Nets,Minnesota Timberwolves,102,107
858537,2023-04-04,2022,False,New Orleans Pelicans,Sacramento Kings,103,121
858538,2023-04-04,2022,False,Memphis Grizzlies,Portland Trail Blazers,119,109
858539,2023-04-04,2022,False,Washington Wizards,Milwaukee Bucks,128,140
858540,2023-04-04,2022,False,Utah Jazz,Los Angeles Lakers,133,135
858541,2023-04-04,2022,False,Golden State Warriors,Oklahoma City Thunder,136,125
858542,2023-04-04,2022,False,Phoenix Suns,San Antonio Spurs,115,94
858543,2023-04-05,2022,False,Detroit Pistons,Brooklyn Nets,108,123
858544,2023-04-05,2022,False,Atlanta Hawks,Washington Wizards,134,116
858545,2023-04-05,2022,False,Boston Celtics,Toronto Raptors,97,93
858546,2023-04-05,2022,False,New Orleans Pelicans,Memphis Grizzlies,138,131
858547,2023-04-05,2022,False,Indiana Pacers,New York Knicks,129,138
858548,2023-04-05,2022,False,Dallas Mavericks,Sacramento Kings,123,119
858549,2023-04-05,2022,False,LA Clippers,Los Angeles Lakers,125,118
858550,2023-04-05,2022,False,Milwaukee Bucks,Chicago Bulls,105,92
858551,2023-04-06,2022,False,Utah Jazz,Oklahoma City Thunder,98,114
858552,2023-04-06,2022,False,Phoenix Suns,Denver Nuggets,119,115
858553,2023-04-06,2022,False,San Antonio Spurs,Portland Trail Blazers,129,127
858554,2023-04-06,2022,False,Orlando Magic,Cleveland Cavaliers,94,118
858555,2023-04-06,2022,False,Philadelphia 76ers,Miami Heat,101,129
858556,2023-04-07,2022,False,Milwaukee Bucks,Memphis Grizzlies,114,137
858557,2023-04-07,2022,False,New Orleans Pelicans,New York Knicks,113,105
858558,2023-04-07,2022,False,Atlanta Hawks,Philadelphia 76ers,131,136
858559,2023-04-07,2022,False,Dallas Mavericks,Chicago Bulls,112,115
858560,2023-04-07,2022,False,Boston Celtics,Toronto Raptors,121,102
858561,2023-04-07,2022,False,Washington Wizards,Miami Heat,114,108
858562,2023-04-07,2022,False,Charlotte Hornets,Houston Rockets,109,112
858563,2023-04-07,2022,False,Sacramento Kings,Golden State Warriors,97,119
858564,2023-04-07,2022,False,Brooklyn Nets,Orlando Magic,101,84
858565,2023-04-07,2022,False,Indiana Pacers,Detroit Pistons,115,122
858566,2023-04-07,2022,False,Los Angeles Lakers,Phoenix Suns,121,107
858567,2023-04-08,2022,False,Utah Jazz,Denver Nuggets,118,114
858568,2023-04-08,2022,False,San Antonio Spurs,Minnesota Timberwolves,131,151
858569,2023-04-08,2022,False,LA Clippers,Portland Trail Blazers,136,125
858570,2023-04-09,2022,False,Cleveland Cavaliers,Charlotte Hornets,95,106
858571,2023-04-09,2022,False,Dallas Mavericks,San Antonio Spurs,117,138
858572,2023-04-09,2022,False,Miami Heat,Orlando Magic,123,110
858573,2023-04-09,2022,False,Toronto Raptors,Milwaukee Bucks,121,105
858574,2023-04-09,2022,False,Boston Celtics,Atlanta Hawks,120,114
858575,2023-04-09,2022,False,Chicago Bulls,Detroit Pistons,103,81
858576,2023-04-09,2022,False,Washington Wizards,Houston Rockets,109,114
858577,2023-04-09,2022,False,Brooklyn Nets,Philadelphia 76ers,105,134
858578,2023-04-09,2022,False,Minnesota Timberwolves,New Orleans Pelicans,113,108
858579,2023-04-09,2022,False,New York Knicks,Indiana Pacers,136,141
858580,2023-04-09,2022,False,Oklahoma City Thunder,Memphis Grizzlies,115,100
858581,2023-04-09,2022,False,Denver Nuggets,Sacramento Kings,109,95
858582,2023-04-09,2022,False,Portland Trail Blazers,Golden State Warriors,101,157
858583,2023-04-09,2022,False,Los Angeles Lakers,Utah Jazz,128,117
858584,2023-04-09,2022,False,Phoenix Suns,LA Clippers,114,119
890550,2023-04-11,2022,False,Miami Heat,Atlanta Hawks,105,116
890551,2023-04-11,2022,False,Los Angeles Lakers,Minnesota Timberwolves,108,102
890552,2023-04-12,2022,False,Toronto Raptors,Chicago Bulls,105,109
890553,2023-04-12,2022,False,New Orleans Pelicans,Oklahoma City Thunder,118,123
894221,2023-04-14,2022,False,Miami Heat,Chicago Bulls,102,91
894953,2023-04-14,2022,False,Minnesota Timberwolves,Oklahoma City Thunder,120,95
890554,2023-04-15,2022,True,Philadelphia 76ers,Brooklyn Nets,121,101
890555,2023-04-15,2022,True,Cleveland Cavaliers,New York Knicks,97,101
890556,2023-04-15,2022,True,Sacramento Kings,Golden State Warriors,126,123
891700,2023-04-15,2022,True,Boston Celtics,Atlanta Hawks,112,99
890557,2023-04-16,2022,True,Phoenix Suns,LA Clippers,110,115
891774,2023-04-16,2022,True,Memphis Grizzlies,Los Angeles Lakers,112,128
906726,2023-04-16,2022,True,Milwaukee Bucks,Miami Heat,117,130
907511,2023-04-16,2022,True,Denver Nuggets,Minnesota Timberwolves,109,80
892493,2023-04-17,2022,True,Philadelphia 76ers,Brooklyn Nets,96,84
892494,2023-04-17,2022,True,Sacramento Kings,Golden State Warriors,114,106
892495,2023-04-18,2022,True,Boston Celtics,Atlanta Hawks,119,106
892496,2023-04-18,2022,True,Cleveland Cavaliers,New York Knicks,107,90
892497,2023-04-18,2022,True,Phoenix Suns,LA Clippers,123,109
892498,2023-04-19,2022,True,Memphis Grizzlies,Los Angeles Lakers,103,93
906734,2023-04-19,2022,True,Milwaukee Bucks,Miami Heat,138,122
907520,2023-04-19,2022,True,Denver Nuggets,Minnesota Timberwolves,122,113
892499,2023-04-20,2022,True,Brooklyn Nets,Philadelphia 76ers,97,102
892500,2023-04-20,2022,True,Golden State Warriors,Sacramento Kings,114,97
892501,2023-04-20,2022,True,LA Clippers,Phoenix Suns,124,129
892502,2023-04-21,2022,True,Atlanta Hawks,Boston Celtics,130,122
892503,2023-04-21,2022,True,New York Knicks,Cleveland Cavaliers,99,79
907527,2023-04-21,2022,True,Minnesota Timberwolves,Denver Nuggets,111,120
892504,2023-04-22,2022,True,Brooklyn Nets,Philadelphia 76ers,88,96
892505,2023-04-22,2022,True,Los Angeles Lakers,Memphis Grizzlies,111,101
892506,2023-04-22,2022,True,LA Clippers,Phoenix Suns,100,112
906741,2023-04-22,2022,True,Miami Heat,Milwaukee Bucks,121,99
892507,2023-04-23,2022,True,Atlanta Hawks,Boston Celtics,121,129
892508,2023-04-23,2022,True,New York Knicks,Cleveland Cavaliers,102,93
892509,2023-04-23,2022,True,Golden State Warriors,Sacramento Kings,126,125
907534,2023-04-23,2022,True,Minnesota Timberwolves,Denver Nuggets,114,108
892511,2023-04-24,2022,True,Los Angeles Lakers,Memphis Grizzlies,117,111
906748,2023-04-24,2022,True,Miami Heat,Milwaukee Bucks,119,114
892512,2023-04-25,2022,True,Boston Celtics,Atlanta Hawks,117,119
892513,2023-04-25,2022,True,Phoenix Suns,LA Clippers,136,130
907540,2023-04-25,2022,True,Denver Nuggets,Minnesota Timberwolves,112,109
892514,2023-04-26,2022,True,Cleveland Cavaliers,New York Knicks,95,106
892515,2023-04-26,2022,True,Memphis Grizzlies,Los Angeles Lakers,116,99
892516,2023-04-26,2022,True,Sacramento Kings,Golden State Warriors,116,123
906753,2023-04-26,2022,True,Milwaukee Bucks,Miami Heat,126,128
892517,2023-04-27,2022,True,Atlanta Hawks,Boston Celtics,120,128
892521,2023-04-28,2022,True,Los Angeles Lakers,Memphis Grizzlies,125,85
892522,2023-04-28,2022,True,Golden State Warriors,Sacramento Kings,99,118
967800,2023-04-29,2022,True,Denver Nuggets,Phoenix Suns,125,107
892528,2023-04-30,2022,True,Sacramento Kings,Golden State Warriors,100,120
970431,2023-04-30,2022,True,New York Knicks,Miami Heat,101,108
967805,2023-05-01,2022,True,Denver Nuggets,Phoenix Suns,97,87
972853,2023-05-01,2022,True,Boston Celtics,Philadelphia 76ers,115,119
970433,2023-05-02,2022,True,New York Knicks,Miami Heat,111,105
981609,2023-05-02,2022,True,Golden State Warriors,Los Angeles Lakers,112,117
972856,2023-05-03,2022,True,Boston Celtics,Philadelphia 76ers,121,87
981611,2023-05-04,2022,True,Golden State Warriors,Los Angeles Lakers,127,100
967806,2023-05-05,2022,True,Phoenix Suns,Denver Nuggets,121,114
972857,2023-05-05,2022,True,Philadelphia 76ers,Boston Celtics,102,114
970435,2023-05-06,2022,True,Miami Heat,New York Knicks,105,86
981615,2023-05-06,2022,True,Los Angeles Lakers,Golden State Warriors,127,97
967807,2023-05-07,2022,True,Phoenix Suns,Denver Nuggets,129,124
972860,2023-05-07,2022,True,Philadelphia 76ers,Boston Celtics,116,115
970437,2023-05-08,2022,True,Miami Heat,New York Knicks,109,101
981619,2023-05-08,2022,True,Los Angeles Lakers,Golden State Warriors,104,101
967808,2023-05-09,2022,True,Denver Nuggets,Phoenix Suns,118,102
972863,2023-05-09,2022,True,Boston Celtics,Philadelphia 76ers,103,115
970439,2023-05-10,2022,True,New York Knicks,Miami Heat,112,103
981623,2023-05-10,2022,True,Golden State Warriors,Los Angeles Lakers,121,106
967809,2023-05-11,2022,True,Phoenix Suns,Denver Nuggets,100,125
972866,2023-05-11,2022,True,Philadelphia 76ers,Boston Celtics,86,95
970441,2023-05-12,2022,True,Miami Heat,New York Knicks,96,92
981627,2023-05-12,2022,True,Los Angeles Lakers,Golden State Warriors,122,101
972869,2023-05-14,2022,True,Boston Celtics,Philadelphia 76ers,112,88
1007815,2023-05-16,2022,True,Denver Nuggets,Los Angeles Lakers,132,126
1007816,2023-05-17,2022,True,Boston Celtics,Miami Heat,116,123
1007817,2023-05-18,2022,True,Denver Nuggets,Los Angeles Lakers,108,103
1007818,2023-05-19,2022,True,Boston Celtics,Miami Heat,105,111
1007819,2023-05-20,2022,True,Los Angeles Lakers,Denver Nuggets,108,119
1007820,2023-05-21,2022,True,Miami Heat,Boston Celtics,128,102
1007821,2023-05-22,2022,True,Los Angeles Lakers,Denver Nuggets,111,113
1007822,2023-05-23,2022,True,Miami Heat,Boston Celtics,99,116
1007824,2023-05-25,2022,True,Boston Celtics,Miami Heat,110,97
1007826,2023-05-27,2022,True,Miami Heat,Boston Celtics,103,104
1007828,2023-05-29,2022,True,Boston Celtics,Miami Heat,84,103
1011165,2023-06-01,2022,True,Denver Nuggets,Miami Heat,104,93
1011166,2023-06-04,2022,True,Denver Nuggets,Miami Heat,108,111
1011167,2023-06-07,2022,True,Miami Heat,Denver Nuggets,94,109
1011168,2023-06-09,2022,True,Miami Heat,Denver Nuggets,95,108
1011169,2023-06-12,2022,True,Denver Nuggets,Miami Heat,94,89
1037593,2023-10-24,2023,False,Denver Nuggets,Los Angeles Lakers,119,107
1037594,2023-10-24,2023,False,Golden State Warriors,Phoenix Suns,104,108
1037595,2023-10-25,2023,False,Charlotte Hornets,Atlanta Hawks,116,110
1037596,2023-10-25,2023,False,Indiana Pacers,Washington Wizards,143,120
1037597,2023-10-25,2023,False,New York Knicks,Boston Celtics,104,108
1037598,2023-10-25,2023,False,Orlando Magic,Houston Rockets,116,86
1037599,2023-10-25,2023,False,Brooklyn Nets,Cleveland Cavaliers,113,114
1037600,2023-10-25,2023,False,Miami Heat,Detroit Pistons,103,102
1037601,2023-10-25,2023,False,Toronto Raptors,Minnesota Timberwolves,97,94
1037602,2023-10-25,2023,False,Chicago Bulls,Oklahoma City Thunder,104,124
1037603,2023-10-25,2023,False,Memphis Grizzlies,New Orleans Pelicans,104,111
1037604,2023-10-25,2023,False,Utah Jazz,Sacramento Kings,114,130
1037605,2023-10-25,2023,False,San Antonio Spurs,Dallas Mavericks,119,126
1037606,2023-10-25,2023,False,LA Clippers,Portland Trail Blazers,123,111
1037607,2023-10-26,2023,False,Milwaukee Bucks,Philadelphia 76ers,118,117
1037608,2023-10-26,2023,False,Los Angeles Lakers,Phoenix Suns,100,95
1037609,2023-10-27,2023,False,Charlotte Hornets,Detroit Pistons,99,111
1037610,2023-10-27,2023,False,Memphis Grizzlies,Denver Nuggets,104,108
1037611,2023-10-27,2023,False,Atlanta Hawks,New York Knicks,120,126
1037612,2023-10-27,2023,False,Boston Celtics,Miami Heat,119,111
1037613,2023-10-27,2023,False,Cleveland Cavaliers,Oklahoma City Thunder,105,108
1037614,2023-10-27,2023,False,Chicago Bulls,Toronto Raptors,104,103
1037615,2023-10-27,2023,False,San Antonio Spurs,Houston Rockets,126,122
1037616,2023-10-27,2023,False,Dallas Mavericks,Brooklyn Nets,125,120
1037617,2023-10-27,2023,False,Utah Jazz,LA Clippers,120,118
1037618,2023-10-27,2023,False,Portland Trail Blazers,Orlando Magic,97,102
1037619,2023-10-27,2023,False,Sacramento Kings,Golden State Warriors,114,122
1037620,2023-10-28,2023,False,Detroit Pistons,Chicago Bulls,118,102
1037621,2023-10-28,2023,False,Washington Wizards,Memphis Grizzlies,113,106
1037622,2023-10-28,2023,False,New Orleans Pelicans,New York Knicks,96,87
1037623,2023-10-28,2023,False,Cleveland Cavaliers,Indiana Pacers,113,125
1037624,2023-10-28,2023,False,Toronto Raptors,Philadelphia 76ers,107,114
1037625,2023-10-28,2023,False,Minnesota Timberwolves,Miami Heat,106,90
1037626,2023-10-28,2023,False,Phoenix Suns,Utah Jazz,126,104
1037627,2023-10-29,2023,False,Oklahoma City Thunder,Denver Nuggets,95,128
1037628,2023-10-29,2023,False,Houston Rockets,Golden State Warriors,95,106
1037629,2023-10-29,2023,False,Milwaukee Bucks,Atlanta Hawks,110,127
1037630,2023-10-29,2023,False,Philadelphia 76ers,Portland Trail Blazers,126,98
1037631,2023-10-29,2023,False,LA Clippers,San Antonio Spurs,123,83
1037632,2023-10-29,2023,False,Sacramento Kings,Los Angeles Lakers,132,127
1037633,2023-10-30,2023,False,Charlotte Hornets,Brooklyn Nets,121,133
1037634,2023-10-30,2023,False,Indiana Pacers,Chicago Bulls,105,112
1037635,2023-10-30,2023,False,Washington Wizards,Boston Celtics,107,126
1037636,2023-10-30,2023,False,Atlanta Hawks,Minnesota Timberwolves,127,113
1037637,2023-10-30,2023,False,Toronto Raptors,Portland Trail Blazers,91,99
1037638,2023-10-30,2023,False,Memphis Grizzlies,Dallas Mavericks,110,125
1037639,2023-10-30,2023,False,Milwaukee Bucks,Miami Heat,122,114
1037640,2023-10-30,2023,False,New Orleans Pelicans,Golden State Warriors,102,130
1037641,2023-10-30,2023,False,Oklahoma City Thunder,Detroit Pistons,124,112
1037642,2023-10-30,2023,False,Denver Nuggets,Utah Jazz,110,102
1037643,2023-10-30,2023,False,Los Angeles Lakers,Orlando Magic,106,103
1037644,2023-10-31,2023,False,Cleveland Cavaliers,New York Knicks,91,109
1037645,2023-10-31,2023,False,Phoenix Suns,San Antonio Spurs,114,115
1037646,2023-10-31,2023,False,LA Clippers,Orlando Magic,118,102
1037647,2023-11-01,2023,False,Detroit Pistons,Portland Trail Blazers,101,110
1037648,2023-11-01,2023,False,Toronto Raptors,Milwaukee Bucks,130,111
1037649,2023-11-01,2023,False,Atlanta Hawks,Washington Wizards,130,121
1037650,2023-11-01,2023,False,Boston Celtics,Indiana Pacers,155,104
1037651,2023-11-01,2023,False,Miami Heat,Brooklyn Nets,105,109
1037652,2023-11-01,2023,False,New York Knicks,Cleveland Cavaliers,89,95
1037653,2023-11-01,2023,False,Oklahoma City Thunder,New Orleans Pelicans,106,110
1037654,2023-11-01,2023,False,Houston Rockets,Charlotte Hornets,128,119
1037655,2023-11-01,2023,False,Minnesota Timberwolves,Denver Nuggets,110,89
1037656,2023-11-01,2023,False,Dallas Mavericks,Chicago Bulls,114,105
1037657,2023-11-01,2023,False,Utah Jazz,Memphis Grizzlies,133,109
1037658,2023-11-01,2023,False,Golden State Warriors,Sacramento Kings,102,101
1037659,2023-11-01,2023,False,Los Angeles Lakers,LA Clippers,130,125
1037660,2023-11-02,2023,False,Philadelphia 76ers,Toronto Raptors,114,99
1037661,2023-11-02,2023,False,New Orleans Pelicans,Detroit Pistons,125,116
1037662,2023-11-02,2023,False,Utah Jazz,Orlando Magic,113,115
1037663,2023-11-02,2023,False,Phoenix Suns,San Antonio Spurs,121,132
3277349,2023-11-03,2023,False,Indiana Pacers,Cleveland Cavaliers,121,116
3277350,2023-11-03,2023,False,Milwaukee Bucks,New York Knicks,110,105
3277351,2023-11-03,2023,False,Miami Heat,Washington Wizards,121,114
3277352,2023-11-03,2023,False,Chicago Bulls,Brooklyn Nets,107,109
3277353,2023-11-03,2023,False,Oklahoma City Thunder,Golden State Warriors,139,141
3277354,2023-11-03,2023,False,Denver Nuggets,Dallas Mavericks,125,114
3277355,2023-11-03,2023,False,Portland Trail Blazers,Memphis Grizzlies,115,113
1037671,2023-11-04,2023,False,Philadelphia 76ers,Phoenix Suns,112,100
1037672,2023-11-04,2023,False,Indiana Pacers,Charlotte Hornets,124,125
1037673,2023-11-04,2023,False,Orlando Magic,Los Angeles Lakers,120,101
1037674,2023-11-04,2023,False,New Orleans Pelicans,Atlanta Hawks,105,123
1037675,2023-11-04,2023,False,Brooklyn Nets,Boston Celtics,114,124
1037676,2023-11-04,2023,False,Houston Rockets,Sacramento Kings,107,89
1037677,2023-11-04,2023,False,Minnesota Timberwolves,Utah Jazz,123,95
1037678,2023-11-04,2023,False,Denver Nuggets,Chicago Bulls,123,101
1037679,2023-11-05,2023,False,Detroit Pistons,Phoenix Suns,106,120
1037680,2023-11-05,2023,False,San Antonio Spurs,Toronto Raptors,116,123
1037681,2023-11-05,2023,False,Cleveland Cavaliers,Golden State Warriors,115,104
1037682,2023-11-05,2023,False,Dallas Mavericks,Charlotte Hornets,124,118
1037683,2023-11-05,2023,False,Portland Trail Blazers,Memphis Grizzlies,100,112
1037684,2023-11-06,2023,False,Detroit Pistons,Golden State Warriors,109,120
1037685,2023-11-06,2023,False,Indiana Pacers,San Antonio Spurs,152,111
1037686,2023-11-06,2023,False,Orlando Magic,Dallas Mavericks,102,117
1037687,2023-11-06,2023,False,Philadelphia 76ers,Washington Wizards,146,128
1037688,2023-11-06,2023,False,Brooklyn Nets,Milwaukee Bucks,125,129
1037689,2023-11-06,2023,False,Miami Heat,Los Angeles Lakers,108,107
1037690,2023-11-06,2023,False,New York Knicks,LA Clippers,111,97
1037691,2023-11-06,2023,False,Chicago Bulls,Utah Jazz,130,113
1037692,2023-11-06,2023,False,Houston Rockets,Sacramento Kings,122,97
1037693,2023-11-06,2023,False,Minnesota Timberwolves,Boston Celtics,114,109
1037694,2023-11-06,2023,False,Oklahoma City Thunder,Atlanta Hawks,126,117
1037695,2023-11-06,2023,False,Denver Nuggets,New Orleans Pelicans,134,116
1037696,2023-11-08,2023,False,Charlotte Hornets,Washington Wizards,116,132
1037697,2023-11-08,2023,False,Indiana Pacers,Utah Jazz,134,118
1037698,2023-11-08,2023,False,Philadelphia 76ers,Boston Celtics,106,103
1037699,2023-11-08,2023,False,Brooklyn Nets,LA Clippers,100,93
1037700,2023-11-08,2023,False,New York Knicks,San Antonio Spurs,126,105
1037701,2023-11-08,2023,False,Chicago Bulls,Phoenix Suns,115,116
1037702,2023-11-08,2023,False,Houston Rockets,Los Angeles Lakers,128,94
1037703,2023-11-08,2023,False,Memphis Grizzlies,Miami Heat,102,108
1037704,2023-11-08,2023,False,Milwaukee Bucks,Detroit Pistons,120,118
1037705,2023-11-08,2023,False,Minnesota Timberwolves,New Orleans Pelicans,122,101
1037706,2023-11-08,2023,False,Oklahoma City Thunder,Cleveland Cavaliers,128,120
1037707,2023-11-08,2023,False,Dallas Mavericks,Toronto Raptors,116,127
1037708,2023-11-08,2023,False,Denver Nuggets,Golden State Warriors,108,105
1037709,2023-11-08,2023,False,Sacramento Kings,Portland Trail Blazers,121,118
1037710,2023-11-09,2023,False,Indiana Pacers,Milwaukee Bucks,126,124
1037711,2023-11-09,2023,False,Orlando Magic,Atlanta Hawks,119,120
3277397,2023-11-10,2023,False,Detroit Pistons,Philadelphia 76ers,106,114
3277398,2023-11-10,2023,False,Washington Wizards,Charlotte Hornets,117,124
3277399,2023-11-10,2023,False,Boston Celtics,Brooklyn Nets,121,107
3277400,2023-11-10,2023,False,Houston Rockets,New Orleans Pelicans,104,101
3277401,2023-11-10,2023,False,Memphis Grizzlies,Utah Jazz,121,127
3277402,2023-11-10,2023,False,San Antonio Spurs,Minnesota Timberwolves,110,117
3277403,2023-11-10,2023,False,Dallas Mavericks,LA Clippers,144,126
3277404,2023-11-10,2023,False,Phoenix Suns,Los Angeles Lakers,119,122
3277405,2023-11-10,2023,False,Sacramento Kings,Oklahoma City Thunder,105,98
1037721,2023-11-11,2023,False,Orlando Magic,Milwaukee Bucks,112,97
1037722,2023-11-11,2023,False,Boston Celtics,Toronto Raptors,117,94
1037723,2023-11-11,2023,False,Atlanta Hawks,Miami Heat,109,117
1037724,2023-11-11,2023,False,Golden State Warriors,Cleveland Cavaliers,110,118
1037725,2023-11-12,2023,False,New York Knicks,Charlotte Hornets,129,107
1037726,2023-11-12,2023,False,Brooklyn Nets,Washington Wizards,102,94
1037727,2023-11-12,2023,False,LA Clippers,Memphis Grizzlies,101,105
1037728,2023-11-12,2023,False,Philadelphia 76ers,Indiana Pacers,137,126
1037729,2023-11-12,2023,False,Chicago Bulls,Detroit Pistons,119,108
1037730,2023-11-12,2023,False,Houston Rockets,Denver Nuggets,107,104
1037731,2023-11-12,2023,False,New Orleans Pelicans,Dallas Mavericks,124,136
1037732,2023-11-12,2023,False,San Antonio Spurs,Miami Heat,113,118
1037733,2023-11-12,2023,False,Phoenix Suns,Oklahoma City Thunder,99,111
1037734,2023-11-12,2023,False,Golden State Warriors,Minnesota Timberwolves,110,116
1037735,2023-11-12,2023,False,Los Angeles Lakers,Portland Trail Blazers,116,110
1037736,2023-11-13,2023,False,Boston Celtics,New York Knicks,114,98
1037737,2023-11-13,2023,False,Toronto Raptors,Washington Wizards,111,107
1037738,2023-11-13,2023,False,Milwaukee Bucks,Chicago Bulls,118,109
1037739,2023-11-13,2023,False,Sacramento Kings,Cleveland Cavaliers,132,120
3277425,2023-11-14,2023,False,Charlotte Hornets,Miami Heat,105,111
3277426,2023-11-14,2023,False,Detroit Pistons,Atlanta Hawks,120,126
3277427,2023-11-14,2023,False,Philadelphia 76ers,Indiana Pacers,126,132
3277428,2023-11-14,2023,False,Brooklyn Nets,Orlando Magic,124,104
3277429,2023-11-14,2023,False,Oklahoma City Thunder,San Antonio Spurs,123,87
3277430,2023-11-14,2023,False,New Orleans Pelicans,Dallas Mavericks,131,110
3277431,2023-11-14,2023,False,Utah Jazz,Portland Trail Blazers,115,99
3277432,2023-11-14,2023,False,Denver Nuggets,LA Clippers,111,108
3277433,2023-11-14,2023,False,Golden State Warriors,Minnesota Timberwolves,101,104
3277434,2023-11-14,2023,False,Los Angeles Lakers,Memphis Grizzlies,134,107
1037750,2023-11-15,2023,False,Washington Wizards,Dallas Mavericks,117,130
1037751,2023-11-15,2023,False,Atlanta Hawks,New York Knicks,114,116
1037752,2023-11-15,2023,False,Philadelphia 76ers,Boston Celtics,107,117
1037753,2023-11-15,2023,False,Toronto Raptors,Milwaukee Bucks,112,128
1037754,2023-11-15,2023,False,Chicago Bulls,Orlando Magic,94,96
1037755,2023-11-15,2023,False,Phoenix Suns,Minnesota Timberwolves,133,115
1037756,2023-11-15,2023,False,Los Angeles Lakers,Sacramento Kings,110,125
1037757,2023-11-15,2023,False,Portland Trail Blazers,Cleveland Cavaliers,95,109
1037758,2023-11-16,2023,False,Miami Heat,Brooklyn Nets,122,115
1037759,2023-11-16,2023,False,Golden State Warriors,Oklahoma City Thunder,109,128
3277445,2023-11-17,2023,False,Charlotte Hornets,Milwaukee Bucks,99,130
3277446,2023-11-17,2023,False,Washington Wizards,New York Knicks,99,120
3277447,2023-11-17,2023,False,Atlanta Hawks,Philadelphia 76ers,116,126
3277448,2023-11-17,2023,False,Cleveland Cavaliers,Detroit Pistons,108,100
3277449,2023-11-17,2023,False,Toronto Raptors,Boston Celtics,105,108
3277450,2023-11-17,2023,False,San Antonio Spurs,Sacramento Kings,120,129
3277451,2023-11-17,2023,False,Chicago Bulls,Orlando Magic,97,103
3277452,2023-11-17,2023,False,New Orleans Pelicans,Denver Nuggets,115,110
3277453,2023-11-17,2023,False,Utah Jazz,Phoenix Suns,128,131
3277454,2023-11-17,2023,False,Portland Trail Blazers,Los Angeles Lakers,95,107
3277455,2023-11-17,2023,False,LA Clippers,Houston Rockets,106,100
1037771,2023-11-18,2023,False,Charlotte Hornets,New York Knicks,108,122
1037772,2023-11-18,2023,False,New Orleans Pelicans,Minnesota Timberwolves,120,121
1037773,2023-11-18,2023,False,Chicago Bulls,Miami Heat,102,97
1037774,2023-11-18,2023,False,Milwaukee Bucks,Dallas Mavericks,132,125
1037775,2023-11-18,2023,False,San Antonio Spurs,Memphis Grizzlies,108,120
1037776,2023-11-18,2023,False,Golden State Warriors,Oklahoma City Thunder,123,130
1037777,2023-11-19,2023,False,Brooklyn Nets,Philadelphia 76ers,99,121
1037778,2023-11-19,2023,False,Indiana Pacers,Orlando Magic,116,128
1037779,2023-11-19,2023,False,Cleveland Cavaliers,Denver Nuggets,121,109
1037780,2023-11-19,2023,False,Toronto Raptors,Detroit Pistons,142,113
1037781,2023-11-19,2023,False,Dallas Mavericks,Sacramento Kings,113,129
1037782,2023-11-19,2023,False,Memphis Grizzlies,Boston Celtics,100,102
1037783,2023-11-19,2023,False,Utah Jazz,Phoenix Suns,137,140
1037784,2023-11-19,2023,False,Portland Trail Blazers,Oklahoma City Thunder,91,134
1037785,2023-11-19,2023,False,Los Angeles Lakers,Houston Rockets,105,104
1037786,2023-11-20,2023,False,Charlotte Hornets,Boston Celtics,121,118
1037787,2023-11-20,2023,False,Detroit Pistons,Denver Nuggets,103,107
1037788,2023-11-20,2023,False,Washington Wizards,Milwaukee Bucks,129,142
1037789,2023-11-20,2023,False,Chicago Bulls,Miami Heat,100,118
1037790,2023-11-20,2023,False,Minnesota Timberwolves,New York Knicks,117,100
1037791,2023-11-20,2023,False,New Orleans Pelicans,Sacramento Kings,129,93
1037792,2023-11-20,2023,False,San Antonio Spurs,LA Clippers,99,124
1037793,2023-11-20,2023,False,Golden State Warriors,Houston Rockets,121,116
3277479,2023-11-21,2023,False,Orlando Magic,Toronto Raptors,126,107
3277480,2023-11-21,2023,False,Atlanta Hawks,Indiana Pacers,152,157
3277481,2023-11-21,2023,False,Philadelphia 76ers,Cleveland Cavaliers,119,122
3277482,2023-11-21,2023,False,Phoenix Suns,Portland Trail Blazers,120,107
3277483,2023-11-21,2023,False,Los Angeles Lakers,Utah Jazz,131,99
1037799,2023-11-22,2023,False,Charlotte Hornets,Washington Wizards,117,114
1037800,2023-11-22,2023,False,Orlando Magic,Denver Nuggets,124,119
1037801,2023-11-22,2023,False,Atlanta Hawks,Brooklyn Nets,147,145
1037802,2023-11-22,2023,False,Boston Celtics,Milwaukee Bucks,119,116
1037803,2023-11-22,2023,False,Cleveland Cavaliers,Miami Heat,96,129
1037804,2023-11-22,2023,False,Indiana Pacers,Toronto Raptors,131,132
1037805,2023-11-22,2023,False,Houston Rockets,Memphis Grizzlies,111,91
1037806,2023-11-22,2023,False,Minnesota Timberwolves,Philadelphia 76ers,112,99
1037807,2023-11-22,2023,False,New Orleans Pelicans,Sacramento Kings,117,112
1037808,2023-11-22,2023,False,Oklahoma City Thunder,Chicago Bulls,116,102
1037809,2023-11-22,2023,False,San Antonio Spurs,LA Clippers,102,109
1037810,2023-11-22,2023,False,Phoenix Suns,Golden State Warriors,123,115
1037811,2023-11-22,2023,False,Portland Trail Blazers,Utah Jazz,121,105
1037812,2023-11-22,2023,False,Los Angeles Lakers,Dallas Mavericks,101,104
3277498,2023-11-24,2023,False,Orlando Magic,Boston Celtics,113,96
3277499,2023-11-24,2023,False,Memphis Grizzlies,Phoenix Suns,89,110
3277500,2023-11-24,2023,False,New York Knicks,Miami Heat,100,98
3277501,2023-11-24,2023,False,Toronto Raptors,Chicago Bulls,121,108
3277502,2023-11-24,2023,False,Indiana Pacers,Detroit Pistons,136,113
3277503,2023-11-24,2023,False,Houston Rockets,Denver Nuggets,105,86
3277504,2023-11-24,2023,False,Milwaukee Bucks,Washington Wizards,131,128
3277505,2023-11-24,2023,False,Minnesota Timberwolves,Sacramento Kings,111,124
3277506,2023-11-24,2023,False,Golden State Warriors,San Antonio Spurs,118,112
3277507,2023-11-24,2023,False,LA Clippers,New Orleans Pelicans,106,116
1037823,2023-11-25,2023,False,Oklahoma City Thunder,Philadelphia 76ers,123,127
1037824,2023-11-25,2023,False,Brooklyn Nets,Miami Heat,112,97
1037825,2023-11-25,2023,False,Washington Wizards,Atlanta Hawks,108,136
1037826,2023-11-25,2023,False,Cleveland Cavaliers,Los Angeles Lakers,115,121
1037827,2023-11-25,2023,False,Utah Jazz,New Orleans Pelicans,105,100
1037828,2023-11-25,2023,False,LA Clippers,Dallas Mavericks,107,88
1037829,2023-11-26,2023,False,Milwaukee Bucks,Portland Trail Blazers,108,102
1037830,2023-11-26,2023,False,Boston Celtics,Atlanta Hawks,113,103
1037831,2023-11-26,2023,False,New York Knicks,Phoenix Suns,113,116
1037832,2023-11-26,2023,False,Orlando Magic,Charlotte Hornets,130,117
1037833,2023-11-26,2023,False,Memphis Grizzlies,Minnesota Timberwolves,97,119
1037834,2023-11-26,2023,False,Brooklyn Nets,Chicago Bulls,118,109
1037835,2023-11-26,2023,False,Cleveland Cavaliers,Toronto Raptors,105,102
1037836,2023-11-26,2023,False,Denver Nuggets,San Antonio Spurs,132,120
1037837,2023-11-27,2023,False,Detroit Pistons,Washington Wizards,107,126
1037838,2023-11-27,2023,False,Indiana Pacers,Portland Trail Blazers,110,114
1037839,2023-11-27,2023,False,Philadelphia 76ers,Los Angeles Lakers,138,94
1037840,2023-11-27,2023,False,Utah Jazz,New Orleans Pelicans,114,112
1037841,2023-11-27,2023,False,LA Clippers,Denver Nuggets,104,113
3277527,2023-11-28,2023,False,Boston Celtics,Chicago Bulls,124,97
3277528,2023-11-28,2023,False,Brooklyn Nets,Toronto Raptors,115,103
3277529,2023-11-28,2023,False,Cleveland Cavaliers,Atlanta Hawks,128,105
3277530,2023-11-28,2023,False,Miami Heat,Milwaukee Bucks,124,131
3277531,2023-11-28,2023,False,New York Knicks,Charlotte Hornets,115,91
3277532,2023-11-28,2023,False,Minnesota Timberwolves,Oklahoma City Thunder,106,103
3277533,2023-11-28,2023,False,Dallas Mavericks,Houston Rockets,121,115
3277534,2023-11-28,2023,False,Sacramento Kings,Golden State Warriors,124,123
1037850,2023-11-29,2023,False,Detroit Pistons,Los Angeles Lakers,107,133
1037851,2023-11-29,2023,False,Orlando Magic,Washington Wizards,139,120
1037852,2023-11-29,2023,False,Toronto Raptors,Phoenix Suns,112,105
1037853,2023-11-29,2023,False,Memphis Grizzlies,Utah Jazz,105,91
1037854,2023-11-29,2023,False,New Orleans Pelicans,Philadelphia 76ers,124,114
1037855,2023-11-29,2023,False,Denver Nuggets,Houston Rockets,134,124
1037856,2023-11-29,2023,False,Sacramento Kings,LA Clippers,117,131
1037857,2023-11-30,2023,False,Cleveland Cavaliers,Portland Trail Blazers,95,103
1037858,2023-11-30,2023,False,Brooklyn Nets,Charlotte Hornets,128,129
1037859,2023-11-30,2023,False,Miami Heat,Indiana Pacers,142,132
1037860,2023-11-30,2023,False,New York Knicks,Detroit Pistons,118,112
1037861,2023-11-30,2023,False,Chicago Bulls,Milwaukee Bucks,120,113
1037862,2023-11-30,2023,False,Minnesota Timberwolves,Utah Jazz,101,90
1037863,2023-11-30,2023,False,Oklahoma City Thunder,Los Angeles Lakers,133,110
1037864,2023-11-30,2023,False,San Antonio Spurs,Atlanta Hawks,135,137
1037865,2023-11-30,2023,False,Golden State Warriors,LA Clippers,120,114
1037866,2023-12-01,2023,False,Orlando Magic,Washington Wizards,130,125
1037867,2023-12-01,2023,False,Boston Celtics,Philadelphia 76ers,125,119
1037868,2023-12-01,2023,False,Toronto Raptors,New York Knicks,106,119
1037869,2023-12-01,2023,False,Dallas Mavericks,Memphis Grizzlies,94,108
1037870,2023-12-01,2023,False,New Orleans Pelicans,San Antonio Spurs,121,106
1037871,2023-12-01,2023,False,Phoenix Suns,Denver Nuggets,111,119
1037872,2023-12-02,2023,False,LA Clippers,Golden State Warriors,113,112
1037873,2023-12-02,2023,False,Charlotte Hornets,Minnesota Timberwolves,117,123
1037874,2023-12-02,2023,False,Brooklyn Nets,Orlando Magic,129,101
1037875,2023-12-02,2023,False,Detroit Pistons,Cleveland Cavaliers,101,110
1037876,2023-12-02,2023,False,Miami Heat,Indiana Pacers,129,144
1037877,2023-12-02,2023,False,Chicago Bulls,New Orleans Pelicans,124,118
1037878,2023-12-02,2023,False,Milwaukee Bucks,Atlanta Hawks,132,121
1037879,2023-12-02,2023,False,Dallas Mavericks,Oklahoma City Thunder,120,126
1037880,2023-12-02,2023,False,Phoenix Suns,Memphis Grizzlies,116,109
1037881,2023-12-02,2023,False,Utah Jazz,Portland Trail Blazers,118,113
1037882,2023-12-02,2023,False,Sacramento Kings,Denver Nuggets,123,117
1037883,2023-12-02,2023,False,Los Angeles Lakers,Houston Rockets,107,97
7045521,2023-12-04,2023,False,Indiana Pacers,Boston Celtics,122,112
7045522,2023-12-04,2023,False,Sacramento Kings,New Orleans Pelicans,117,127
7045523,2023-12-05,2023,False,Milwaukee Bucks,New York Knicks,146,122
7045524,2023-12-05,2023,False,Los Angeles Lakers,Phoenix Suns,106,103
7049313,2023-12-06,2023,False,Cleveland Cavaliers,Orlando Magic,121,111
7049314,2023-12-06,2023,False,Detroit Pistons,Memphis Grizzlies,102,116
7049315,2023-12-06,2023,False,Toronto Raptors,Miami Heat,103,112
7049316,2023-12-06,2023,False,Washington Wizards,Philadelphia 76ers,126,131
7049317,2023-12-06,2023,False,Atlanta Hawks,Brooklyn Nets,113,114
7049318,2023-12-06,2023,False,Minnesota Timberwolves,San Antonio Spurs,102,94
7049319,2023-12-06,2023,False,Chicago Bulls,Charlotte Hornets,111,100
7049320,2023-12-06,2023,False,Houston Rockets,Oklahoma City Thunder,110,101
7049321,2023-12-06,2023,False,Dallas Mavericks,Utah Jazz,147,97
7049322,2023-12-06,2023,False,Golden State Warriors,Portland Trail Blazers,110,106
7049323,2023-12-06,2023,False,LA Clippers,Denver Nuggets,111,102
7981414,2023-12-07,2023,False,Milwaukee Bucks,Indiana Pacers,119,128
7996352,2023-12-07,2023,False,Los Angeles Lakers,New Orleans Pelicans,133,89
7050282,2023-12-08,2023,False,Charlotte Hornets,Toronto Raptors,119,116
7050283,2023-12-08,2023,False,Orlando Magic,Detroit Pistons,123,91
7050284,2023-12-08,2023,False,Philadelphia 76ers,Atlanta Hawks,125,114
7050285,2023-12-08,2023,False,Brooklyn Nets,Washington Wizards,124,97
7050286,2023-12-08,2023,False,Miami Heat,Cleveland Cavaliers,99,111
7050287,2023-12-08,2023,False,Memphis Grizzlies,Minnesota Timberwolves,103,127
7050288,2023-12-08,2023,False,Oklahoma City Thunder,Golden State Warriors,138,136
7050289,2023-12-08,2023,False,San Antonio Spurs,Chicago Bulls,112,121
7050290,2023-12-08,2023,False,Denver Nuggets,Houston Rockets,106,114
7050291,2023-12-08,2023,False,Utah Jazz,LA Clippers,103,117
7050292,2023-12-08,2023,False,Portland Trail Blazers,Dallas Mavericks,112,125
7981426,2023-12-08,2023,False,Boston Celtics,New York Knicks,133,123
7996365,2023-12-08,2023,False,Phoenix Suns,Sacramento Kings,106,114
8258317,2023-12-09,2023,False,Los Angeles Lakers,Indiana Pacers,123,109
1037884,2023-12-11,2023,False,Charlotte Hornets,Miami Heat,114,116
1037885,2023-12-11,2023,False,Detroit Pistons,Indiana Pacers,123,131
1037886,2023-12-11,2023,False,Orlando Magic,Cleveland Cavaliers,104,94
1037887,2023-12-11,2023,False,Philadelphia 76ers,Washington Wizards,146,101
1037888,2023-12-11,2023,False,Atlanta Hawks,Denver Nuggets,122,129
1037889,2023-12-11,2023,False,New York Knicks,Toronto Raptors,136,130
1037890,2023-12-11,2023,False,Houston Rockets,San Antonio Spurs,93,82
1037891,2023-12-11,2023,False,Memphis Grizzlies,Dallas Mavericks,113,120
1037892,2023-12-11,2023,False,Milwaukee Bucks,Chicago Bulls,133,129
1037893,2023-12-11,2023,False,New Orleans Pelicans,Minnesota Timberwolves,121,107
1037894,2023-12-11,2023,False,Oklahoma City Thunder,Utah Jazz,134,120
1037895,2023-12-11,2023,False,Sacramento Kings,Brooklyn Nets,131,118
1037896,2023-12-11,2023,False,LA Clippers,Portland Trail Blazers,132,127
1037897,2023-12-12,2023,False,Boston Celtics,Cleveland Cavaliers,120,113
1037898,2023-12-12,2023,False,Dallas Mavericks,Los Angeles Lakers,127,125
1037899,2023-12-12,2023,False,Chicago Bulls,Denver Nuggets,106,114
1037900,2023-12-12,2023,False,Phoenix Suns,Golden State Warriors,119,116
1037901,2023-12-12,2023,False,LA Clippers,Sacramento Kings,119,99
1037902,2023-12-13,2023,False,Detroit Pistons,Philadelphia 76ers,111,129
1037903,2023-12-13,2023,False,Washington Wizards,New Orleans Pelicans,122,142
1037904,2023-12-13,2023,False,Miami Heat,Charlotte Hornets,115,104
1037905,2023-12-13,2023,False,Toronto Raptors,Atlanta Hawks,135,128
1037906,2023-12-13,2023,False,Houston Rockets,Memphis Grizzlies,117,104
1037907,2023-12-13,2023,False,Milwaukee Bucks,Indiana Pacers,140,126
1037908,2023-12-13,2023,False,San Antonio Spurs,Los Angeles Lakers,119,122
1037909,2023-12-13,2023,False,Phoenix Suns,Brooklyn Nets,112,116
1037910,2023-12-13,2023,False,Utah Jazz,New York Knicks,117,113
1037911,2023-12-14,2023,False,Boston Celtics,Cleveland Cavaliers,116,107
1037912,2023-12-14,2023,False,Miami Heat,Chicago Bulls,116,124
1037913,2023-12-14,2023,False,Dallas Mavericks,Minnesota Timberwolves,101,119
1037914,2023-12-14,2023,False,Denver Nuggets,Brooklyn Nets,124,101
1037915,2023-12-14,2023,False,Portland Trail Blazers,Utah Jazz,114,122
1037916,2023-12-14,2023,False,Sacramento Kings,Oklahoma City Thunder,128,123
1037917,2023-12-14,2023,False,LA Clippers,Golden State Warriors,121,113
1037918,2023-12-15,2023,False,Charlotte Hornets,New Orleans Pelicans,107,112
1037919,2023-12-15,2023,False,Philadelphia 76ers,Detroit Pistons,124,92
1037920,2023-12-15,2023,False,Washington Wizards,Indiana Pacers,137,123
1037921,2023-12-15,2023,False,Boston Celtics,Orlando Magic,128,111
1037922,2023-12-15,2023,False,Toronto Raptors,Atlanta Hawks,104,125
1037923,2023-12-15,2023,False,San Antonio Spurs,Los Angeles Lakers,129,115
1037924,2023-12-15,2023,False,Memphis Grizzlies,Houston Rockets,96,103
1037925,2023-12-15,2023,False,Phoenix Suns,New York Knicks,122,139
1037926,2023-12-16,2023,False,Milwaukee Bucks,Detroit Pistons,146,114
1037927,2023-12-16,2023,False,Charlotte Hornets,Philadelphia 76ers,82,135
1037928,2023-12-16,2023,False,Cleveland Cavaliers,Atlanta Hawks,127,119
1037929,2023-12-16,2023,False,Miami Heat,Chicago Bulls,118,116
1037930,2023-12-16,2023,False,Minnesota Timberwolves,Indiana Pacers,127,109
1037931,2023-12-16,2023,False,Golden State Warriors,Brooklyn Nets,124,120
1037932,2023-12-16,2023,False,Denver Nuggets,Oklahoma City Thunder,117,118
1037933,2023-12-16,2023,False,Portland Trail Blazers,Dallas Mavericks,120,131
1037934,2023-12-16,2023,False,Sacramento Kings,Utah Jazz,125,104
1037935,2023-12-16,2023,False,LA Clippers,New York Knicks,144,122
1037936,2023-12-17,2023,False,Boston Celtics,Orlando Magic,114,97
1037937,2023-12-17,2023,False,San Antonio Spurs,New Orleans Pelicans,110,146
1037938,2023-12-17,2023,False,Milwaukee Bucks,Houston Rockets,128,119
1037939,2023-12-17,2023,False,Phoenix Suns,Washington Wizards,112,108
1037940,2023-12-17,2023,False,Portland Trail Blazers,Golden State Warriors,114,118
1037941,2023-12-18,2023,False,Cleveland Cavaliers,Houston Rockets,135,130
1037942,2023-12-18,2023,False,Indiana Pacers,LA Clippers,127,151
1037943,2023-12-18,2023,False,Philadelphia 76ers,Chicago Bulls,104,108
1037944,2023-12-18,2023,False,Atlanta Hawks,Detroit Pistons,130,124
1037945,2023-12-18,2023,False,Miami Heat,Minnesota Timberwolves,108,112
1037946,2023-12-18,2023,False,Toronto Raptors,Charlotte Hornets,114,99
1037947,2023-12-18,2023,False,Oklahoma City Thunder,Memphis Grizzlies,116,97
1037948,2023-12-18,2023,False,Denver Nuggets,Dallas Mavericks,130,104
1037949,2023-12-18,2023,False,Utah Jazz,Brooklyn Nets,125,108
1037950,2023-12-18,2023,False,Sacramento Kings,Washington Wizards,143,131
1037951,2023-12-18,2023,False,Los Angeles Lakers,New York Knicks,109,114
1037952,2023-12-19,2023,False,New Orleans Pelicans,Memphis Grizzlies,113,115
1037953,2023-12-19,2023,False,Milwaukee Bucks,San Antonio Spurs,132,119
1037954,2023-12-19,2023,False,Golden State Warriors,Boston Celtics,132,126
1037955,2023-12-19,2023,False,Portland Trail Blazers,Phoenix Suns,109,104
1037956,2023-12-20,2023,False,Cleveland Cavaliers,Utah Jazz,124,116
1037957,2023-12-20,2023,False,Indiana Pacers,Charlotte Hornets,144,113
1037958,2023-12-20,2023,False,Orlando Magic,Miami Heat,106,115
1037959,2023-12-20,2023,False,Philadelphia 76ers,Minnesota Timberwolves,127,113
1037960,2023-12-20,2023,False,Brooklyn Nets,New York Knicks,102,121
1037961,2023-12-20,2023,False,Toronto Raptors,Denver Nuggets,104,113
1037962,2023-12-20,2023,False,Chicago Bulls,Los Angeles Lakers,124,108
1037963,2023-12-20,2023,False,Houston Rockets,Atlanta Hawks,127,134
1037964,2023-12-20,2023,False,Dallas Mavericks,LA Clippers,111,120
1037965,2023-12-20,2023,False,Sacramento Kings,Boston Celtics,119,144
1037966,2023-12-21,2023,False,Detroit Pistons,Utah Jazz,111,119
1037967,2023-12-21,2023,False,Cleveland Cavaliers,New Orleans Pelicans,104,123
1037968,2023-12-21,2023,False,Chicago Bulls,San Antonio Spurs,114,95
1037969,2023-12-21,2023,False,Memphis Grizzlies,Indiana Pacers,116,103
1037970,2023-12-21,2023,False,Milwaukee Bucks,Orlando Magic,118,114
1037971,2023-12-21,2023,False,Oklahoma City Thunder,LA Clippers,134,115
1037972,2023-12-21,2023,False,Minnesota Timberwolves,Los Angeles Lakers,118,111
1037973,2023-12-21,2023,False,Portland Trail Blazers,Washington Wizards,117,118
1037974,2023-12-22,2023,False,Philadelphia 76ers,Toronto Raptors,121,111
1037975,2023-12-22,2023,False,Brooklyn Nets,Denver Nuggets,117,122
1037976,2023-12-22,2023,False,Miami Heat,Atlanta Hawks,122,113
1037977,2023-12-22,2023,False,Houston Rockets,Dallas Mavericks,122,96
1037978,2023-12-22,2023,False,Golden State Warriors,Washington Wizards,129,118
1037979,2023-12-22,2023,False,Sacramento Kings,Phoenix Suns,120,105
1037980,2023-12-23,2023,False,New York Knicks,Milwaukee Bucks,111,130
1037981,2023-12-23,2023,False,LA Clippers,Boston Celtics,108,145
1037982,2023-12-23,2023,False,Charlotte Hornets,Denver Nuggets,95,102
1037983,2023-12-23,2023,False,Indiana Pacers,Orlando Magic,110,117
1037984,2023-12-23,2023,False,New Orleans Pelicans,Houston Rockets,104,106
1037985,2023-12-23,2023,False,Atlanta Hawks,Memphis Grizzlies,119,125
1037986,2023-12-23,2023,False,Brooklyn Nets,Detroit Pistons,126,115
1037987,2023-12-23,2023,False,Toronto Raptors,Utah Jazz,119,126
1037988,2023-12-23,2023,False,Chicago Bulls,Cleveland Cavaliers,95,109
1037989,2023-12-23,2023,False,Oklahoma City Thunder,Los Angeles Lakers,120,129
1037990,2023-12-23,2023,False,Dallas Mavericks,San Antonio Spurs,144,119
1037991,2023-12-23,2023,False,Golden State Warriors,Portland Trail Blazers,126,106
1037992,2023-12-23,2023,False,Sacramento Kings,Minnesota Timberwolves,98,110
1037993,2023-12-25,2023,False,New York Knicks,Milwaukee Bucks,129,122
1037994,2023-12-25,2023,False,Denver Nuggets,Golden State Warriors,120,114
1037995,2023-12-25,2023,False,Los Angeles Lakers,Boston Celtics,115,126
1037996,2023-12-25,2023,False,Miami Heat,Philadelphia 76ers,119,113
1037997,2023-12-25,2023,False,Phoenix Suns,Dallas Mavericks,114,128
1037998,2023-12-26,2023,False,Detroit Pistons,Brooklyn Nets,112,118
1037999,2023-12-26,2023,False,Washington Wizards,Orlando Magic,119,127
1038000,2023-12-26,2023,False,Chicago Bulls,Atlanta Hawks,118,113
1038001,2023-12-26,2023,False,Houston Rockets,Indiana Pacers,117,123
1038002,2023-12-26,2023,False,New Orleans Pelicans,Memphis Grizzlies,115,116
1038003,2023-12-26,2023,False,Oklahoma City Thunder,Minnesota Timberwolves,129,106
1038004,2023-12-26,2023,False,San Antonio Spurs,Utah Jazz,118,130
1038005,2023-12-26,2023,False,Portland Trail Blazers,Sacramento Kings,130,113
1038006,2023-12-26,2023,False,LA Clippers,Charlotte Hornets,113,104
1038007,2023-12-27,2023,False,Orlando Magic,Philadelphia 76ers,92,112
1038008,2023-12-27,2023,False,Washington Wizards,Toronto Raptors,102,132
1038009,2023-12-27,2023,False,Brooklyn Nets,Milwaukee Bucks,122,144
1038010,2023-12-27,2023,False,Houston Rockets,Phoenix Suns,113,129
1038011,2023-12-27,2023,False,Oklahoma City Thunder,New York Knicks,129,120
1038012,2023-12-27,2023,False,Dallas Mavericks,Cleveland Cavaliers,110,113
1038013,2023-12-28,2023,False,Boston Celtics,Detroit Pistons,128,122
1038014,2023-12-28,2023,False,Chicago Bulls,Indiana Pacers,104,120
1038015,2023-12-28,2023,False,Minnesota Timberwolves,Dallas Mavericks,118,110
1038016,2023-12-28,2023,False,New Orleans Pelicans,Utah Jazz,112,105
1038017,2023-12-28,2023,False,Denver Nuggets,Memphis Grizzlies,142,105
1038018,2023-12-28,2023,False,Golden State Warriors,Miami Heat,102,114
1038019,2023-12-28,2023,False,Portland Trail Blazers,San Antonio Spurs,105,118
1038020,2023-12-28,2023,False,Los Angeles Lakers,Charlotte Hornets,133,112
1038021,2023-12-29,2023,False,Orlando Magic,New York Knicks,117,108
1038022,2023-12-29,2023,False,Washington Wizards,Brooklyn Nets,110,104
1038023,2023-12-29,2023,False,Atlanta Hawks,Sacramento Kings,110,117
1038024,2023-12-29,2023,False,Boston Celtics,Toronto Raptors,120,118
1038025,2023-12-29,2023,False,Cleveland Cavaliers,Milwaukee Bucks,111,119
1038026,2023-12-29,2023,False,Houston Rockets,Philadelphia 76ers,127,131
1038027,2023-12-29,2023,False,Denver Nuggets,Oklahoma City Thunder,93,119
1038028,2023-12-29,2023,False,Phoenix Suns,Charlotte Hornets,133,119
1038029,2023-12-29,2023,False,Portland Trail Blazers,San Antonio Spurs,134,128
1038030,2023-12-29,2023,False,LA Clippers,Memphis Grizzlies,117,106
1038031,2023-12-30,2023,False,Utah Jazz,Miami Heat,117,109
1038032,2023-12-30,2023,False,Detroit Pistons,Toronto Raptors,129,127
1038033,2023-12-30,2023,False,Indiana Pacers,New York Knicks,140,126
1038034,2023-12-30,2023,False,Chicago Bulls,Philadelphia 76ers,105,92
1038035,2023-12-30,2023,False,Minnesota Timberwolves,Los Angeles Lakers,108,106
1038036,2023-12-30,2023,False,Golden State Warriors,Dallas Mavericks,122,132
1038037,2023-12-31,2023,False,Washington Wizards,Atlanta Hawks,126,130
1038038,2023-12-31,2023,False,New Orleans Pelicans,Los Angeles Lakers,129,109
1038039,2023-12-31,2023,False,Oklahoma City Thunder,Brooklyn Nets,124,108
1038040,2023-12-31,2023,False,San Antonio Spurs,Boston Celtics,101,134
1038041,2023-12-31,2023,False,Memphis Grizzlies,Sacramento Kings,92,123
1038042,2023-12-31,2023,False,Phoenix Suns,Orlando Magic,112,107
1038043,2024-01-01,2023,False,New York Knicks,Minnesota Timberwolves,112,106
1038044,2024-01-01,2023,False,Toronto Raptors,Cleveland Cavaliers,124,121
1038045,2024-01-01,2023,False,Houston Rockets,Detroit Pistons,136,113
1038046,2024-01-01,2023,False,Milwaukee Bucks,Indiana Pacers,113,122
1038047,2024-01-01,2023,False,Denver Nuggets,Charlotte Hornets,111,93
1038048,2024-01-01,2023,False,Phoenix Suns,Portland Trail Blazers,109,88
1038049,2024-01-01,2023,False,Utah Jazz,Dallas Mavericks,127,90
1038050,2024-01-01,2023,False,LA Clippers,Miami Heat,121,104
1038051,2024-01-02,2023,False,Philadelphia 76ers,Chicago Bulls,110,97
1038052,2024-01-02,2023,False,Memphis Grizzlies,San Antonio Spurs,106,98
1038053,2024-01-02,2023,False,New Orleans Pelicans,Brooklyn Nets,112,85
1038054,2024-01-02,2023,False,Oklahoma City Thunder,Boston Celtics,127,123
1038055,2024-01-02,2023,False,Golden State Warriors,Orlando Magic,121,115
1038056,2024-01-02,2023,False,Sacramento Kings,Charlotte Hornets,104,111
1038057,2024-01-03,2023,False,Cleveland Cavaliers,Washington Wizards,140,101
1038058,2024-01-03,2023,False,Indiana Pacers,Milwaukee Bucks,142,130
1038059,2024-01-03,2023,False,Atlanta Hawks,Oklahoma City Thunder,141,138
1038060,2024-01-03,2023,False,New York Knicks,Chicago Bulls,116,100
1038061,2024-01-03,2023,False,Houston Rockets,Brooklyn Nets,112,101
1038062,2024-01-03,2023,False,Memphis Grizzlies,Toronto Raptors,111,116
1038063,2024-01-03,2023,False,Minnesota Timberwolves,New Orleans Pelicans,106,117
1038064,2024-01-03,2023,False,Dallas Mavericks,Portland Trail Blazers,126,97
1038065,2024-01-03,2023,False,Phoenix Suns,LA Clippers,122,131
1038066,2024-01-03,2023,False,Utah Jazz,Detroit Pistons,154,148
1038067,2024-01-03,2023,False,Los Angeles Lakers,Miami Heat,96,110
1038068,2024-01-03,2023,False,Sacramento Kings,Orlando Magic,138,135
1038069,2024-01-04,2023,False,San Antonio Spurs,Milwaukee Bucks,121,125
1038070,2024-01-04,2023,False,Golden State Warriors,Denver Nuggets,127,130
1038071,2024-01-05,2023,False,Boston Celtics,Utah Jazz,126,97
1038072,2024-01-05,2023,False,Indiana Pacers,Atlanta Hawks,150,116
1038073,2024-01-05,2023,False,Brooklyn Nets,Oklahoma City Thunder,124,115
1038074,2024-01-05,2023,False,Cleveland Cavaliers,Washington Wizards,114,90
1038075,2024-01-05,2023,False,Philadelphia 76ers,New York Knicks,92,128
1038076,2024-01-05,2023,False,Chicago Bulls,Charlotte Hornets,104,91
1038077,2024-01-05,2023,False,Houston Rockets,Minnesota Timberwolves,95,122
1038078,2024-01-05,2023,False,New Orleans Pelicans,LA Clippers,95,111
1038079,2024-01-05,2023,False,Dallas Mavericks,Portland Trail Blazers,139,103
1038080,2024-01-05,2023,False,Denver Nuggets,Orlando Magic,120,122
1038081,2024-01-05,2023,False,Phoenix Suns,Miami Heat,113,97
1038082,2024-01-05,2023,False,Golden State Warriors,Detroit Pistons,113,109
1038083,2024-01-05,2023,False,Los Angeles Lakers,Memphis Grizzlies,113,127
1038084,2024-01-05,2023,False,Sacramento Kings,Toronto Raptors,135,130
1038085,2024-01-06,2023,False,Indiana Pacers,Boston Celtics,101,118
1038086,2024-01-06,2023,False,Washington Wizards,New York Knicks,105,121
1038087,2024-01-06,2023,False,Philadelphia 76ers,Utah Jazz,109,120
1038088,2024-01-06,2023,False,Houston Rockets,Milwaukee Bucks,112,108
1038089,2024-01-07,2023,False,Cleveland Cavaliers,San Antonio Spurs,117,115
1038090,2024-01-07,2023,False,Brooklyn Nets,Portland Trail Blazers,127,134
1038091,2024-01-07,2023,False,Orlando Magic,Atlanta Hawks,117,110
1038092,2024-01-07,2023,False,Sacramento Kings,New Orleans Pelicans,100,133
1038093,2024-01-07,2023,False,Dallas Mavericks,Minnesota Timberwolves,115,108
1038094,2024-01-07,2023,False,Denver Nuggets,Detroit Pistons,131,114
1038095,2024-01-07,2023,False,Phoenix Suns,Memphis Grizzlies,115,121
1038096,2024-01-07,2023,False,Golden State Warriors,Toronto Raptors,118,133
1038097,2024-01-07,2023,False,Los Angeles Lakers,LA Clippers,106,103
1038098,2024-01-08,2023,False,Charlotte Hornets,Chicago Bulls,112,119
1038099,2024-01-08,2023,False,Indiana Pacers,Boston Celtics,133,131
1038100,2024-01-08,2023,False,Washington Wizards,Oklahoma City Thunder,128,136
1038101,2024-01-08,2023,False,Miami Heat,Houston Rockets,120,113
1038102,2024-01-08,2023,False,Milwaukee Bucks,Utah Jazz,116,132
1038103,2024-01-08,2023,False,LA Clippers,Phoenix Suns,138,111
1038104,2024-01-09,2023,False,Detroit Pistons,Sacramento Kings,110,131
1038105,2024-01-09,2023,False,Orlando Magic,Minnesota Timberwolves,92,113
1038106,2024-01-09,2023,False,New York Knicks,Portland Trail Blazers,112,84
1038107,2024-01-09,2023,False,Dallas Mavericks,Memphis Grizzlies,103,120
1038108,2024-01-09,2023,False,Los Angeles Lakers,Toronto Raptors,132,131
1038109,2024-01-10,2023,False,Boston Celtics,Minnesota Timberwolves,127,120
1038110,2024-01-10,2023,False,Charlotte Hornets,Sacramento Kings,98,123
1038111,2024-01-10,2023,False,Detroit Pistons,San Antonio Spurs,108,130
1038112,2024-01-10,2023,False,Indiana Pacers,Washington Wizards,112,104
1038113,2024-01-10,2023,False,Atlanta Hawks,Philadelphia 76ers,139,132
1038114,2024-01-10,2023,False,Miami Heat,Oklahoma City Thunder,120,128
1038115,2024-01-10,2023,False,Chicago Bulls,Houston Rockets,124,119
1038116,2024-01-10,2023,False,Utah Jazz,Denver Nuggets,124,111
1038117,2024-01-10,2023,False,Golden State Warriors,New Orleans Pelicans,105,141
1038118,2024-01-10,2023,False,LA Clippers,Toronto Raptors,126,120
1038119,2024-01-11,2023,False,Cleveland Cavaliers,Brooklyn Nets,111,102
1038120,2024-01-11,2023,False,Milwaukee Bucks,Boston Celtics,135,102
1038121,2024-01-11,2023,False,Oklahoma City Thunder,Portland Trail Blazers,139,77
1038122,2024-01-11,2023,False,Dallas Mavericks,New York Knicks,128,124
1038123,2024-01-11,2023,False,Los Angeles Lakers,Phoenix Suns,109,127
1038124,2024-01-12,2023,False,Philadelphia 76ers,Sacramento Kings,112,93
1038125,2024-01-12,2023,False,Atlanta Hawks,Indiana Pacers,108,126
1038126,2024-01-12,2023,False,Detroit Pistons,Houston Rockets,110,112
1038127,2024-01-12,2023,False,Miami Heat,Orlando Magic,99,96
1038128,2024-01-12,2023,False,Chicago Bulls,Golden State Warriors,131,140
1038129,2024-01-12,2023,False,Memphis Grizzlies,LA Clippers,119,128
1038130,2024-01-12,2023,False,Minnesota Timberwolves,Portland Trail Blazers,116,93
1038131,2024-01-12,2023,False,Denver Nuggets,New Orleans Pelicans,125,113
1038132,2024-01-12,2023,False,Utah Jazz,Toronto Raptors,145,113
1038133,2024-01-12,2023,False,San Antonio Spurs,Charlotte Hornets,135,99
1038134,2024-01-13,2023,False,Boston Celtics,Houston Rockets,145,113
1038135,2024-01-13,2023,False,Atlanta Hawks,Washington Wizards,99,127
1038136,2024-01-13,2023,False,Memphis Grizzlies,New York Knicks,94,106
1038137,2024-01-13,2023,False,Milwaukee Bucks,Golden State Warriors,129,118
1038138,2024-01-13,2023,False,Oklahoma City Thunder,Orlando Magic,112,100
1038139,2024-01-13,2023,False,Dallas Mavericks,New Orleans Pelicans,108,118
1038140,2024-01-13,2023,False,San Antonio Spurs,Chicago Bulls,116,122
1038141,2024-01-13,2023,False,Utah Jazz,Los Angeles Lakers,132,125
1038142,2024-01-14,2023,False,Denver Nuggets,Indiana Pacers,117,109
1038143,2024-01-14,2023,False,Miami Heat,Charlotte Hornets,104,87
1038144,2024-01-14,2023,False,Milwaukee Bucks,Sacramento Kings,143,142
1038145,2024-01-14,2023,False,Minnesota Timberwolves,LA Clippers,109,105
1038146,2024-01-14,2023,False,Portland Trail Blazers,Phoenix Suns,116,127
1038147,2024-01-15,2023,False,Philadelphia 76ers,Houston Rockets,124,115
1038148,2024-01-15,2023,False,Dallas Mavericks,New Orleans Pelicans,125,120
1038149,2024-01-15,2023,False,New York Knicks,Orlando Magic,94,98
1038150,2024-01-15,2023,False,Washington Wizards,Detroit Pistons,117,129
1038151,2024-01-15,2023,False,Atlanta Hawks,San Antonio Spurs,109,99
1038152,2024-01-15,2023,False,Memphis Grizzlies,Golden State Warriors,116,107
1038153,2024-01-15,2023,False,Cleveland Cavaliers,Chicago Bulls,109,91
1038154,2024-01-15,2023,False,Brooklyn Nets,Miami Heat,95,96
1038155,2024-01-15,2023,False,Toronto Raptors,Boston Celtics,96,105
1038156,2024-01-15,2023,False,Utah Jazz,Indiana Pacers,132,105
1038157,2024-01-15,2023,False,Los Angeles Lakers,Oklahoma City Thunder,112,105
1038158,2024-01-16,2023,False,Philadelphia 76ers,Denver Nuggets,126,121
1038159,2024-01-16,2023,False,Phoenix Suns,Sacramento Kings,119,117
1038160,2024-01-16,2023,False,LA Clippers,Oklahoma City Thunder,128,117
1038161,2024-01-17,2023,False,Detroit Pistons,Minnesota Timberwolves,117,124
1038162,2024-01-17,2023,False,Atlanta Hawks,Orlando Magic,106,104
1038163,2024-01-17,2023,False,Boston Celtics,San Antonio Spurs,117,98
1038164,2024-01-17,2023,False,Cleveland Cavaliers,Milwaukee Bucks,135,95
1038165,2024-01-17,2023,False,New York Knicks,Houston Rockets,109,94
1038166,2024-01-17,2023,False,Toronto Raptors,Miami Heat,121,97
1038167,2024-01-17,2023,False,New Orleans Pelicans,Charlotte Hornets,132,112
1038169,2024-01-17,2023,False,Los Angeles Lakers,Dallas Mavericks,127,110
1038170,2024-01-17,2023,False,Portland Trail Blazers,Brooklyn Nets,105,103
1038171,2024-01-18,2023,False,New York Knicks,Washington Wizards,113,109
1038172,2024-01-18,2023,False,Toronto Raptors,Chicago Bulls,110,116
1038173,2024-01-18,2023,False,Utah Jazz,Oklahoma City Thunder,129,134
1038174,2024-01-18,2023,False,Minnesota Timberwolves,Memphis Grizzlies,118,103
1038175,2024-01-18,2023,False,Sacramento Kings,Indiana Pacers,121,126
1038176,2024-01-19,2023,False,Charlotte Hornets,San Antonio Spurs,124,120
1038177,2024-01-19,2023,False,Orlando Magic,Philadelphia 76ers,109,124
1038178,2024-01-19,2023,False,Boston Celtics,Denver Nuggets,100,102
1038179,2024-01-19,2023,False,Miami Heat,Atlanta Hawks,108,109
1038180,2024-01-19,2023,False,New Orleans Pelicans,Phoenix Suns,109,123
1038182,2024-01-19,2023,False,Portland Trail Blazers,Indiana Pacers,118,115
1038183,2024-01-19,2023,False,Los Angeles Lakers,Brooklyn Nets,112,130
1038184,2024-01-20,2023,False,Detroit Pistons,Milwaukee Bucks,135,141
1038185,2024-01-20,2023,False,Charlotte Hornets,Philadelphia 76ers,89,97
1038186,2024-01-20,2023,False,Washington Wizards,San Antonio Spurs,127,131
1038187,2024-01-20,2023,False,Atlanta Hawks,Cleveland Cavaliers,95,116
1038188,2024-01-20,2023,False,New York Knicks,Toronto Raptors,126,100
1038189,2024-01-20,2023,False,Chicago Bulls,Memphis Grizzlies,125,96
1038190,2024-01-20,2023,False,Houston Rockets,Utah Jazz,127,126
1038191,2024-01-20,2023,False,Minnesota Timberwolves,Oklahoma City Thunder,97,102
1038192,2024-01-21,2023,False,LA Clippers,Brooklyn Nets,125,114
1038193,2024-01-21,2023,False,Orlando Magic,Miami Heat,105,87
1038194,2024-01-21,2023,False,Washington Wizards,Denver Nuggets,104,113
1038195,2024-01-21,2023,False,Houston Rockets,Boston Celtics,107,116
1038196,2024-01-21,2023,False,Phoenix Suns,Indiana Pacers,117,110
1038197,2024-01-21,2023,False,Los Angeles Lakers,Portland Trail Blazers,134,110
1038198,2024-01-22,2023,False,Detroit Pistons,Milwaukee Bucks,113,122
1038199,2024-01-22,2023,False,Orlando Magic,Cleveland Cavaliers,99,126
1038200,2024-01-22,2023,False,Philadelphia 76ers,San Antonio Spurs,133,123
1038201,2024-01-22,2023,False,Toronto Raptors,Memphis Grizzlies,100,108
1038202,2024-01-22,2023,False,Minnesota Timberwolves,Charlotte Hornets,125,128
1038203,2024-01-22,2023,False,Dallas Mavericks,Boston Celtics,110,119
1038204,2024-01-22,2023,False,Phoenix Suns,Chicago Bulls,115,113
1038205,2024-01-22,2023,False,Sacramento Kings,Atlanta Hawks,122,107
1038206,2024-01-23,2023,False,Indiana Pacers,Denver Nuggets,109,114
1038207,2024-01-23,2023,False,Brooklyn Nets,New York Knicks,103,108
1038208,2024-01-23,2023,False,New Orleans Pelicans,Utah Jazz,153,124
1038209,2024-01-23,2023,False,Oklahoma City Thunder,Portland Trail Blazers,111,109
1038210,2024-01-23,2023,False,LA Clippers,Los Angeles Lakers,127,116
1038211,2024-01-24,2023,False,Detroit Pistons,Charlotte Hornets,113,106
1038212,2024-01-24,2023,False,Washington Wizards,Minnesota Timberwolves,107,118
1038213,2024-01-24,2023,False,Miami Heat,Memphis Grizzlies,96,105
1038214,2024-01-24,2023,False,San Antonio Spurs,Oklahoma City Thunder,114,140
1038215,2024-01-24,2023,False,Houston Rockets,Portland Trail Blazers,131,137
1038216,2024-01-24,2023,False,Milwaukee Bucks,Cleveland Cavaliers,126,116
1038217,2024-01-24,2023,False,Dallas Mavericks,Phoenix Suns,109,132
1038218,2024-01-24,2023,False,Golden State Warriors,Atlanta Hawks,134,112
1038219,2024-01-25,2023,False,Indiana Pacers,Philadelphia 76ers,134,122
1038220,2024-01-25,2023,False,Washington Wizards,Utah Jazz,108,123
1038221,2024-01-25,2023,False,Brooklyn Nets,Minnesota Timberwolves,94,96
1038222,2024-01-25,2023,False,Miami Heat,Boston Celtics,110,143
1038223,2024-01-25,2023,False,New York Knicks,Denver Nuggets,122,84
1038224,2024-01-25,2023,False,Golden State Warriors,Sacramento Kings,133,134
1038225,2024-01-25,2023,False,Los Angeles Lakers,Chicago Bulls,141,132
1038226,2024-01-26,2023,False,Atlanta Hawks,Dallas Mavericks,143,148
1038227,2024-01-26,2023,False,Charlotte Hornets,Houston Rockets,104,138
1038228,2024-01-26,2023,False,Indiana Pacers,Phoenix Suns,133,131
1038229,2024-01-26,2023,False,Toronto Raptors,LA Clippers,107,127
1038230,2024-01-26,2023,False,Memphis Grizzlies,Orlando Magic,107,106
1038231,2024-01-26,2023,False,Milwaukee Bucks,Cleveland Cavaliers,100,112
1038232,2024-01-26,2023,False,New Orleans Pelicans,Oklahoma City Thunder,83,107
1038233,2024-01-26,2023,False,San Antonio Spurs,Portland Trail Blazers,116,100
1038234,2024-01-27,2023,False,Detroit Pistons,Washington Wizards,104,118
1038235,2024-01-27,2023,False,New York Knicks,Miami Heat,125,109
1038236,2024-01-27,2023,False,Denver Nuggets,Philadelphia 76ers,111,105
1038237,2024-01-27,2023,False,Brooklyn Nets,Houston Rockets,106,104
1038238,2024-01-27,2023,False,Boston Celtics,LA Clippers,96,115
1038239,2024-01-27,2023,False,Charlotte Hornets,Utah Jazz,122,134
1038240,2024-01-27,2023,False,Milwaukee Bucks,New Orleans Pelicans,141,117
1038241,2024-01-27,2023,False,San Antonio Spurs,Minnesota Timberwolves,113,112
1038242,2024-01-27,2023,False,Golden State Warriors,Los Angeles Lakers,144,145
1038243,2024-01-27,2023,False,Dallas Mavericks,Sacramento Kings,115,120
1038244,2024-01-28,2023,False,Indiana Pacers,Memphis Grizzlies,116,110
1038245,2024-01-28,2023,False,Atlanta Hawks,Toronto Raptors,126,125
1038246,2024-01-28,2023,False,Detroit Pistons,Oklahoma City Thunder,120,104
1038247,2024-01-28,2023,False,Orlando Magic,Phoenix Suns,113,98
1038248,2024-01-28,2023,False,Portland Trail Blazers,Chicago Bulls,96,104
1038249,2024-01-29,2023,False,Charlotte Hornets,New York Knicks,92,113
1038250,2024-01-29,2023,False,Cleveland Cavaliers,LA Clippers,118,108
1038251,2024-01-29,2023,False,Boston Celtics,New Orleans Pelicans,118,112
1038252,2024-01-29,2023,False,Brooklyn Nets,Utah Jazz,147,114
1038253,2024-01-29,2023,False,Miami Heat,Phoenix Suns,105,118
1038254,2024-01-29,2023,False,Houston Rockets,Los Angeles Lakers,135,119
1038255,2024-01-29,2023,False,Memphis Grizzlies,Sacramento Kings,94,103
1038256,2024-01-29,2023,False,Oklahoma City Thunder,Minnesota Timberwolves,101,107
1038257,2024-01-29,2023,False,San Antonio Spurs,Washington Wizards,113,118
1038258,2024-01-29,2023,False,Dallas Mavericks,Orlando Magic,131,129
1038259,2024-01-29,2023,False,Denver Nuggets,Milwaukee Bucks,113,107
1038260,2024-01-29,2023,False,Portland Trail Blazers,Philadelphia 76ers,130,104
1038261,2024-01-30,2023,False,Atlanta Hawks,Los Angeles Lakers,138,122
1038262,2024-01-30,2023,False,Boston Celtics,Indiana Pacers,129,124
1038263,2024-01-30,2023,False,New York Knicks,Utah Jazz,118,103
1038264,2024-01-30,2023,False,Chicago Bulls,Toronto Raptors,107,118
1038265,2024-01-30,2023,False,Golden State Warriors,Philadelphia 76ers,119,107
1038266,2024-01-31,2023,False,Charlotte Hornets,Chicago Bulls,110,117
1038267,2024-01-31,2023,False,Cleveland Cavaliers,Detroit Pistons,128,121
1038268,2024-01-31,2023,False,Washington Wizards,LA Clippers,109,125
1038269,2024-01-31,2023,False,Brooklyn Nets,Phoenix Suns,120,136
1038270,2024-01-31,2023,False,Miami Heat,Sacramento Kings,115,106
1038271,2024-01-31,2023,False,Houston Rockets,New Orleans Pelicans,99,110
1038272,2024-01-31,2023,False,Minnesota Timberwolves,Dallas Mavericks,121,87
1038273,2024-01-31,2023,False,San Antonio Spurs,Orlando Magic,98,108
1038274,2024-01-31,2023,False,Oklahoma City Thunder,Denver Nuggets,105,100
1038275,2024-01-31,2023,False,Portland Trail Blazers,Milwaukee Bucks,119,116
1038276,2024-02-01,2023,False,Boston Celtics,Los Angeles Lakers,105,114
1038277,2024-02-01,2023,False,New York Knicks,Indiana Pacers,109,105
1038278,2024-02-01,2023,False,Utah Jazz,Philadelphia 76ers,124,127
1038279,2024-02-01,2023,False,Memphis Grizzlies,Cleveland Cavaliers,101,108
1038280,2024-02-02,2023,False,Detroit Pistons,LA Clippers,125,136
1038281,2024-02-02,2023,False,Washington Wizards,Miami Heat,102,110
1038282,2024-02-02,2023,False,Atlanta Hawks,Phoenix Suns,129,120
1038283,2024-02-02,2023,False,Indiana Pacers,Sacramento Kings,122,133
1038284,2024-02-02,2023,False,Houston Rockets,Toronto Raptors,135,106
1038285,2024-02-02,2023,False,Memphis Grizzlies,Golden State Warriors,101,121
1038286,2024-02-02,2023,False,Minnesota Timberwolves,Orlando Magic,106,108
1038287,2024-02-02,2023,False,Oklahoma City Thunder,Charlotte Hornets,126,106
1038288,2024-02-02,2023,False,San Antonio Spurs,New Orleans Pelicans,113,114
1038289,2024-02-02,2023,False,Denver Nuggets,Portland Trail Blazers,120,108
1038290,2024-02-03,2023,False,Philadelphia 76ers,Brooklyn Nets,121,136
1038291,2024-02-03,2023,False,Atlanta Hawks,Golden State Warriors,141,134
1038292,2024-02-03,2023,False,Chicago Bulls,Sacramento Kings,115,123
1038293,2024-02-03,2023,False,New York Knicks,Los Angeles Lakers,105,113
1038294,2024-02-03,2023,False,Dallas Mavericks,Milwaukee Bucks,117,129
1038295,2024-02-03,2023,False,San Antonio Spurs,Cleveland Cavaliers,101,117
1038296,2024-02-04,2023,False,Detroit Pistons,Orlando Magic,99,111
1038297,2024-02-04,2023,False,Washington Wizards,Phoenix Suns,112,140
1038298,2024-02-04,2023,False,Boston Celtics,Memphis Grizzlies,131,91
1038299,2024-02-04,2023,False,Charlotte Hornets,Indiana Pacers,99,115
1038300,2024-02-04,2023,False,Miami Heat,LA Clippers,95,103
1038301,2024-02-04,2023,False,Minnesota Timberwolves,Houston Rockets,111,90
1038302,2024-02-04,2023,False,Oklahoma City Thunder,Toronto Raptors,135,127
1038303,2024-02-04,2023,False,Utah Jazz,Milwaukee Bucks,123,108
1038304,2024-02-04,2023,False,Denver Nuggets,Portland Trail Blazers,112,103
1038305,2024-02-05,2023,False,Charlotte Hornets,Los Angeles Lakers,118,124
1038306,2024-02-05,2023,False,Cleveland Cavaliers,Sacramento Kings,136,110
1038307,2024-02-05,2023,False,Philadelphia 76ers,Dallas Mavericks,102,118
1038308,2024-02-05,2023,False,Atlanta Hawks,LA Clippers,144,149
1038309,2024-02-05,2023,False,Brooklyn Nets,Golden State Warriors,98,109
1038310,2024-02-05,2023,False,New Orleans Pelicans,Toronto Raptors,138,100
1038311,2024-02-06,2023,False,Indiana Pacers,Houston Rockets,132,129
1038312,2024-02-06,2023,False,Brooklyn Nets,Dallas Mavericks,107,119
1038313,2024-02-06,2023,False,Miami Heat,Orlando Magic,121,95
1038314,2024-02-06,2023,False,New York Knicks,Memphis Grizzlies,123,113
1038315,2024-02-06,2023,False,Chicago Bulls,Minnesota Timberwolves,129,123
1038316,2024-02-06,2023,False,Utah Jazz,Oklahoma City Thunder,124,117
1038317,2024-02-06,2023,False,Phoenix Suns,Milwaukee Bucks,114,106
1038318,2024-02-07,2023,False,Charlotte Hornets,Toronto Raptors,117,123
1038319,2024-02-07,2023,False,Philadelphia 76ers,Golden State Warriors,104,127
1038320,2024-02-07,2023,False,Washington Wizards,Cleveland Cavaliers,106,114
1038321,2024-02-07,2023,False,Boston Celtics,Atlanta Hawks,125,117
1038322,2024-02-07,2023,False,Miami Heat,San Antonio Spurs,116,104
1038323,2024-02-07,2023,False,LA Clippers,New Orleans Pelicans,106,117
1038324,2024-02-07,2023,False,Sacramento Kings,Detroit Pistons,120,133
1038325,2024-02-08,2023,False,Indiana Pacers,Golden State Warriors,109,131
1038326,2024-02-08,2023,False,Orlando Magic,San Antonio Spurs,127,111
1038327,2024-02-08,2023,False,Brooklyn Nets,Cleveland Cavaliers,95,118
1038328,2024-02-08,2023,False,New York Knicks,Dallas Mavericks,108,122
1038329,2024-02-08,2023,False,Memphis Grizzlies,Chicago Bulls,110,118
1038330,2024-02-08,2023,False,Milwaukee Bucks,Minnesota Timberwolves,105,129
1038331,2024-02-08,2023,False,Phoenix Suns,Utah Jazz,129,115
1038332,2024-02-08,2023,False,Los Angeles Lakers,Denver Nuggets,106,114
1038333,2024-02-08,2023,False,Portland Trail Blazers,Detroit Pistons,122,128
1038334,2024-02-09,2023,False,Philadelphia 76ers,Atlanta Hawks,121,127
1038335,2024-02-09,2023,False,Boston Celtics,Washington Wizards,133,129
1038336,2024-02-09,2023,False,Toronto Raptors,Houston Rockets,107,104
1038337,2024-02-09,2023,False,Milwaukee Bucks,Charlotte Hornets,120,84
1038338,2024-02-09,2023,False,Sacramento Kings,Denver Nuggets,135,106
1038339,2024-02-09,2023,False,Los Angeles Lakers,New Orleans Pelicans,139,122
1038340,2024-02-10,2023,False,Dallas Mavericks,Oklahoma City Thunder,146,111
1038341,2024-02-10,2023,False,LA Clippers,Detroit Pistons,112,106
1038342,2024-02-10,2023,False,Brooklyn Nets,San Antonio Spurs,123,103
1038343,2024-02-10,2023,False,Charlotte Hornets,Memphis Grizzlies,115,106
1038344,2024-02-10,2023,False,Orlando Magic,Chicago Bulls,114,108
1038345,2024-02-10,2023,False,Washington Wizards,Philadelphia 76ers,113,119
1038346,2024-02-10,2023,False,Atlanta Hawks,Houston Rockets,122,113
1038347,2024-02-10,2023,False,New York Knicks,Indiana Pacers,111,125
1038348,2024-02-10,2023,False,Toronto Raptors,Cleveland Cavaliers,95,119
1038349,2024-02-10,2023,False,Golden State Warriors,Phoenix Suns,113,112
1038350,2024-02-10,2023,False,Portland Trail Blazers,New Orleans Pelicans,84,93
1038351,2024-02-11,2023,False,Miami Heat,Boston Celtics,106,110
1038352,2024-02-11,2023,False,Oklahoma City Thunder,Sacramento Kings,127,113
1038353,2024-02-12,2023,False,Charlotte Hornets,Indiana Pacers,111,102
1038354,2024-02-12,2023,False,Cleveland Cavaliers,Philadelphia 76ers,121,123
1038355,2024-02-12,2023,False,Atlanta Hawks,Chicago Bulls,126,136
1038356,2024-02-12,2023,False,Toronto Raptors,San Antonio Spurs,99,122
1038357,2024-02-12,2023,False,Houston Rockets,New York Knicks,105,103
1038358,2024-02-12,2023,False,Memphis Grizzlies,New Orleans Pelicans,87,96
1038359,2024-02-12,2023,False,Milwaukee Bucks,Denver Nuggets,112,95
1038360,2024-02-12,2023,False,Dallas Mavericks,Washington Wizards,112,104
1038361,2024-02-12,2023,False,Utah Jazz,Golden State Warriors,107,129
1038362,2024-02-12,2023,False,LA Clippers,Minnesota Timberwolves,100,121
1038363,2024-02-13,2023,False,Brooklyn Nets,Boston Celtics,110,118
1038364,2024-02-13,2023,False,Orlando Magic,Oklahoma City Thunder,113,127
1038365,2024-02-13,2023,False,Milwaukee Bucks,Miami Heat,97,123
1038366,2024-02-13,2023,False,Phoenix Suns,Sacramento Kings,130,125
1038367,2024-02-13,2023,False,Portland Trail Blazers,Minnesota Timberwolves,109,121
1038368,2024-02-13,2023,False,Los Angeles Lakers,Detroit Pistons,125,111
1038369,2024-02-14,2023,False,Charlotte Hornets,Atlanta Hawks,122,99
1038370,2024-02-14,2023,False,Orlando Magic,New York Knicks,118,100
1038371,2024-02-14,2023,False,Philadelphia 76ers,Miami Heat,104,109
1038372,2024-02-14,2023,False,Boston Celtics,Brooklyn Nets,136,86
1038373,2024-02-14,2023,False,Cleveland Cavaliers,Chicago Bulls,108,105
1038374,2024-02-14,2023,False,Toronto Raptors,Indiana Pacers,125,127
1038375,2024-02-14,2023,False,Memphis Grizzlies,Houston Rockets,121,113
1038376,2024-02-14,2023,False,New Orleans Pelicans,Washington Wizards,133,126
1038377,2024-02-14,2023,False,Dallas Mavericks,San Antonio Spurs,116,93
1038378,2024-02-14,2023,False,Denver Nuggets,Sacramento Kings,98,102
1038379,2024-02-14,2023,False,Phoenix Suns,Detroit Pistons,116,100
1038380,2024-02-14,2023,False,Utah Jazz,Los Angeles Lakers,122,138
1038381,2024-02-14,2023,False,Golden State Warriors,LA Clippers,125,130
1038168,2024-02-15,2023,False,Utah Jazz,Golden State Warriors,137,140
1038382,2024-02-15,2023,False,Memphis Grizzlies,Milwaukee Bucks,113,110
1038383,2024-02-15,2023,False,Portland Trail Blazers,Minnesota Timberwolves,91,128
1038384,2024-02-22,2023,False,Cleveland Cavaliers,Orlando Magic,109,116
1038385,2024-02-22,2023,False,Indiana Pacers,Detroit Pistons,129,115
1038386,2024-02-22,2023,False,Philadelphia 76ers,New York Knicks,96,110
1038387,2024-02-22,2023,False,Toronto Raptors,Brooklyn Nets,121,93
1038388,2024-02-22,2023,False,Dallas Mavericks,Phoenix Suns,123,113
1038389,2024-02-22,2023,False,Chicago Bulls,Boston Celtics,112,129
1038390,2024-02-22,2023,False,New Orleans Pelicans,Houston Rockets,127,105
1038391,2024-02-22,2023,False,Oklahoma City Thunder,LA Clippers,129,107
1038392,2024-02-22,2023,False,Denver Nuggets,Washington Wizards,130,110
1038393,2024-02-22,2023,False,Utah Jazz,Charlotte Hornets,107,115
1038394,2024-02-22,2023,False,Golden State Warriors,Los Angeles Lakers,128,110
1038395,2024-02-22,2023,False,Sacramento Kings,San Antonio Spurs,127,122
1038396,2024-02-23,2023,False,Atlanta Hawks,Toronto Raptors,121,123
1038397,2024-02-23,2023,False,Philadelphia 76ers,Cleveland Cavaliers,104,97
1038398,2024-02-23,2023,False,Houston Rockets,Phoenix Suns,114,110
1038399,2024-02-23,2023,False,Memphis Grizzlies,LA Clippers,95,101
1038400,2024-02-23,2023,False,Minnesota Timberwolves,Milwaukee Bucks,107,112
1038401,2024-02-23,2023,False,Oklahoma City Thunder,Washington Wizards,147,106
1038402,2024-02-23,2023,False,New Orleans Pelicans,Miami Heat,95,106
1038403,2024-02-23,2023,False,Golden State Warriors,Charlotte Hornets,97,84
1038404,2024-02-23,2023,False,Portland Trail Blazers,Denver Nuggets,112,127
1038405,2024-02-23,2023,False,Los Angeles Lakers,San Antonio Spurs,123,118
1038406,2024-02-24,2023,False,Detroit Pistons,Orlando Magic,109,112
1038407,2024-02-24,2023,False,Minnesota Timberwolves,Brooklyn Nets,101,86
1038408,2024-02-24,2023,False,New York Knicks,Boston Celtics,102,116
1038409,2024-02-25,2023,False,Philadelphia 76ers,Milwaukee Bucks,98,119
1038410,2024-02-25,2023,False,Phoenix Suns,Los Angeles Lakers,123,113
1038411,2024-02-25,2023,False,Indiana Pacers,Dallas Mavericks,133,111
1038412,2024-02-25,2023,False,Washington Wizards,Cleveland Cavaliers,105,114
1038413,2024-02-25,2023,False,Atlanta Hawks,Orlando Magic,109,92
1038414,2024-02-25,2023,False,Houston Rockets,Oklahoma City Thunder,110,123
1038415,2024-02-25,2023,False,New Orleans Pelicans,Chicago Bulls,106,114
1038416,2024-02-25,2023,False,Golden State Warriors,Denver Nuggets,103,119
1038417,2024-02-25,2023,False,Utah Jazz,San Antonio Spurs,128,109
1038418,2024-02-25,2023,False,Portland Trail Blazers,Charlotte Hornets,80,93
1038419,2024-02-25,2023,False,LA Clippers,Sacramento Kings,107,123
1038420,2024-02-26,2023,False,New York Knicks,Detroit Pistons,113,111
1038421,2024-02-26,2023,False,Indiana Pacers,Toronto Raptors,122,130
1038422,2024-02-26,2023,False,Memphis Grizzlies,Brooklyn Nets,86,111
1038423,2024-02-26,2023,False,Sacramento Kings,Miami Heat,110,121
1038424,2024-02-27,2023,False,Cleveland Cavaliers,Dallas Mavericks,121,119
1038425,2024-02-27,2023,False,Orlando Magic,Brooklyn Nets,108,81
1038426,2024-02-27,2023,False,Washington Wizards,Golden State Warriors,112,123
1038427,2024-02-27,2023,False,Atlanta Hawks,Utah Jazz,124,97
1038428,2024-02-27,2023,False,Boston Celtics,Philadelphia 76ers,117,99
1038429,2024-02-27,2023,False,New York Knicks,New Orleans Pelicans,92,115
1038430,2024-02-27,2023,False,Minnesota Timberwolves,San Antonio Spurs,114,105
1038431,2024-02-27,2023,False,Chicago Bulls,Detroit Pistons,95,105
1038432,2024-02-27,2023,False,Milwaukee Bucks,Charlotte Hornets,123,85
1038433,2024-02-27,2023,False,Oklahoma City Thunder,Houston Rockets,112,95
1038434,2024-02-27,2023,False,Portland Trail Blazers,Miami Heat,96,106
1038435,2024-02-28,2023,False,Indiana Pacers,New Orleans Pelicans,123,114
1038436,2024-02-28,2023,False,Toronto Raptors,Dallas Mavericks,125,136
1038437,2024-02-28,2023,False,Minnesota Timberwolves,Memphis Grizzlies,110,101
1038438,2024-02-28,2023,False,Chicago Bulls,Cleveland Cavaliers,132,123
1038439,2024-02-28,2023,False,Denver Nuggets,Sacramento Kings,117,96
1038440,2024-02-28,2023,False,LA Clippers,Los Angeles Lakers,112,116
1038441,2024-02-29,2023,False,Charlotte Hornets,Milwaukee Bucks,99,111
1038442,2024-02-29,2023,False,Orlando Magic,Utah Jazz,115,107
1038443,2024-02-29,2023,False,Brooklyn Nets,Atlanta Hawks,124,97
1038444,2024-02-29,2023,False,New York Knicks,Golden State Warriors,99,110
1038445,2024-02-29,2023,False,San Antonio Spurs,Oklahoma City Thunder,132,118
1038446,2024-02-29,2023,False,Phoenix Suns,Houston Rockets,110,105
1038447,2024-02-29,2023,False,Denver Nuggets,Miami Heat,103,97
1038448,2024-02-29,2023,False,Los Angeles Lakers,Washington Wizards,134,131
1038449,2024-03-01,2023,False,Detroit Pistons,Cleveland Cavaliers,100,110
1038450,2024-03-01,2023,False,Philadelphia 76ers,Charlotte Hornets,121,114
1038451,2024-03-01,2023,False,Boston Celtics,Dallas Mavericks,138,110
1038452,2024-03-01,2023,False,Toronto Raptors,Golden State Warriors,105,120
1038453,2024-03-01,2023,False,Memphis Grizzlies,Portland Trail Blazers,92,122
1038454,2024-03-01,2023,False,Minnesota Timberwolves,Sacramento Kings,120,124
1038455,2024-03-01,2023,False,New Orleans Pelicans,Indiana Pacers,129,102
1038456,2024-03-01,2023,False,Chicago Bulls,Milwaukee Bucks,97,113
1038457,2024-03-01,2023,False,LA Clippers,Washington Wizards,140,115
1038458,2024-03-02,2023,False,Brooklyn Nets,Atlanta Hawks,114,102
1038459,2024-03-02,2023,False,Miami Heat,Utah Jazz,126,120
1038460,2024-03-02,2023,False,Memphis Grizzlies,Portland Trail Blazers,100,107
1038461,2024-03-02,2023,False,Los Angeles Lakers,Denver Nuggets,114,124
1038462,2024-03-02,2023,False,Phoenix Suns,Houston Rockets,109,118
1038463,2024-03-03,2023,False,Dallas Mavericks,Philadelphia 76ers,116,120
1038464,2024-03-03,2023,False,Boston Celtics,Golden State Warriors,140,88
1038465,2024-03-03,2023,False,Minnesota Timberwolves,LA Clippers,88,89
1038466,2024-03-03,2023,False,Orlando Magic,Detroit Pistons,113,91
1038467,2024-03-03,2023,False,Toronto Raptors,Charlotte Hornets,111,106
1038468,2024-03-03,2023,False,Cleveland Cavaliers,New York Knicks,98,107
1038469,2024-03-03,2023,False,San Antonio Spurs,Indiana Pacers,117,105
1038470,2024-03-03,2023,False,Phoenix Suns,Oklahoma City Thunder,110,118
1038471,2024-03-04,2023,False,Brooklyn Nets,Memphis Grizzlies,102,106
1038472,2024-03-04,2023,False,Milwaukee Bucks,LA Clippers,113,106
1038473,2024-03-04,2023,False,Minnesota Timberwolves,Portland Trail Blazers,119,114
1038474,2024-03-04,2023,False,Utah Jazz,Washington Wizards,127,115
1038475,2024-03-04,2023,False,Sacramento Kings,Chicago Bulls,109,113
1038476,2024-03-04,2023,False,Los Angeles Lakers,Oklahoma City Thunder,116,104
1038477,2024-03-05,2023,False,Charlotte Hornets,Orlando Magic,89,101
1038478,2024-03-05,2023,False,Cleveland Cavaliers,Boston Celtics,105,104
1038479,2024-03-05,2023,False,Brooklyn Nets,Philadelphia 76ers,112,107
1038480,2024-03-05,2023,False,Miami Heat,Detroit Pistons,118,110
1038481,2024-03-05,2023,False,New York Knicks,Atlanta Hawks,100,116
1038482,2024-03-05,2023,False,Toronto Raptors,New Orleans Pelicans,98,139
1038483,2024-03-05,2023,False,Houston Rockets,San Antonio Spurs,114,101
1038484,2024-03-05,2023,False,Dallas Mavericks,Indiana Pacers,120,137
1038485,2024-03-05,2023,False,Denver Nuggets,Phoenix Suns,107,117
1038486,2024-03-06,2023,False,Washington Wizards,Orlando Magic,109,119
1038487,2024-03-06,2023,False,Atlanta Hawks,Cleveland Cavaliers,112,101
1038488,2024-03-06,2023,False,Philadelphia 76ers,Memphis Grizzlies,109,115
1038489,2024-03-06,2023,False,Houston Rockets,LA Clippers,116,122
1038490,2024-03-06,2023,False,Utah Jazz,Chicago Bulls,117,119
1038491,2024-03-06,2023,False,Golden State Warriors,Milwaukee Bucks,125,90
1038492,2024-03-06,2023,False,Portland Trail Blazers,Oklahoma City Thunder,120,128
1038493,2024-03-06,2023,False,Los Angeles Lakers,Sacramento Kings,120,130
1038494,2024-03-07,2023,False,Detroit Pistons,Brooklyn Nets,118,112
1038495,2024-03-07,2023,False,Indiana Pacers,Minnesota Timberwolves,111,113
1038496,2024-03-07,2023,False,Dallas Mavericks,Miami Heat,114,108
1038497,2024-03-07,2023,False,Phoenix Suns,Toronto Raptors,120,113
1038498,2024-03-07,2023,False,Denver Nuggets,Boston Celtics,115,109
1038499,2024-03-07,2023,False,Golden State Warriors,Chicago Bulls,122,125
1038500,2024-03-07,2023,False,Sacramento Kings,San Antonio Spurs,131,129
1038501,2024-03-08,2023,False,Philadelphia 76ers,New Orleans Pelicans,95,103
1038502,2024-03-08,2023,False,Washington Wizards,Charlotte Hornets,112,100
1038503,2024-03-08,2023,False,Cleveland Cavaliers,Minnesota Timberwolves,113,104
1038504,2024-03-08,2023,False,New York Knicks,Orlando Magic,98,74
1038505,2024-03-08,2023,False,Memphis Grizzlies,Atlanta Hawks,92,99
1038506,2024-03-08,2023,False,Oklahoma City Thunder,Miami Heat,107,100
1038507,2024-03-08,2023,False,Los Angeles Lakers,Milwaukee Bucks,123,122
1038508,2024-03-08,2023,False,Portland Trail Blazers,Houston Rockets,107,123
1038509,2024-03-09,2023,False,LA Clippers,Chicago Bulls,112,102
1038510,2024-03-09,2023,False,Charlotte Hornets,Brooklyn Nets,110,99
1038511,2024-03-09,2023,False,Detroit Pistons,Dallas Mavericks,124,142
1038512,2024-03-09,2023,False,Phoenix Suns,Boston Celtics,107,117
1038513,2024-03-09,2023,False,Golden State Warriors,San Antonio Spurs,113,126
1038514,2024-03-09,2023,False,Denver Nuggets,Utah Jazz,142,121
1038515,2024-03-09,2023,False,Portland Trail Blazers,Toronto Raptors,128,118
1038516,2024-03-10,2023,False,LA Clippers,Milwaukee Bucks,117,124
1038517,2024-03-10,2023,False,Atlanta Hawks,New Orleans Pelicans,103,116
1038518,2024-03-10,2023,False,Miami Heat,Washington Wizards,108,110
1038519,2024-03-10,2023,False,New York Knicks,Philadelphia 76ers,73,79
1038520,2024-03-10,2023,False,Orlando Magic,Indiana Pacers,97,111
1038521,2024-03-10,2023,False,Sacramento Kings,Houston Rockets,104,112
1038522,2024-03-10,2023,False,Cleveland Cavaliers,Brooklyn Nets,101,120
1038523,2024-03-10,2023,False,Oklahoma City Thunder,Memphis Grizzlies,124,93
1038524,2024-03-10,2023,False,Los Angeles Lakers,Minnesota Timberwolves,120,109
1038525,2024-03-11,2023,False,Detroit Pistons,Charlotte Hornets,114,97
1038526,2024-03-11,2023,False,Cleveland Cavaliers,Phoenix Suns,111,117
1038527,2024-03-11,2023,False,Chicago Bulls,Dallas Mavericks,92,127
1038528,2024-03-11,2023,False,San Antonio Spurs,Golden State Warriors,102,112
1038529,2024-03-11,2023,False,Denver Nuggets,Toronto Raptors,125,119
1038530,2024-03-11,2023,False,Portland Trail Blazers,Boston Celtics,99,121
1038531,2024-03-12,2023,False,New York Knicks,Philadelphia 76ers,106,79
1038532,2024-03-12,2023,False,Memphis Grizzlies,Washington Wizards,109,97
1038533,2024-03-12,2023,False,Oklahoma City Thunder,Indiana Pacers,111,121
1038534,2024-03-12,2023,False,San Antonio Spurs,Houston Rockets,101,103
1038535,2024-03-12,2023,False,Utah Jazz,Boston Celtics,107,123
1038536,2024-03-12,2023,False,LA Clippers,Minnesota Timberwolves,100,118
1038537,2024-03-12,2023,False,Sacramento Kings,Milwaukee Bucks,129,94
1038538,2024-03-13,2023,False,Detroit Pistons,Toronto Raptors,113,104
1038539,2024-03-13,2023,False,Orlando Magic,Brooklyn Nets,114,106
1038540,2024-03-13,2023,False,Indiana Pacers,Chicago Bulls,129,132
1038541,2024-03-13,2023,False,Miami Heat,Denver Nuggets,88,100
1038542,2024-03-13,2023,False,Memphis Grizzlies,Charlotte Hornets,98,110
1038543,2024-03-13,2023,False,New Orleans Pelicans,Cleveland Cavaliers,95,116
1038544,2024-03-13,2023,False,Dallas Mavericks,Golden State Warriors,109,99
1038545,2024-03-13,2023,False,Portland Trail Blazers,Atlanta Hawks,106,102
1038546,2024-03-13,2023,False,Sacramento Kings,Los Angeles Lakers,120,107
1038547,2024-03-14,2023,False,Boston Celtics,Phoenix Suns,127,112
1038548,2024-03-14,2023,False,Chicago Bulls,LA Clippers,111,126
1038549,2024-03-14,2023,False,Houston Rockets,Washington Wizards,135,119
1038550,2024-03-14,2023,False,Milwaukee Bucks,Philadelphia 76ers,114,105
1038551,2024-03-14,2023,False,Oklahoma City Thunder,Dallas Mavericks,126,119
1038552,2024-03-14,2023,False,Portland Trail Blazers,New York Knicks,93,105
1038553,2024-03-15,2023,False,Charlotte Hornets,Phoenix Suns,96,107
1038554,2024-03-15,2023,False,Detroit Pistons,Miami Heat,95,108
1038555,2024-03-15,2023,False,Toronto Raptors,Orlando Magic,103,113
1038556,2024-03-15,2023,False,New Orleans Pelicans,LA Clippers,112,104
1038557,2024-03-15,2023,False,San Antonio Spurs,Denver Nuggets,106,117
1038558,2024-03-15,2023,False,Utah Jazz,Atlanta Hawks,124,122
1038559,2024-03-16,2023,False,Houston Rockets,Cleveland Cavaliers,117,103
1038560,2024-03-16,2023,False,Indiana Pacers,Brooklyn Nets,121,100
1038561,2024-03-16,2023,False,Philadelphia 76ers,Charlotte Hornets,109,98
1038562,2024-03-16,2023,False,New Orleans Pelicans,Portland Trail Blazers,126,107
1038563,2024-03-16,2023,False,Chicago Bulls,Washington Wizards,127,98
1038564,2024-03-16,2023,False,Memphis Grizzlies,Oklahoma City Thunder,112,118
1038565,2024-03-16,2023,False,Los Angeles Lakers,Golden State Warriors,121,128
1038566,2024-03-16,2023,False,Utah Jazz,Minnesota Timberwolves,100,119
1038567,2024-03-16,2023,False,Sacramento Kings,New York Knicks,91,98
1038568,2024-03-17,2023,False,Milwaukee Bucks,Phoenix Suns,140,129
1038569,2024-03-17,2023,False,Detroit Pistons,Miami Heat,101,104
1038570,2024-03-17,2023,False,Dallas Mavericks,Denver Nuggets,107,105
1038571,2024-03-17,2023,False,Orlando Magic,Toronto Raptors,111,96
1038572,2024-03-17,2023,False,Washington Wizards,Boston Celtics,104,130
1038573,2024-03-17,2023,False,San Antonio Spurs,Brooklyn Nets,122,115
1038574,2024-03-17,2023,False,LA Clippers,Atlanta Hawks,93,110
1038575,2024-03-18,2023,False,Indiana Pacers,Cleveland Cavaliers,103,108
1038576,2024-03-18,2023,False,Boston Celtics,Detroit Pistons,119,94
1038577,2024-03-18,2023,False,Philadelphia 76ers,Miami Heat,98,91
1038578,2024-03-18,2023,False,Chicago Bulls,Portland Trail Blazers,110,107
1038579,2024-03-18,2023,False,Utah Jazz,Minnesota Timberwolves,104,114
1038580,2024-03-18,2023,False,Golden State Warriors,New York Knicks,112,119
1038581,2024-03-18,2023,False,Sacramento Kings,Memphis Grizzlies,121,111
1038582,2024-03-18,2023,False,Los Angeles Lakers,Atlanta Hawks,136,105
1038583,2024-03-19,2023,False,Orlando Magic,Charlotte Hornets,112,92
1038584,2024-03-19,2023,False,Washington Wizards,Houston Rockets,114,137
1038585,2024-03-19,2023,False,Brooklyn Nets,New Orleans Pelicans,91,104
1038586,2024-03-19,2023,False,San Antonio Spurs,Dallas Mavericks,107,113
1038587,2024-03-19,2023,False,Minnesota Timberwolves,Denver Nuggets,112,115
1038588,2024-03-20,2023,False,Cleveland Cavaliers,Miami Heat,104,107
1038589,2024-03-20,2023,False,Detroit Pistons,Indiana Pacers,103,122
1038590,2024-03-20,2023,False,Boston Celtics,Milwaukee Bucks,122,119
1038591,2024-03-20,2023,False,Toronto Raptors,Sacramento Kings,89,123
1038592,2024-03-20,2023,False,Oklahoma City Thunder,Utah Jazz,119,107
1038593,2024-03-20,2023,False,Golden State Warriors,Memphis Grizzlies,137,116
1038594,2024-03-20,2023,False,Phoenix Suns,Philadelphia 76ers,115,102
1038595,2024-03-20,2023,False,Portland Trail Blazers,LA Clippers,103,116
1038596,2024-03-21,2023,False,Orlando Magic,New Orleans Pelicans,121,106
1038597,2024-03-21,2023,False,Washington Wizards,Sacramento Kings,109,102
1038598,2024-03-21,2023,False,Houston Rockets,Chicago Bulls,127,117
1038599,2024-03-21,2023,False,Milwaukee Bucks,Brooklyn Nets,115,108
1038600,2024-03-21,2023,False,Dallas Mavericks,Utah Jazz,113,97
1038601,2024-03-21,2023,False,Denver Nuggets,New York Knicks,113,100
1038602,2024-03-21,2023,False,Phoenix Suns,Atlanta Hawks,128,115
1038603,2024-03-22,2023,False,Detroit Pistons,Boston Celtics,102,129
1038604,2024-03-22,2023,False,Toronto Raptors,Oklahoma City Thunder,103,123
1038605,2024-03-22,2023,False,Miami Heat,New Orleans Pelicans,88,111
1038606,2024-03-22,2023,False,Minnesota Timberwolves,Cleveland Cavaliers,104,91
1038607,2024-03-22,2023,False,San Antonio Spurs,Memphis Grizzlies,97,99
1038608,2024-03-22,2023,False,Golden State Warriors,Indiana Pacers,111,123
1038609,2024-03-22,2023,False,Portland Trail Blazers,LA Clippers,117,125
1038610,2024-03-22,2023,False,Los Angeles Lakers,Philadelphia 76ers,101,94
1038611,2024-03-23,2023,False,New York Knicks,Brooklyn Nets,105,93
1038612,2024-03-23,2023,False,Orlando Magic,Sacramento Kings,107,109
1038613,2024-03-23,2023,False,Atlanta Hawks,Charlotte Hornets,132,91
1038614,2024-03-23,2023,False,Washington Wizards,Toronto Raptors,112,109
1038615,2024-03-23,2023,False,Chicago Bulls,Boston Celtics,113,124
1038616,2024-03-23,2023,False,Houston Rockets,Utah Jazz,147,119
1038617,2024-03-23,2023,False,San Antonio Spurs,Phoenix Suns,106,131
1038618,2024-03-23,2023,False,Portland Trail Blazers,Denver Nuggets,111,114
1038619,2024-03-24,2023,False,Detroit Pistons,New Orleans Pelicans,101,114
1038620,2024-03-24,2023,False,LA Clippers,Philadelphia 76ers,107,121
1038621,2024-03-24,2023,False,Miami Heat,Cleveland Cavaliers,121,84
1038622,2024-03-24,2023,False,Milwaukee Bucks,Oklahoma City Thunder,118,93
1038623,2024-03-24,2023,False,Minnesota Timberwolves,Golden State Warriors,114,110
1038624,2024-03-24,2023,False,Los Angeles Lakers,Indiana Pacers,150,145
1038625,2024-03-25,2023,False,Cleveland Cavaliers,Charlotte Hornets,115,92
1038626,2024-03-25,2023,False,Atlanta Hawks,Boston Celtics,120,118
1038627,2024-03-25,2023,False,New York Knicks,Detroit Pistons,124,99
1038628,2024-03-25,2023,False,Toronto Raptors,Brooklyn Nets,88,96
1038629,2024-03-25,2023,False,Chicago Bulls,Washington Wizards,105,107
1038630,2024-03-25,2023,False,Houston Rockets,Portland Trail Blazers,110,92
1038631,2024-03-25,2023,False,San Antonio Spurs,Phoenix Suns,104,102
1038632,2024-03-25,2023,False,Denver Nuggets,Memphis Grizzlies,128,103
1038633,2024-03-25,2023,False,Utah Jazz,Dallas Mavericks,105,115
1038634,2024-03-25,2023,False,Sacramento Kings,Philadelphia 76ers,108,96
1038635,2024-03-25,2023,False,LA Clippers,Indiana Pacers,116,133
1038636,2024-03-26,2023,False,Miami Heat,Golden State Warriors,92,113
1038637,2024-03-26,2023,False,Milwaukee Bucks,Los Angeles Lakers,124,128
1038638,2024-03-26,2023,False,New Orleans Pelicans,Oklahoma City Thunder,112,119
1038639,2024-03-26,2023,False,Sacramento Kings,Dallas Mavericks,96,132
1038640,2024-03-27,2023,False,Charlotte Hornets,Cleveland Cavaliers,118,111
1038641,2024-03-27,2023,False,Orlando Magic,Golden State Warriors,93,101
1038642,2024-03-27,2023,False,Washington Wizards,Brooklyn Nets,119,122
1038643,2024-03-27,2023,False,Atlanta Hawks,Portland Trail Blazers,120,106
1038644,2024-03-27,2023,False,Philadelphia 76ers,LA Clippers,107,108
1038645,2024-03-27,2023,False,Toronto Raptors,New York Knicks,101,145
1038646,2024-03-27,2023,False,Chicago Bulls,Indiana Pacers,125,99
1038647,2024-03-27,2023,False,Memphis Grizzlies,Los Angeles Lakers,124,136
1038648,2024-03-27,2023,False,Minnesota Timberwolves,Detroit Pistons,106,91
1038649,2024-03-27,2023,False,Oklahoma City Thunder,Houston Rockets,126,132
1038650,2024-03-27,2023,False,Utah Jazz,San Antonio Spurs,111,118
1038651,2024-03-27,2023,False,Denver Nuggets,Phoenix Suns,97,104
1038652,2024-03-28,2023,False,Atlanta Hawks,Boston Celtics,123,122
1038653,2024-03-28,2023,False,New Orleans Pelicans,Milwaukee Bucks,107,100
1038654,2024-03-29,2023,False,Charlotte Hornets,Golden State Warriors,97,115
1038655,2024-03-29,2023,False,Indiana Pacers,Los Angeles Lakers,109,90
1038656,2024-03-29,2023,False,Orlando Magic,LA Clippers,97,100
1038657,2024-03-29,2023,False,Washington Wizards,Detroit Pistons,87,96
1038658,2024-03-29,2023,False,Brooklyn Nets,Chicago Bulls,125,108
1038659,2024-03-29,2023,False,Cleveland Cavaliers,Philadelphia 76ers,117,114
1038660,2024-03-29,2023,False,Miami Heat,Portland Trail Blazers,142,82
1038661,2024-03-29,2023,False,Oklahoma City Thunder,Phoenix Suns,128,103
1038662,2024-03-29,2023,False,San Antonio Spurs,New York Knicks,130,126
1038663,2024-03-29,2023,False,Denver Nuggets,Minnesota Timberwolves,98,111
1038664,2024-03-29,2023,False,Utah Jazz,Houston Rockets,100,101
1038665,2024-03-29,2023,False,Sacramento Kings,Dallas Mavericks,103,107
1038666,2024-03-30,2023,False,New Orleans Pelicans,Boston Celtics,92,104
1038667,2024-03-30,2023,False,Orlando Magic,Memphis Grizzlies,118,88
1038668,2024-03-30,2023,False,Atlanta Hawks,Milwaukee Bucks,113,122
1038669,2024-03-31,2023,False,Denver Nuggets,Cleveland Cavaliers,130,101
1038670,2024-03-31,2023,False,Brooklyn Nets,Los Angeles Lakers,104,116
1038671,2024-03-31,2023,False,Charlotte Hornets,LA Clippers,118,130
1038672,2024-03-31,2023,False,Toronto Raptors,Philadelphia 76ers,120,135
1038673,2024-03-31,2023,False,Washington Wizards,Miami Heat,107,119
1038674,2024-03-31,2023,False,New York Knicks,Oklahoma City Thunder,112,113
1038675,2024-03-31,2023,False,Houston Rockets,Dallas Mavericks,107,125
1038676,2024-03-31,2023,False,Minnesota Timberwolves,Chicago Bulls,101,109
1038677,2024-03-31,2023,False,San Antonio Spurs,Golden State Warriors,113,117
1038678,2024-03-31,2023,False,Sacramento Kings,Utah Jazz,127,106
1038679,2024-04-01,2023,False,Charlotte Hornets,Boston Celtics,104,118
1038680,2024-04-01,2023,False,Detroit Pistons,Memphis Grizzlies,108,110
1038681,2024-04-01,2023,False,Indiana Pacers,Brooklyn Nets,133,111
1038682,2024-04-01,2023,False,Orlando Magic,Portland Trail Blazers,104,103
1038683,2024-04-01,2023,False,Chicago Bulls,Atlanta Hawks,101,113
1038684,2024-04-01,2023,False,New Orleans Pelicans,Phoenix Suns,111,124
1038181,2024-04-02,2023,False,Golden State Warriors,Dallas Mavericks,104,100
1038685,2024-04-02,2023,False,Philadelphia 76ers,Oklahoma City Thunder,109,105
1038686,2024-04-02,2023,False,Toronto Raptors,Los Angeles Lakers,111,128
1038687,2024-04-02,2023,False,Washington Wizards,Milwaukee Bucks,117,113
1038688,2024-04-02,2023,False,Miami Heat,New York Knicks,109,99
1038690,2024-04-02,2023,False,Minnesota Timberwolves,Houston Rockets,113,106
1038691,2024-04-02,2023,False,Denver Nuggets,San Antonio Spurs,110,105
1038692,2024-04-02,2023,False,Utah Jazz,Cleveland Cavaliers,113,129
1038693,2024-04-02,2023,False,Sacramento Kings,LA Clippers,109,95
1038694,2024-04-03,2023,False,Charlotte Hornets,Portland Trail Blazers,86,89
1038695,2024-04-03,2023,False,Washington Wizards,Los Angeles Lakers,120,125
1038696,2024-04-03,2023,False,Atlanta Hawks,Detroit Pistons,121,113
1038697,2024-04-03,2023,False,Boston Celtics,Oklahoma City Thunder,135,100
1038698,2024-04-03,2023,False,Brooklyn Nets,Indiana Pacers,115,111
1038699,2024-04-03,2023,False,Milwaukee Bucks,Memphis Grizzlies,101,111
1038700,2024-04-03,2023,False,Minnesota Timberwolves,Toronto Raptors,133,85
1038701,2024-04-03,2023,False,New Orleans Pelicans,Orlando Magic,108,117
1038702,2024-04-03,2023,False,Phoenix Suns,Cleveland Cavaliers,122,101
1038703,2024-04-04,2023,False,Miami Heat,Philadelphia 76ers,105,109
1038704,2024-04-04,2023,False,New York Knicks,Sacramento Kings,120,109
1038705,2024-04-04,2023,False,Houston Rockets,Golden State Warriors,110,133
1038706,2024-04-04,2023,False,LA Clippers,Denver Nuggets,102,100
1038716,2024-04-04,2023,False,Dallas Mavericks,Atlanta Hawks,109,95
1038689,2024-04-05,2023,False,Dallas Mavericks,Golden State Warriors,108,106
1038707,2024-04-05,2023,False,Charlotte Hornets,Orlando Magic,124,115
1038708,2024-04-05,2023,False,Indiana Pacers,Oklahoma City Thunder,126,112
1038709,2024-04-05,2023,False,Washington Wizards,Portland Trail Blazers,102,108
1038710,2024-04-05,2023,False,Boston Celtics,Sacramento Kings,101,100
1038711,2024-04-05,2023,False,Chicago Bulls,New York Knicks,108,100
1038712,2024-04-05,2023,False,Houston Rockets,Miami Heat,104,119
1038713,2024-04-05,2023,False,Memphis Grizzlies,Detroit Pistons,108,90
1038714,2024-04-05,2023,False,Milwaukee Bucks,Toronto Raptors,111,117
1038715,2024-04-05,2023,False,New Orleans Pelicans,San Antonio Spurs,109,111
1038717,2024-04-05,2023,False,Phoenix Suns,Minnesota Timberwolves,97,87
1038718,2024-04-05,2023,False,LA Clippers,Utah Jazz,131,102
1038719,2024-04-06,2023,False,Los Angeles Lakers,Cleveland Cavaliers,116,97
1038720,2024-04-06,2023,False,Brooklyn Nets,Detroit Pistons,113,103
1038721,2024-04-06,2023,False,Memphis Grizzlies,Philadelphia 76ers,96,116
1038722,2024-04-06,2023,False,Denver Nuggets,Atlanta Hawks,142,110
1038723,2024-04-07,2023,False,Dallas Mavericks,Houston Rockets,147,136
1038724,2024-04-07,2023,False,LA Clippers,Cleveland Cavaliers,120,118
1038725,2024-04-07,2023,False,Indiana Pacers,Miami Heat,117,115
1038726,2024-04-07,2023,False,Boston Celtics,Portland Trail Blazers,124,107
1038727,2024-04-07,2023,False,Charlotte Hornets,Oklahoma City Thunder,118,121
1038728,2024-04-07,2023,False,Orlando Magic,Chicago Bulls,113,98
1038729,2024-04-07,2023,False,Toronto Raptors,Washington Wizards,130,122
1038730,2024-04-07,2023,False,Phoenix Suns,New Orleans Pelicans,105,113
1038731,2024-04-07,2023,False,Milwaukee Bucks,New York Knicks,109,122
1038732,2024-04-07,2023,False,San Antonio Spurs,Philadelphia 76ers,126,133
1038733,2024-04-07,2023,False,Brooklyn Nets,Sacramento Kings,77,107
1038734,2024-04-07,2023,False,Golden State Warriors,Utah Jazz,118,110
1038735,2024-04-07,2023,False,Los Angeles Lakers,Minnesota Timberwolves,117,127
1038736,2024-04-09,2023,False,Charlotte Hornets,Dallas Mavericks,104,130
1038737,2024-04-09,2023,False,Philadelphia 76ers,Detroit Pistons,120,102
1038738,2024-04-09,2023,False,Toronto Raptors,Indiana Pacers,123,140
1038739,2024-04-09,2023,False,Atlanta Hawks,Miami Heat,111,117
1038740,2024-04-09,2023,False,Milwaukee Bucks,Boston Celtics,104,91
1038741,2024-04-09,2023,False,Chicago Bulls,New York Knicks,117,128
1038742,2024-04-09,2023,False,Houston Rockets,Orlando Magic,118,106
1038743,2024-04-09,2023,False,Memphis Grizzlies,San Antonio Spurs,87,102
1038744,2024-04-09,2023,False,Minnesota Timberwolves,Washington Wizards,130,121
1038745,2024-04-09,2023,False,Oklahoma City Thunder,Sacramento Kings,112,105
1038746,2024-04-09,2023,False,Utah Jazz,Denver Nuggets,95,111
1038747,2024-04-09,2023,False,Los Angeles Lakers,Golden State Warriors,120,134
1038748,2024-04-09,2023,False,Phoenix Suns,LA Clippers,92,105
1038749,2024-04-09,2023,False,Portland Trail Blazers,New Orleans Pelicans,100,110
1038750,2024-04-10,2023,False,Cleveland Cavaliers,Memphis Grizzlies,110,98
1038751,2024-04-10,2023,False,Atlanta Hawks,Charlotte Hornets,114,115
1038752,2024-04-10,2023,False,Brooklyn Nets,Toronto Raptors,106,102
1038753,2024-04-10,2023,False,Miami Heat,Dallas Mavericks,92,111
1038754,2024-04-10,2023,False,Milwaukee Bucks,Orlando Magic,117,99
1038755,2024-04-10,2023,False,Oklahoma City Thunder,San Antonio Spurs,127,89
1038756,2024-04-10,2023,False,Denver Nuggets,Minnesota Timberwolves,116,107
1038757,2024-04-10,2023,False,LA Clippers,Phoenix Suns,108,124
1038758,2024-04-11,2023,False,Detroit Pistons,Chicago Bulls,105,127
1038759,2024-04-11,2023,False,Boston Celtics,New York Knicks,109,118
1038760,2024-04-11,2023,False,Utah Jazz,Houston Rockets,124,121
1038761,2024-04-11,2023,False,Portland Trail Blazers,Golden State Warriors,92,100
1038762,2024-04-11,2023,False,Sacramento Kings,New Orleans Pelicans,123,135
1038763,2024-04-12,2023,False,Philadelphia 76ers,Orlando Magic,125,113
1038764,2024-04-12,2023,False,Washington Wizards,Chicago Bulls,127,129
1038765,2024-04-12,2023,False,Boston Celtics,Charlotte Hornets,131,98
1038766,2024-04-12,2023,False,Cleveland Cavaliers,Indiana Pacers,129,120
1038767,2024-04-12,2023,False,New York Knicks,Brooklyn Nets,111,107
1038768,2024-04-12,2023,False,Miami Heat,Toronto Raptors,125,103
1038769,2024-04-12,2023,False,Memphis Grizzlies,Los Angeles Lakers,120,123
1038770,2024-04-12,2023,False,Minnesota Timberwolves,Atlanta Hawks,109,106
1038771,2024-04-12,2023,False,Oklahoma City Thunder,Milwaukee Bucks,125,107
1038772,2024-04-12,2023,False,San Antonio Spurs,Denver Nuggets,121,120
1038773,2024-04-12,2023,False,Dallas Mavericks,Detroit Pistons,89,107
1038774,2024-04-12,2023,False,Golden State Warriors,New Orleans Pelicans,109,114
1038775,2024-04-12,2023,False,Portland Trail Blazers,Houston Rockets,107,116
1038776,2024-04-12,2023,False,LA Clippers,Utah Jazz,109,110
1038777,2024-04-12,2023,False,Sacramento Kings,Phoenix Suns,107,108
1038778,2024-04-14,2023,False,Boston Celtics,Washington Wizards,132,122
1038779,2024-04-14,2023,False,Cleveland Cavaliers,Charlotte Hornets,110,120
1038780,2024-04-14,2023,False,Indiana Pacers,Atlanta Hawks,157,115
1038781,2024-04-14,2023,False,Miami Heat,Toronto Raptors,118,103
1038782,2024-04-14,2023,False,New York Knicks,Chicago Bulls,120,119
1038783,2024-04-14,2023,False,Orlando Magic,Milwaukee Bucks,113,88
1038784,2024-04-14,2023,False,Philadelphia 76ers,Brooklyn Nets,107,86
1038785,2024-04-14,2023,False,Memphis Grizzlies,Denver Nuggets,111,126
1038786,2024-04-14,2023,False,Minnesota Timberwolves,Phoenix Suns,106,125
1038787,2024-04-14,2023,False,New Orleans Pelicans,Los Angeles Lakers,108,124
1038788,2024-04-14,2023,False,Oklahoma City Thunder,Dallas Mavericks,135,86
1038789,2024-04-14,2023,False,San Antonio Spurs,Detroit Pistons,123,95
1038790,2024-04-14,2023,False,Golden State Warriors,Utah Jazz,123,116
1038791,2024-04-14,2023,False,LA Clippers,Houston Rockets,105,116
1038792,2024-04-14,2023,False,Sacramento Kings,Portland Trail Blazers,121,82
15881955,2024-04-16,2023,False,New Orleans Pelicans,Los Angeles Lakers,106,110
15881956,2024-04-16,2023,False,Sacramento Kings,Golden State Warriors,118,94
15881512,2024-04-17,2023,False,Chicago Bulls,Atlanta Hawks,131,116
15881938,2024-04-17,2023,False,Philadelphia 76ers,Miami Heat,105,104
15882388,2024-04-19,2023,False,New Orleans Pelicans,Sacramento Kings,105,98
15883285,2024-04-19,2023,False,Miami Heat,Chicago Bulls,112,91
15881959,2024-04-20,2023,True,Cleveland Cavaliers,Orlando Magic,97,83
15881960,2024-04-20,2023,True,Minnesota Timberwolves,Phoenix Suns,120,95
15882375,2024-04-20,2023,True,Denver Nuggets,Los Angeles Lakers,114,103
15883156,2024-04-20,2023,True,New York Knicks,Philadelphia 76ers,111,104
15881961,2024-04-21,2023,True,Milwaukee Bucks,Indiana Pacers,109,94
15881962,2024-04-21,2023,True,LA Clippers,Dallas Mavericks,109,97
15885226,2024-04-21,2023,True,Boston Celtics,Miami Heat,114,94
15885376,2024-04-21,2023,True,Oklahoma City Thunder,New Orleans Pelicans,94,92
15882402,2024-04-22,2023,True,Cleveland Cavaliers,Orlando Magic,96,86
15882403,2024-04-22,2023,True,Denver Nuggets,Los Angeles Lakers,101,99
15883162,2024-04-22,2023,True,New York Knicks,Philadelphia 76ers,104,101
15882404,2024-04-23,2023,True,Milwaukee Bucks,Indiana Pacers,108,125
15882405,2024-04-23,2023,True,Minnesota Timberwolves,Phoenix Suns,105,93
15882406,2024-04-23,2023,True,LA Clippers,Dallas Mavericks,93,96
15885235,2024-04-24,2023,True,Boston Celtics,Miami Heat,101,111
15885385,2024-04-24,2023,True,Oklahoma City Thunder,New Orleans Pelicans,124,92
15882407,2024-04-25,2023,True,Orlando Magic,Cleveland Cavaliers,121,83
15882408,2024-04-25,2023,True,Los Angeles Lakers,Denver Nuggets,105,112
15883168,2024-04-25,2023,True,Philadelphia 76ers,New York Knicks,125,114
15882409,2024-04-26,2023,True,Indiana Pacers,Milwaukee Bucks,121,118
15882410,2024-04-26,2023,True,Phoenix Suns,Minnesota Timberwolves,109,126
15882411,2024-04-26,2023,True,Dallas Mavericks,LA Clippers,101,90
15882412,2024-04-27,2023,True,Orlando Magic,Cleveland Cavaliers,112,89
15882413,2024-04-27,2023,True,Los Angeles Lakers,Denver Nuggets,119,108
15885242,2024-04-27,2023,True,Miami Heat,Boston Celtics,84,104
15885394,2024-04-27,2023,True,New Orleans Pelicans,Oklahoma City Thunder,85,106
15882414,2024-04-28,2023,True,Indiana Pacers,Milwaukee Bucks,126,113
15882415,2024-04-28,2023,True,Phoenix Suns,Minnesota Timberwolves,116,122
15882416,2024-04-28,2023,True,Dallas Mavericks,LA Clippers,111,116
15883176,2024-04-28,2023,True,Philadelphia 76ers,New York Knicks,92,97
15882417,2024-04-29,2023,True,Denver Nuggets,Los Angeles Lakers,108,106
15885249,2024-04-29,2023,True,Miami Heat,Boston Celtics,88,102
15885401,2024-04-29,2023,True,New Orleans Pelicans,Oklahoma City Thunder,89,97
15882418,2024-04-30,2023,True,Milwaukee Bucks,Indiana Pacers,115,92
15882419,2024-04-30,2023,True,Cleveland Cavaliers,Orlando Magic,104,103
15883181,2024-04-30,2023,True,New York Knicks,Philadelphia 76ers,106,112
15882421,2024-05-01,2023,True,LA Clippers,Dallas Mavericks,93,123
15885255,2024-05-01,2023,True,Boston Celtics,Miami Heat,118,84
15882422,2024-05-02,2023,True,Indiana Pacers,Milwaukee Bucks,120,98
15883186,2024-05-02,2023,True,Philadelphia 76ers,New York Knicks,115,118
15882425,2024-05-03,2023,True,Orlando Magic,Cleveland Cavaliers,103,96
15882426,2024-05-03,2023,True,Dallas Mavericks,LA Clippers,114,101
15895038,2024-05-04,2023,True,Denver Nuggets,Minnesota Timberwolves,99,106
15882430,2024-05-05,2023,True,Cleveland Cavaliers,Orlando Magic,106,94
15895042,2024-05-06,2023,True,Denver Nuggets,Minnesota Timberwolves,80,106
15896341,2024-05-06,2023,True,New York Knicks,Indiana Pacers,121,117
15896732,2024-05-07,2023,True,Oklahoma City Thunder,Dallas Mavericks,117,95
15897590,2024-05-07,2023,True,Boston Celtics,Cleveland Cavaliers,120,95
15896343,2024-05-08,2023,True,New York Knicks,Indiana Pacers,130,121
15896734,2024-05-09,2023,True,Oklahoma City Thunder,Dallas Mavericks,110,119
15897593,2024-05-09,2023,True,Boston Celtics,Cleveland Cavaliers,94,118
15895043,2024-05-10,2023,True,Minnesota Timberwolves,Denver Nuggets,90,117
15896344,2024-05-10,2023,True,Indiana Pacers,New York Knicks,111,106
15896737,2024-05-11,2023,True,Dallas Mavericks,Oklahoma City Thunder,105,101
15897597,2024-05-11,2023,True,Cleveland Cavaliers,Boston Celtics,93,106
15895044,2024-05-12,2023,True,Minnesota Timberwolves,Denver Nuggets,107,115
15896346,2024-05-12,2023,True,Indiana Pacers,New York Knicks,121,89
15896740,2024-05-13,2023,True,Dallas Mavericks,Oklahoma City Thunder,96,100
15897601,2024-05-13,2023,True,Cleveland Cavaliers,Boston Celtics,102,109
15895045,2024-05-14,2023,True,Denver Nuggets,Minnesota Timberwolves,112,97
15896618,2024-05-14,2023,True,New York Knicks,Indiana Pacers,121,91
15896743,2024-05-15,2023,True,Oklahoma City Thunder,Dallas Mavericks,92,104
15897605,2024-05-15,2023,True,Boston Celtics,Cleveland Cavaliers,113,98
15895046,2024-05-16,2023,True,Minnesota Timberwolves,Denver Nuggets,115,70
15896621,2024-05-17,2023,True,Indiana Pacers,New York Knicks,116,103
15896746,2024-05-18,2023,True,Dallas Mavericks,Oklahoma City Thunder,117,116
15895047,2024-05-19,2023,True,Denver Nuggets,Minnesota Timberwolves,90,98
15896622,2024-05-19,2023,True,New York Knicks,Indiana Pacers,109,130
15902612,2024-05-21,2023,True,Boston Celtics,Indiana Pacers,133,128
15902644,2024-05-22,2023,True,Minnesota Timberwolves,Dallas Mavericks,105,108
15902613,2024-05-23,2023,True,Boston Celtics,Indiana Pacers,126,110
15902646,2024-05-24,2023,True,Minnesota Timberwolves,Dallas Mavericks,108,109
15902614,2024-05-25,2023,True,Indiana Pacers,Boston Celtics,111,114
15902648,2024-05-26,2023,True,Dallas Mavericks,Minnesota Timberwolves,116,107
15902615,2024-05-27,2023,True,Indiana Pacers,Boston Celtics,102,105
15902650,2024-05-28,2023,True,Dallas Mavericks,Minnesota Timberwolves,100,105
15902652,2024-05-30,2023,True,Minnesota Timberwolves,Dallas Mavericks,103,124
15905063,2024-06-06,2023,True,Boston Celtics,Dallas Mavericks,107,89
15905064,2024-06-09,2023,True,Boston Celtics,Dallas Mavericks,105,98
15905065,2024-06-12,2023,True,Dallas Mavericks,Boston Celtics,99,106
15905066,2024-06-14,2023,True,Dallas Mavericks,Boston Celtics,122,84
15905067,2024-06-17,2023,True,Boston Celtics,Dallas Mavericks,106,88
